timestamp,pred_h1,act_h1,pred_h2,act_h2,pred_h3,act_h3,pred_h4,act_h4,pred_h5,act_h5,pred_h6,act_h6
2017-04-23 10:40:00,21720.744140625,20781.74905,21743.71875,20666.1597,21716.28125,20781.74905,21633.0859375,20891.25475,21296.041015625,20927.75665,21584.55859375,21006.84411
2017-04-23 10:50:00,21690.888671875,20666.1597,21720.81640625,20781.74905,21703.841796875,20891.25475,21618.072265625,20927.75665,21295.16015625,21006.84411,21580.30078125,21304.94297
2017-04-23 11:00:00,21569.87890625,20781.74905,21636.015625,20891.25475,21620.033203125,20927.75665,21545.607421875,21006.84411,21229.1953125,21304.94297,21538.0546875,22034.98099
2017-04-23 11:10:00,21505.259765625,20891.25475,21540.921875,20927.75665,21551.0625,21006.84411,21468.392578125,21304.94297,21195.4296875,22034.98099,21483.1953125,21797.71863
2017-04-23 11:20:00,21410.73046875,20927.75665,21451.3203125,21006.84411,21461.841796875,21304.94297,21391.365234375,22034.98099,21120.49609375,21797.71863,21439.939453125,21463.11787
2017-04-23 11:30:00,21345.896484375,21006.84411,21374.1796875,21304.94297,21403.4765625,22034.98099,21344.15625,21797.71863,21119.3359375,21463.11787,21435.0078125,21377.94677
2017-04-23 11:40:00,21267.884765625,21304.94297,21276.205078125,22034.98099,21330.71875,21797.71863,21313.638671875,21463.11787,21048.2890625,21377.94677,21389.37109375,21165.01901
2017-04-23 11:50:00,21169.458984375,22034.98099,21167.775390625,21797.71863,21245.416015625,21463.11787,21227.1171875,21377.94677,21011.0078125,21165.01901,21354.974609375,20739.1635
2017-04-23 12:00:00,21128.8984375,21797.71863,21117.68359375,21463.11787,21205.306640625,21377.94677,21211.380859375,21165.01901,21014.615234375,20739.1635,21366.634765625,19631.93916
2017-04-23 12:10:00,21152.396484375,21463.11787,21129.171875,21377.94677,21233.169921875,21165.01901,21246.888671875,20739.1635,21085.337890625,19631.93916,21429.63671875,18500.38023
2017-04-23 12:20:00,21123.99609375,21377.94677,21087.41015625,21165.01901,21199.21484375,20739.1635,21221.685546875,19631.93916,21031.005859375,18500.38023,21436.283203125,18184.03042
2017-04-23 12:30:00,21056.91796875,21165.01901,21021.65625,20739.1635,21150.974609375,19631.93916,21214.19140625,18500.38023,21027.7890625,18184.03042,21444.8671875,17624.3346
2017-04-23 12:40:00,21112.509765625,20739.1635,21095.546875,19631.93916,21229.89453125,18500.38023,21345.939453125,18184.03042,21202.779296875,17624.3346,21628.076171875,17709.5057
2017-04-23 12:50:00,21178.63671875,19631.93916,21150.501953125,18500.38023,21306.013671875,18184.03042,21473.466796875,17624.3346,21357.361328125,17709.5057,21810.4375,17922.43346
2017-04-23 13:00:00,21143.439453125,18500.38023,21158.138671875,18184.03042,21298.98046875,17624.3346,21472.74609375,17709.5057,21362.13671875,17922.43346,21885.861328125,17910.26616
2017-04-23 13:10:00,21205.130859375,18184.03042,21252.26171875,17624.3346,21426.50390625,17709.5057,21622.515625,17922.43346,21515.119140625,17910.26616,22074.7734375,18098.85932
2017-04-23 13:20:00,21247.3515625,17624.3346,21284.482421875,17709.5057,21505.578125,17922.43346,21726.056640625,17910.26616,21660.779296875,18098.85932,22248.47265625,18494.29658
2017-04-23 13:30:00,21311.5390625,17709.5057,21373.529296875,17922.43346,21622.9296875,17910.26616,21857.046875,18098.85932,21807.857421875,18494.29658,22404.2890625,18883.65019
2017-04-23 13:40:00,21397.966796875,17922.43346,21470.10546875,17910.26616,21747.5390625,18098.85932,21983.984375,18494.29658,21969.376953125,18883.65019,22570.50390625,19133.07985
2017-04-23 13:50:00,21677.58984375,17910.26616,21752.87890625,18098.85932,22070.35546875,18494.29658,22306.755859375,18883.65019,22291.337890625,19133.07985,22912.125,19704.94297
2017-04-23 14:00:00,21750.85546875,18098.85932,21838.5859375,18494.29658,22171.34765625,18883.65019,22436.28515625,19133.07985,22450.015625,19704.94297,23082.021484375,20057.79468
2017-04-23 14:10:00,22053.833984375,18494.29658,22179.125,18883.65019,22540.8671875,19133.07985,22810.56640625,19704.94297,22871.234375,20057.79468,23479.125,20495.81749
2017-04-23 14:20:00,22301.693359375,18883.65019,22447.1171875,19133.07985,22795.341796875,19704.94297,23041.39453125,20057.79468,23168.38671875,20495.81749,23744.46484375,20897.3384
2017-04-23 14:30:00,22568.888671875,19133.07985,22728.666015625,19704.94297,23087.41015625,20057.79468,23354.28125,20495.81749,23491.83984375,20897.3384,24034.052734375,21542.20532
2017-04-23 14:40:00,22903.865234375,19704.94297,23081.88671875,20057.79468,23443.7109375,20495.81749,23729.001953125,20897.3384,23924.580078125,21542.20532,24442.998046875,22059.31559
2017-04-23 14:50:00,23377.85546875,20057.79468,23594.376953125,20495.81749,23946.720703125,20897.3384,24258.2734375,21542.20532,24509.34765625,22059.31559,24956.84375,22558.1749
2017-04-23 15:00:00,23774.439453125,20495.81749,24037.3515625,20897.3384,24347.853515625,21542.20532,24676.412109375,22059.31559,24977.328125,22558.1749,25394.54296875,23196.95817
2017-04-23 15:10:00,24261.85546875,20897.3384,24541.43359375,21542.20532,24860.162109375,22059.31559,25185.74609375,22558.1749,25476.8515625,23196.95817,25878.251953125,23780.98859
2017-04-23 15:20:00,24745.44140625,21542.20532,25073.826171875,22059.31559,25372.484375,22558.1749,25676.357421875,23196.95817,25964.212890625,23780.98859,26302.40625,24091.25475
2017-04-23 15:30:00,25273.2421875,22059.31559,25612.21484375,22558.1749,25895.04296875,23196.95817,26196.109375,23780.98859,26467.80078125,24091.25475,26792.595703125,24717.87072
2017-04-23 15:40:00,25744.8515625,22558.1749,26143.16796875,23196.95817,26387.904296875,23780.98859,26690.63671875,24091.25475,26953.138671875,24717.87072,27224.3984375,25143.72624
2017-04-23 15:50:00,26189.37109375,23196.95817,26569.16015625,23780.98859,26783.125,24091.25475,27084.3671875,24717.87072,27313.224609375,25143.72624,27565.521484375,25770.34221
2017-04-23 16:00:00,26711.1796875,23780.98859,27130.240234375,24091.25475,27294.603515625,24717.87072,27608.732421875,25143.72624,27797.06640625,25770.34221,28021.04296875,25922.43346
2017-04-23 16:10:00,27186.556640625,24091.25475,27581.001953125,24717.87072,27732.609375,25143.72624,28025.759765625,25770.34221,28177.638671875,25922.43346,28361.578125,26372.62357
2017-04-23 16:20:00,27704.390625,24717.87072,28114.056640625,25143.72624,28195.21484375,25770.34221,28495.791015625,25922.43346,28603.978515625,26372.62357,28743.880859375,26488.21293
2017-04-23 16:30:00,27973.69140625,25143.72624,28336.11328125,25770.34221,28411.02734375,25922.43346,28662.037109375,26372.62357,28732.11328125,26488.21293,28849.427734375,26901.90114
2017-04-23 16:40:00,28426.83203125,25770.34221,28757.78125,25922.43346,28862.24609375,26372.62357,29082.154296875,26488.21293,29111.365234375,26901.90114,29178.4921875,27053.9924
2017-04-23 16:50:00,28792.17578125,25922.43346,29115.865234375,26372.62357,29185.158203125,26488.21293,29363.501953125,26901.90114,29364.939453125,27053.9924,29418.080078125,27266.92015
2017-04-23 17:00:00,29135.912109375,26372.62357,29447.958984375,26488.21293,29488.130859375,26901.90114,29666.3046875,27053.9924,29651.740234375,27266.92015,29645.21875,27680.60837
2017-04-23 17:10:00,29423.30078125,26488.21293,29720.421875,26901.90114,29740.263671875,27053.9924,29854.177734375,27266.92015,29796.908203125,27680.60837,29778.583984375,27802.28137
2017-04-23 17:20:00,29792.662109375,26901.90114,30044.583984375,27053.9924,30038.697265625,27266.92015,30133.46484375,27680.60837,30081.669921875,27802.28137,30008.4140625,27875.28517
2017-04-23 17:30:00,29854.595703125,27053.9924,30105.13671875,27266.92015,30045.63671875,27680.60837,30130.2265625,27802.28137,30052.412109375,27875.28517,29961.875,27826.61597
2017-04-23 17:40:00,29976.255859375,27266.92015,30176.48046875,27680.60837,30074.662109375,27802.28137,30174.185546875,27875.28517,30091.34765625,27826.61597,29960.994140625,28057.79468
2017-04-23 17:50:00,30015.6796875,27680.60837,30173.623046875,27802.28137,30024.00390625,27875.28517,30116.501953125,27826.61597,30030.126953125,28057.79468,29880.5546875,28088.21293
2017-04-23 18:00:00,30114.890625,27802.28137,30247.787109375,27875.28517,30063.404296875,27826.61597,30149.802734375,28057.79468,30088.345703125,28088.21293,29910.3828125,28264.63878
2017-04-23 18:10:00,30091.515625,27875.28517,30187.744140625,27826.61597,29989.619140625,28057.79468,30068.798828125,28088.21293,30002.447265625,28264.63878,29811.53515625,28319.39163
2017-04-23 18:20:00,30001.029296875,27826.61597,30070.93359375,28057.79468,29810.478515625,28088.21293,29902.296875,28264.63878,29871.5078125,28319.39163,29632.591796875,28094.29658
2017-04-23 18:30:00,30027.888671875,28057.79468,30028.87890625,28088.21293,29798.45703125,28264.63878,29859.78125,28319.39163,29808.759765625,28094.29658,29590.138671875,27887.45247
2017-04-23 18:40:00,29979.197265625,28088.21293,29971.072265625,28264.63878,29700.916015625,28319.39163,29742.974609375,28094.29658,29737.341796875,27887.45247,29488.58984375,27771.86312
2017-04-23 18:50:00,29989.490234375,28264.63878,29932.82421875,28319.39163,29676.984375,28094.29658,29702.634765625,27887.45247,29685.826171875,27771.86312,29439.923828125,27589.35361
2017-04-23 19:00:00,29945.630859375,28319.39163,29853.61328125,28094.29658,29566.041015625,27887.45247,29582.890625,27771.86312,29587.353515625,27589.35361,29322.25,27753.61217
2017-04-23 19:10:00,29974.74609375,28094.29658,29847.19921875,27887.45247,29587.080078125,27771.86312,29549.708984375,27589.35361,29552.845703125,27753.61217,29295.931640625,27857.03422
2017-04-23 19:20:00,29880.884765625,27887.45247,29743.505859375,27771.86312,29459.41796875,27589.35361,29396.931640625,27753.61217,29451.279296875,27857.03422,29169.5234375,28094.29658
2017-04-23 19:30:00,29916.259765625,27771.86312,29755.033203125,27589.35361,29473.197265625,27753.61217,29392.431640625,27857.03422,29428.515625,28094.29658,29156.578125,27978.70722
2017-04-23 19:40:00,29770.55859375,27589.35361,29580.65234375,27753.61217,29273.685546875,27857.03422,29157.298828125,28094.29658,29227.72265625,27978.70722,28936.71875,27820.53232
2017-04-23 19:50:00,29733.326171875,27753.61217,29501.6328125,27857.03422,29208.314453125,28094.29658,29050.47265625,27978.70722,29119.232421875,27820.53232,28832.92578125,27820.53232
2017-04-23 20:00:00,29542.048828125,27857.03422,29286.49609375,28094.29658,28990.73046875,27978.70722,28803.056640625,27820.53232,28893.794921875,27820.53232,28600.404296875,27954.37262
2017-04-23 20:10:00,29384.275390625,28094.29658,29116.623046875,27978.70722,28811.580078125,27820.53232,28584.16796875,27820.53232,28689.51953125,27954.37262,28398.384765625,27777.94677
2017-04-23 20:20:00,29255.7421875,27978.70722,28968.5078125,27820.53232,28656.16015625,27820.53232,28400.359375,27954.37262,28516.78125,27777.94677,28249.697265625,27273.0038
2017-04-23 20:30:00,29199.013671875,27820.53232,28920.314453125,27820.53232,28618.033203125,27954.37262,28352.484375,27777.94677,28465.34765625,27273.0038,28241.095703125,26993.15589
2017-04-23 20:40:00,29118.220703125,27820.53232,28841.232421875,27954.37262,28561.291015625,27777.94677,28296.74609375,27273.0038,28392.525390625,26993.15589,28238.935546875,27236.5019
2017-04-23 20:50:00,29016.41796875,27954.37262,28728.17578125,27777.94677,28460.638671875,27273.0038,28219.8515625,26993.15589,28324.966796875,27236.5019,28175.07421875,26999.23954
2017-04-23 21:00:00,28857.43359375,27777.94677,28590.810546875,27273.0038,28344.419921875,26993.15589,28109.703125,27236.5019,28207.939453125,26999.23954,28117.8828125,27060.07605
2017-04-23 21:10:00,28699.755859375,27273.0038,28440.54296875,26993.15589,28206.619140625,27236.5019,27999.20703125,26999.23954,28103.685546875,27060.07605,28023.64453125,27017.49049
2017-04-23 21:20:00,28587.37109375,26993.15589,28368.50390625,27236.5019,28171.712890625,26999.23954,27983.03125,27060.07605,28098.802734375,27017.49049,28049.138671875,26950.57034
2017-04-23 21:30:00,28589.931640625,27236.5019,28347.755859375,26999.23954,28172.767578125,27060.07605,27968.46484375,27017.49049,28094.3828125,26950.57034,28064.142578125,26920.15209
2017-04-23 21:40:00,28528.39453125,26999.23954,28364.232421875,27060.07605,28232.375,27017.49049,28051.533203125,26950.57034,28184.658203125,26920.15209,28240.87890625,26993.15589
2017-04-23 21:50:00,28597.3203125,27060.07605,28426.95703125,27017.49049,28315.796875,26950.57034,28155.646484375,26920.15209,28287.4921875,26993.15589,28377.177734375,27187.8327
2017-04-23 22:00:00,28529.576171875,27017.49049,28395.888671875,26950.57034,28299.3125,26920.15209,28213.544921875,26993.15589,28394.412109375,27187.8327,28532.869140625,27796.19772
2017-04-23 22:10:00,28730.24609375,26950.57034,28595.94921875,26920.15209,28530.537109375,26993.15589,28464.0078125,27187.8327,28641.599609375,27796.19772,28814.302734375,28149.04943
2017-04-23 22:20:00,28840.60546875,26920.15209,28775.69140625,26993.15589,28750.2265625,27187.8327,28785.533203125,27796.19772,28998.39453125,28149.04943,29209.255859375,28982.50951
2017-04-23 22:30:00,29059.42578125,26993.15589,29001.140625,27187.8327,29028.458984375,27796.19772,29123.1875,28149.04943,29326.28125,28982.50951,29550.4765625,30789.35361
2017-04-23 22:40:00,29234.85546875,27187.8327,29235.517578125,27796.19772,29342.5703125,28149.04943,29526.513671875,28982.50951,29793.720703125,30789.35361,30034.171875,33746.0076
2017-04-23 22:50:00,29354.111328125,27796.19772,29351.79296875,28149.04943,29497.853515625,28982.50951,29654.427734375,30789.35361,29938.470703125,33746.0076,30174.748046875,35899.61977
2017-04-23 23:00:00,29712.51953125,28149.04943,29848.451171875,28982.50951,30081.294921875,30789.35361,30313.30078125,33746.0076,30669.69921875,35899.61977,30978.17578125,36587.07224
2017-04-23 23:10:00,30350.71484375,28982.50951,30536.345703125,30789.35361,30820.271484375,33746.0076,31063.994140625,35899.61977,31420.32421875,36587.07224,31796.2578125,36793.91635
2017-04-23 23:20:00,31052.8203125,30789.35361,31398.54296875,33746.0076,31768.248046875,35899.61977,32126.037109375,36587.07224,32485.951171875,36793.91635,32932.21875,36696.57795
2017-04-23 23:30:00,31712.732421875,33746.0076,32032.537109375,35899.61977,32415.37109375,36587.07224,32786.72265625,36793.91635,33078.9921875,36696.57795,33524.41796875,36507.98479
2017-04-23 23:40:00,32624.24609375,35899.61977,32997.5859375,36587.07224,33400.85546875,36793.91635,33771.015625,36696.57795,34005.5234375,36507.98479,34414.26171875,36489.73384
2017-04-23 23:50:00,33670.98046875,36587.07224,34015.49609375,36793.91635,34390.17578125,36696.57795,34696.84765625,36507.98479,34820.8125,36489.73384,35164.2265625,36708.74525
2017-04-24 00:00:00,34853.1640625,36793.91635,35250.63671875,36696.57795,35602.8203125,36507.98479,35800.55859375,36489.73384,35871.8046875,36708.74525,36085.38671875,36842.58555
2017-04-24 00:10:00,35635.04296875,36696.57795,35987.234375,36507.98479,36278.20703125,36489.73384,36325.72265625,36708.74525,36359.90625,36842.58555,36422.921875,37006.84411
2017-04-24 00:20:00,36141.1171875,36507.98479,36495.73828125,36489.73384,36736.79296875,36708.74525,36704.453125,36842.58555,36728.64453125,37006.84411,36653.87109375,37426.61597
2017-04-24 00:30:00,36383.88671875,36489.73384,36682.3984375,36708.74525,36853.2109375,36842.58555,36765.75390625,37006.84411,36777.55859375,37426.61597,36597.58203125,37742.96578
2017-04-24 00:40:00,36627.7890625,36708.74525,36939.04296875,36842.58555,37069.36328125,37006.84411,36941.71484375,37426.61597,36956.3828125,37742.96578,36719.36328125,37907.22433
2017-04-24 00:50:00,36661.06640625,36842.58555,36890.66015625,37006.84411,36979.65234375,37426.61597,36844.890625,37742.96578,36835.25,37907.22433,36533.3671875,37858.55513
2017-04-24 01:00:00,36834.97265625,37006.84411,37018.15625,37426.61597,37065.21875,37742.96578,36909.36328125,37907.22433,36873.5625,37858.55513,36517.34375,37749.04943
2017-04-24 01:10:00,36927.66015625,37426.61597,37057.19140625,37742.96578,37083.3515625,37907.22433,36902.9765625,37858.55513,36870.84375,37749.04943,36460.98046875,37742.96578
2017-04-24 01:20:00,36998.26953125,37742.96578,37073.4765625,37907.22433,37046.80859375,37858.55513,36875.79296875,37749.04943,36846.828125,37742.96578,36404.515625,37828.13688
2017-04-24 01:30:00,37030.07421875,37907.22433,37053.703125,37858.55513,36988.10546875,37749.04943,36805.3203125,37742.96578,36785.4921875,37828.13688,36303.625,37846.38783
2017-04-24 01:40:00,37077.9609375,37858.55513,37091.53125,37749.04943,36971.56640625,37742.96578,36766.015625,37828.13688,36770.5234375,37846.38783,36315.38671875,37609.12548
2017-04-24 01:50:00,37102.58984375,37749.04943,37075.1015625,37742.96578,36912.07421875,37828.13688,36687.0625,37846.38783,36666.80859375,37609.12548,36201.95703125,37396.19772
2017-04-24 02:00:00,37147.46484375,37742.96578,37096.46875,37828.13688,36911.515625,37846.38783,36628.15234375,37609.12548,36635.08203125,37396.19772,36191.359375,37250.19011
2017-04-24 02:10:00,37087.7578125,37828.13688,36998.57421875,37846.38783,36782.12109375,37609.12548,36485.10546875,37396.19772,36474.29296875,37250.19011,36052.41015625,37025.09506
2017-04-24 02:20:00,37079.390625,37846.38783,36965.87109375,37609.12548,36712.1328125,37396.19772,36385.22265625,37250.19011,36373.5859375,37025.09506,35972.38671875,36830.41825
2017-04-24 02:30:00,36976.88671875,37609.12548,36817.875,37396.19772,36564.421875,37250.19011,36208.26171875,37025.09506,36189.39453125,36830.41825,35792.98828125,36526.23574
2017-04-24 02:40:00,36937.80078125,37396.19772,36748.48046875,37250.19011,36463.03125,37025.09506,36079.87109375,36830.41825,36059.56640625,36526.23574,35712.84765625,35923.95437
2017-04-24 02:50:00,36871.08203125,37250.19011,36647.34765625,37025.09506,36354.43359375,36830.41825,35953.08203125,36526.23574,35933.5390625,35923.95437,35527.6640625,35461.59696
2017-04-24 03:00:00,36705.54296875,37025.09506,36437.5,36830.41825,36129.921875,36526.23574,35677.45703125,35923.95437,35638.62890625,35461.59696,35256.93359375,35090.4943
2017-04-24 03:10:00,36592.6015625,36830.41825,36269.80078125,36526.23574,35951.30859375,35923.95437,35487.09765625,35461.59696,35455.109375,35090.4943,35020.6171875,34828.89734
2017-04-24 03:20:00,36456.15625,36526.23574,36085.37109375,35923.95437,35782.72265625,35461.59696,35258.515625,35090.4943,35196.59375,34828.89734,34771.765625,34244.86692
2017-04-24 03:30:00,36183.359375,35923.95437,35744.62890625,35461.59696,35450.296875,35090.4943,34906.5,34828.89734,34815.76171875,34244.86692,34379.453125,33563.4981
2017-04-24 03:40:00,36015.328125,35461.59696,35560.546875,35090.4943,35214.69921875,34828.89734,34642.875,34244.86692,34506.34375,33563.4981,34073.796875,32955.13308
2017-04-24 03:50:00,35633.14453125,35090.4943,35101.0546875,34828.89734,34766.484375,34244.86692,34154.07421875,33563.4981,33959.09375,32955.13308,33488.7890625,32097.3384
2017-04-24 04:00:00,35281.62109375,34828.89734,34744.96484375,34244.86692,34364.29296875,33563.4981,33708.90625,32955.13308,33481.77734375,32097.3384,33006.51953125,31598.47909
2017-04-24 04:10:00,34814.21875,34244.86692,34227.87890625,33563.4981,33804.6875,32955.13308,33152.74609375,32097.3384,32844.3046875,31598.47909,32305.8046875,30783.26996
2017-04-24 04:20:00,34363.92578125,33563.4981,33763.4765625,32955.13308,33285.08203125,32097.3384,32609.541015625,31598.47909,32246.447265625,30783.26996,31673.73828125,29980.22814
2017-04-24 04:30:00,33782.18359375,32955.13308,33149.6328125,32097.3384,32633.783203125,31598.47909,31976.6640625,30783.26996,31541.12109375,29980.22814,30950.677734375,29213.68821
2017-04-24 04:40:00,33183.2578125,32097.3384,32537.86328125,31598.47909,31968.751953125,30783.26996,31307.234375,29980.22814,30830.3671875,29213.68821,30179.9140625,28507.98479
2017-04-24 04:50:00,32572.919921875,31598.47909,31897.39453125,30783.26996,31316.220703125,29980.22814,30663.0078125,29213.68821,30158.982421875,28507.98479,29504.939453125,27631.93916
2017-04-24 05:00:00,31911.486328125,30783.26996,31221.65625,29980.22814,30607.326171875,29213.68821,29948.65234375,28507.98479,29443.26171875,27631.93916,28753.029296875,26962.73764
2017-04-24 05:10:00,31333.087890625,29980.22814,30621.810546875,29213.68821,30003.84765625,28507.98479,29378.94921875,27631.93916,28857.2734375,26962.73764,28183.212890625,26494.29658
2017-04-24 05:20:00,30583.236328125,29213.68821,29858.90234375,28507.98479,29210.32421875,27631.93916,28626.380859375,26962.73764,28128.65234375,26494.29658,27433.861328125,25788.59316
2017-04-24 05:30:00,30000.71484375,28507.98479,29264.248046875,27631.93916,28644.32421875,26962.73764,28090.8671875,26494.29658,27607.8671875,25788.59316,26951.91015625,25545.24715
2017-04-24 05:40:00,29287.853515625,27631.93916,28561.142578125,26962.73764,27970.94140625,26494.29658,27428.666015625,25788.59316,26965.9765625,25545.24715,26294.0234375,25058.55513
2017-04-24 05:50:00,28611.818359375,26962.73764,27901.802734375,26494.29658,27344.962890625,25788.59316,26871.73828125,25545.24715,26395.84765625,25058.55513,25796.638671875,24596.19772
2017-04-24 06:00:00,28003.548828125,26494.29658,27324.603515625,25788.59316,26799.240234375,25545.24715,26367.8359375,25058.55513,25880.28515625,24596.19772,25326.119140625,24243.34601
2017-04-24 06:10:00,27428.0078125,25788.59316,26771.46484375,25545.24715,26314.103515625,25058.55513,25905.2421875,24596.19772,25394.927734375,24243.34601,24913.12890625,23543.72624
2017-04-24 06:20:00,26684.751953125,25545.24715,26076.568359375,25058.55513,25653.35546875,24596.19772,25227.31640625,24243.34601,24780.9921875,23543.72624,24308.916015625,23263.87833
2017-04-24 06:30:00,26060.912109375,25058.55513,25490.048828125,24596.19772,25108.69921875,24243.34601,24733.509765625,23543.72624,24274.658203125,23263.87833,23851.35546875,22996.19772
2017-04-24 06:40:00,25578.8046875,24596.19772,25046.146484375,24243.34601,24691.5078125,23543.72624,24333.05859375,23263.87833,23901.791015625,22996.19772,23486.466796875,22758.93536
2017-04-24 06:50:00,25105.443359375,24243.34601,24598.84765625,23543.72624,24294.265625,23263.87833,23986.359375,22996.19772,23545.369140625,22758.93536,23209.107421875,22326.9962
2017-04-24 07:00:00,24723.279296875,23543.72624,24264.978515625,23263.87833,23953.267578125,22996.19772,23707.0,22758.93536,23300.06640625,22326.9962,22989.193359375,22211.40684
2017-04-24 07:10:00,24378.673828125,23263.87833,23954.234375,22996.19772,23666.482421875,22758.93536,23465.169921875,22326.9962,23072.857421875,22211.40684,22801.978515625,21992.39544
2017-04-24 07:20:00,24039.490234375,22996.19772,23686.099609375,22758.93536,23407.978515625,22326.9962,23222.228515625,22211.40684,22873.611328125,21992.39544,22629.26171875,21730.79848
2017-04-24 07:30:00,23756.666015625,22758.93536,23449.306640625,22326.9962,23178.30078125,22211.40684,23028.71875,21992.39544,22698.82421875,21730.79848,22512.515625,21755.13308
2017-04-24 07:40:00,23523.9609375,22326.9962,23255.7109375,22211.40684,23001.38671875,21992.39544,22859.224609375,21730.79848,22585.271484375,21755.13308,22416.662109375,21536.12167
2017-04-24 07:50:00,23329.302734375,22211.40684,23088.45703125,21992.39544,22855.564453125,21730.79848,22728.291015625,21755.13308,22449.115234375,21536.12167,22340.61328125,21542.20532
2017-04-24 08:00:00,23151.380859375,21992.39544,22933.380859375,21730.79848,22723.638671875,21755.13308,22634.0,21536.12167,22370.525390625,21542.20532,22263.20703125,21134.60076
2017-04-24 08:10:00,23008.15234375,21730.79848,22799.2734375,21755.13308,22623.029296875,21536.12167,22521.384765625,21542.20532,22313.06640625,21134.60076,22200.455078125,21061.59696
2017-04-24 08:20:00,22866.7109375,21755.13308,22703.416015625,21536.12167,22556.34375,21542.20532,22438.595703125,21134.60076,22253.521484375,21061.59696,22173.041015625,20757.41445
2017-04-24 08:30:00,22786.98828125,21536.12167,22636.501953125,21542.20532,22507.4375,21134.60076,22410.083984375,21061.59696,22209.119140625,20757.41445,22184.037109375,20958.1749
2017-04-24 08:40:00,22709.505859375,21542.20532,22580.181640625,21134.60076,22466.89453125,21061.59696,22380.478515625,20757.41445,22173.984375,20958.1749,22164.537109375,20587.07224
2017-04-24 08:50:00,22678.822265625,21134.60076,22546.142578125,21061.59696,22453.666015625,20757.41445,22368.572265625,20958.1749,22170.83203125,20587.07224,22186.095703125,20629.65779
2017-04-24 09:00:00,22618.86328125,21061.59696,22497.125,20757.41445,22433.8828125,20958.1749,22359.994140625,20587.07224,22143.40234375,20629.65779,22160.41796875,20739.1635
2017-04-24 09:10:00,22595.08203125,20757.41445,22456.40625,20958.1749,22413.611328125,20587.07224,22346.68359375,20629.65779,22119.203125,20739.1635,22152.669921875,20879.08745
2017-04-24 09:20:00,22494.09375,20958.1749,22375.41796875,20587.07224,22372.359375,20629.65779,22285.169921875,20739.1635,22061.77734375,20879.08745,22094.109375,20873.0038
2017-04-24 09:30:00,22489.71875,20587.07224,22371.82421875,20629.65779,22371.982421875,20739.1635,22291.712890625,20879.08745,22044.232421875,20873.0038,22074.0703125,20793.91635
2017-04-24 09:40:00,22411.388671875,20629.65779,22284.580078125,20739.1635,22314.8046875,20879.08745,22246.19140625,20873.0038,21996.81640625,20793.91635,22017.47265625,20836.5019
2017-04-24 09:50:00,22411.923828125,20739.1635,22280.703125,20879.08745,22315.802734375,20873.0038,22266.435546875,20793.91635,22012.046875,20836.5019,22032.05078125,20982.50951
2017-04-24 10:00:00,22371.236328125,20879.08745,22224.923828125,20873.0038,22294.09375,20793.91635,22242.857421875,20836.5019,21975.083984375,20982.50951,21994.603515625,20909.5057
2017-04-24 10:10:00,22368.623046875,20873.0038,22216.849609375,20793.91635,22295.607421875,20836.5019,22254.6171875,20982.50951,21991.203125,20909.5057,22018.904296875,21146.76806
2017-04-24 10:20:00,22338.70703125,20793.91635,22196.994140625,20836.5019,22279.4296875,20982.50951,22238.189453125,20909.5057,21973.658203125,21146.76806,22013.001953125,21353.61217
2017-04-24 10:30:00,22273.193359375,20836.5019,22129.724609375,20982.50951,22234.6328125,20909.5057,22188.369140625,21146.76806,21945.810546875,21353.61217,21983.376953125,21274.52471
2017-04-24 10:40:00,22250.1015625,20982.50951,22107.115234375,20909.5057,22214.056640625,21146.76806,22184.306640625,21353.61217,21956.2265625,21274.52471,21990.48046875,21676.04563
2017-04-24 10:50:00,22246.65625,20909.5057,22094.7734375,21146.76806,22217.31640625,21353.61217,22198.896484375,21274.52471,21987.767578125,21676.04563,22002.666015625,22180.98859
2017-04-24 11:00:00,22169.705078125,21146.76806,22026.32421875,21353.61217,22182.2578125,21274.52471,22169.470703125,21676.04563,21966.193359375,22180.98859,21978.130859375,22941.44487
2017-04-24 11:10:00,22109.939453125,21353.61217,21956.9375,21274.52471,22126.24609375,21676.04563,22115.447265625,22180.98859,21953.787109375,22941.44487,21967.4609375,22911.02662
2017-04-24 11:20:00,22032.673828125,21274.52471,21883.1171875,21676.04563,22070.505859375,22180.98859,22059.203125,22941.44487,21918.548828125,22911.02662,21932.150390625,22783.26996
2017-04-24 11:30:00,22031.197265625,21676.04563,21901.822265625,22180.98859,22093.484375,22941.44487,22096.78515625,22911.02662,21986.513671875,22783.26996,22009.224609375,22850.19011
2017-04-24 11:40:00,22011.353515625,22180.98859,21898.296875,22941.44487,22097.68359375,22911.02662,22141.76953125,22783.26996,22062.833984375,22850.19011,22060.453125,22947.52852
2017-04-24 11:50:00,22028.3125,22941.44487,21874.837890625,22911.02662,22097.4453125,22783.26996,22149.91796875,22850.19011,22104.521484375,22947.52852,22118.330078125,22576.42586
2017-04-24 12:00:00,21952.98828125,22911.02662,21839.16796875,22783.26996,22074.68359375,22850.19011,22146.181640625,22947.52852,22113.080078125,22576.42586,22149.71484375,21852.47148
2017-04-24 12:10:00,22014.927734375,22783.26996,21909.6171875,22850.19011,22178.71875,22947.52852,22287.640625,22576.42586,22292.0078125,21852.47148,22300.814453125,21073.76426
2017-04-24 12:20:00,22081.3828125,22850.19011,21981.1171875,22947.52852,22284.1796875,22576.42586,22431.751953125,21852.47148,22469.544921875,21073.76426,22487.943359375,21523.95437
2017-04-24 12:30:00,22182.783203125,22947.52852,22100.755859375,22576.42586,22408.654296875,21852.47148,22613.373046875,21073.76426,22656.640625,21523.95437,22716.67578125,21931.55894
2017-04-24 12:40:00,22363.7890625,22576.42586,22339.595703125,21852.47148,22696.654296875,21073.76426,22930.533203125,21523.95437,23017.974609375,21931.55894,23070.77734375,22253.9924
2017-04-24 12:50:00,22594.333984375,21852.47148,22615.6875,21073.76426,22988.744140625,21523.95437,23261.640625,21931.55894,23391.521484375,22253.9924,23477.33984375,22290.4943
2017-04-24 13:00:00,22834.646484375,21073.76426,22882.70703125,21523.95437,23262.203125,21931.55894,23589.73828125,22253.9924,23744.318359375,22290.4943,23870.21875,21998.47909
2017-04-24 13:10:00,23013.46875,21523.95437,23104.759765625,21931.55894,23496.56640625,22253.9924,23849.7578125,22290.4943,24008.62109375,21998.47909,24169.228515625,21949.80989
2017-04-24 13:20:00,23187.587890625,21931.55894,23326.423828125,22253.9924,23739.482421875,22290.4943,24111.712890625,21998.47909,24284.052734375,21949.80989,24482.041015625,22813.68821
2017-04-24 13:30:00,23445.03125,22253.9924,23615.177734375,22290.4943,24033.91015625,21998.47909,24443.01171875,21949.80989,24635.486328125,22813.68821,24852.33984375,23464.63878
2017-04-24 13:40:00,23657.94140625,22290.4943,23869.931640625,21998.47909,24302.4375,21949.80989,24745.580078125,22813.68821,24978.44140625,23464.63878,25206.12109375,24358.93536
2017-04-24 13:50:00,24035.291015625,21998.47909,24269.078125,21949.80989,24711.10546875,22813.68821,25165.330078125,23464.63878,25425.990234375,24358.93536,25644.673828125,24730.03802
2017-04-24 14:00:00,24360.880859375,21949.80989,24621.681640625,22813.68821,25066.1328125,23464.63878,25520.404296875,24358.93536,25792.78515625,24730.03802,26040.49609375,25161.97719
2017-04-24 14:10:00,24612.8125,22813.68821,24904.279296875,23464.63878,25367.7109375,24358.93536,25831.650390625,24730.03802,26137.580078125,25161.97719,26363.5234375,25380.98859
2017-04-24 14:20:00,25011.486328125,23464.63878,25328.3984375,24358.93536,25771.26171875,24730.03802,26238.3671875,25161.97719,26547.53125,25380.98859,26766.970703125,26013.68821
2017-04-24 14:30:00,25356.7265625,24358.93536,25662.65625,24730.03802,26106.11328125,25161.97719,26590.59765625,25380.98859,26930.6328125,26013.68821,27139.685546875,26512.54753
2017-04-24 14:40:00,25812.57421875,24730.03802,26122.93359375,25161.97719,26539.484375,25380.98859,27019.59375,26013.68821,27350.728515625,26512.54753,27558.5859375,26999.23954
2017-04-24 14:50:00,26305.880859375,25161.97719,26633.177734375,25380.98859,27039.9453125,26013.68821,27540.044921875,26512.54753,27858.595703125,26999.23954,28027.83203125,27297.3384
2017-04-24 15:00:00,26722.62890625,25380.98859,27033.779296875,26013.68821,27397.990234375,26512.54753,27889.447265625,26999.23954,28205.509765625,27297.3384,28363.166015625,27656.27376
2017-04-24 15:10:00,27225.2265625,26013.68821,27534.58203125,26512.54753,27915.994140625,26999.23954,28419.314453125,27297.3384,28712.005859375,27656.27376,28860.080078125,28039.54373
2017-04-24 15:20:00,27705.375,26512.54753,27995.78125,26999.23954,28356.166015625,27297.3384,28850.091796875,27656.27376,29122.791015625,28039.54373,29228.154296875,28769.58175
2017-04-24 15:30:00,28173.03515625,26999.23954,28454.478515625,27297.3384,28809.61328125,27656.27376,29289.404296875,28039.54373,29528.80859375,28769.58175,29627.0546875,29347.52852
2017-04-24 15:40:00,28653.484375,27297.3384,28920.158203125,27656.27376,29240.24609375,28039.54373,29708.2109375,28769.58175,29906.48828125,29347.52852,29985.095703125,29414.44867
2017-04-24 15:50:00,29059.1875,27656.27376,29312.333984375,28039.54373,29625.13671875,28769.58175,30077.396484375,29347.52852,30243.33203125,29414.44867,30307.216796875,29925.47529
2017-04-24 16:00:00,29520.029296875,28039.54373,29729.798828125,28769.58175,30031.669921875,29347.52852,30443.0546875,29414.44867,30581.87890625,29925.47529,30647.62109375,30460.8365
2017-04-24 16:10:00,29834.1328125,28769.58175,30016.2734375,29347.52852,30292.20703125,29414.44867,30699.8359375,29925.47529,30810.421875,30460.8365,30849.4921875,30856.27376
2017-04-24 16:20:00,30165.4765625,29347.52852,30317.33984375,29414.44867,30552.525390625,29925.47529,30935.703125,30460.8365,31019.66015625,30856.27376,31034.931640625,30765.01901
2017-04-24 16:30:00,30501.564453125,29414.44867,30641.044921875,29925.47529,30870.90234375,30460.8365,31247.033203125,30856.27376,31299.794921875,30765.01901,31311.759765625,31032.69962
2017-04-24 16:40:00,30739.22265625,29925.47529,30842.69140625,30460.8365,31030.796875,30856.27376,31385.814453125,30765.01901,31406.119140625,31032.69962,31400.78125,31093.53612
2017-04-24 16:50:00,31007.697265625,30460.8365,31095.904296875,30856.27376,31273.708984375,30765.01901,31608.634765625,31032.69962,31609.34375,31093.53612,31618.44921875,31050.95057
2017-04-24 17:00:00,31209.986328125,30856.27376,31259.14453125,30765.01901,31405.140625,31032.69962,31702.91015625,31093.53612,31683.646484375,31050.95057,31678.376953125,31160.45627
2017-04-24 17:10:00,31509.080078125,30765.01901,31533.697265625,31032.69962,31666.978515625,31093.53612,31949.73828125,31050.95057,31895.10546875,31160.45627,31897.966796875,31452.47148
2017-04-24 17:20:00,31689.3515625,31032.69962,31683.751953125,31093.53612,31784.802734375,31050.95057,32030.421875,31160.45627,31965.625,31452.47148,31965.076171875,31434.22053
2017-04-24 17:30:00,31968.302734375,31093.53612,31947.25390625,31050.95057,32031.48046875,31160.45627,32258.6328125,31452.47148,32163.37109375,31434.22053,32160.962890625,31738.40304
2017-04-24 17:40:00,32085.90625,31050.95057,32042.228515625,31160.45627,32092.537109375,31452.47148,32293.580078125,31434.22053,32194.689453125,31738.40304,32179.880859375,31914.8289
2017-04-24 17:50:00,32284.70703125,31160.45627,32229.49609375,31452.47148,32247.0390625,31434.22053,32431.30078125,31738.40304,32311.701171875,31914.8289,32293.373046875,31805.32319
2017-04-24 18:00:00,32401.763671875,31452.47148,32320.26953125,31434.22053,32313.173828125,31738.40304,32467.173828125,31914.8289,32337.193359375,31805.32319,32320.091796875,31945.24715
2017-04-24 18:10:00,32514.18359375,31434.22053,32423.537109375,31738.40304,32379.177734375,31914.8289,32509.099609375,31805.32319,32373.771484375,31945.24715,32346.099609375,31987.8327
2017-04-24 18:20:00,32567.005859375,31738.40304,32446.771484375,31914.8289,32378.720703125,31805.32319,32483.357421875,31945.24715,32344.154296875,31987.8327,32311.8359375,32000.0
2017-04-24 18:30:00,32662.541015625,31914.8289,32515.3515625,31805.32319,32428.509765625,31945.24715,32511.986328125,31987.8327,32352.619140625,32000.0,32330.201171875,31762.73764
2017-04-24 18:40:00,32630.455078125,31805.32319,32440.5703125,31945.24715,32346.287109375,31987.8327,32402.521484375,32000.0,32234.0078125,31762.73764,32227.873046875,31482.88973
2017-04-24 18:50:00,32666.107421875,31945.24715,32455.353515625,31987.8327,32357.017578125,32000.0,32390.4140625,31762.73764,32190.431640625,31482.88973,32196.298828125,31355.13308
2017-04-24 19:00:00,32593.580078125,31987.8327,32359.46875,32000.0,32256.875,31762.73764,32269.736328125,31482.88973,32069.24609375,31355.13308,32087.384765625,31050.95057
2017-04-24 19:10:00,32613.4765625,32000.0,32359.93359375,31762.73764,32245.587890625,31482.88973,32234.005859375,31355.13308,32025.802734375,31050.95057,32050.23046875,31063.11787
2017-04-24 19:20:00,32457.39453125,31762.73764,32170.486328125,31482.88973,32060.265625,31355.13308,32030.71875,31050.95057,31819.923828125,31063.11787,31874.193359375,31568.06084
2017-04-24 19:30:00,32443.478515625,31482.88973,32150.80078125,31355.13308,32026.787109375,31050.95057,31980.103515625,31063.11787,31771.044921875,31568.06084,31840.037109375,31537.64259
2017-04-24 19:40:00,32273.904296875,31355.13308,31942.76171875,31050.95057,31840.150390625,31063.11787,31790.8984375,31568.06084,31597.115234375,31537.64259,31690.15234375,31561.97719
2017-04-24 19:50:00,32203.552734375,31050.95057,31868.830078125,31063.11787,31756.703125,31568.06084,31691.9765625,31537.64259,31508.501953125,31561.97719,31621.970703125,31470.72243
2017-04-24 20:00:00,31994.58203125,31063.11787,31645.123046875,31568.06084,31545.626953125,31537.64259,31490.98828125,31561.97719,31327.822265625,31470.72243,31443.345703125,31422.05323
2017-04-24 20:10:00,31866.65625,31568.06084,31518.87109375,31537.64259,31412.365234375,31561.97719,31347.3046875,31470.72243,31212.70703125,31422.05323,31355.837890625,31117.87072
2017-04-24 20:20:00,31614.541015625,31537.64259,31272.97265625,31561.97719,31184.73828125,31470.72243,31147.482421875,31422.05323,31018.15625,31117.87072,31199.677734375,30862.35741
2017-04-24 20:30:00,31508.77734375,31561.97719,31176.4921875,31470.72243,31091.0234375,31422.05323,31074.748046875,31117.87072,30982.8046875,30862.35741,31176.609375,31123.95437
2017-04-24 20:40:00,31267.318359375,31470.72243,30942.294921875,31422.05323,30885.056640625,31117.87072,30892.0546875,30862.35741,30824.44140625,31123.95437,31067.44140625,30984.03042
2017-04-24 20:50:00,31228.44921875,31422.05323,30924.099609375,31117.87072,30891.9296875,30862.35741,30939.24609375,31123.95437,30910.576171875,30984.03042,31176.564453125,30850.19011
2017-04-24 21:00:00,30890.3671875,31117.87072,30619.58203125,30862.35741,30615.376953125,31123.95437,30714.970703125,30984.03042,30725.990234375,30850.19011,31054.142578125,30795.43726
2017-04-24 21:10:00,30929.095703125,30862.35741,30690.5078125,31123.95437,30709.77734375,30984.03042,30863.376953125,30850.19011,30927.99609375,30795.43726,31282.19921875,30777.18631
2017-04-24 21:20:00,30870.24609375,31123.95437,30694.2578125,30984.03042,30725.02734375,30850.19011,30972.31640625,30795.43726,31116.919921875,30777.18631,31429.662109375,30552.09125
2017-04-24 21:30:00,30865.548828125,30984.03042,30724.546875,30850.19011,30784.041015625,30795.43726,31094.515625,30777.18631,31298.78125,30552.09125,31643.4296875,30783.26996
2017-04-24 21:40:00,31110.109375,30850.19011,31038.60546875,30795.43726,31125.37890625,30777.18631,31540.474609375,30552.09125,31816.865234375,30783.26996,32160.015625,30698.09886
2017-04-24 21:50:00,31395.0546875,30795.43726,31361.85546875,30777.18631,31499.291015625,30552.09125,31958.779296875,30783.26996,32313.75,30698.09886,32719.623046875,30923.19392
2017-04-24 22:00:00,31463.154296875,30777.18631,31500.71484375,30552.09125,31667.642578125,30783.26996,32250.17578125,30698.09886,32692.669921875,30923.19392,33119.76953125,31482.88973
2017-04-24 22:10:00,32174.423828125,30552.09125,32279.353515625,30783.26996,32507.935546875,30698.09886,33202.8359375,30923.19392,33756.09375,31482.88973,34242.71484375,31920.91255
2017-04-24 22:20:00,32503.2109375,30783.26996,32697.025390625,30698.09886,32999.06640625,30923.19392,33787.328125,31482.88973,34414.796875,31920.91255,34920.109375,32669.20152
2017-04-24 22:30:00,32945.640625,30698.09886,33203.7265625,30923.19392,33525.25390625,31482.88973,34429.3515625,31920.91255,35138.59765625,32669.20152,35687.515625,34688.97338
2017-04-24 22:40:00,33371.96484375,30923.19392,33697.86328125,31482.88973,34079.1640625,31920.91255,35071.09375,32669.20152,35879.12890625,34688.97338,36429.21875,37779.46768
2017-04-24 22:50:00,33955.93359375,31482.88973,34348.64453125,31920.91255,34755.73828125,32669.20152,35811.53515625,34688.97338,36667.328125,37779.46768,37232.1796875,39847.90875
2017-04-24 23:00:00,34502.421875,31920.91255,34957.71484375,32669.20152,35388.39453125,34688.97338,36541.85546875,37779.46768,37501.62890625,39847.90875,38050.0,40219.01141
2017-04-24 23:10:00,35151.45703125,32669.20152,35669.34375,34688.97338,36164.109375,37779.46768,37384.22265625,39847.90875,38364.640625,40219.01141,38954.6484375,40249.42966
2017-04-24 23:20:00,35993.05078125,34688.97338,36574.36328125,37779.46768,37070.26953125,39847.90875,38275.21875,40219.01141,39231.734375,40249.42966,39763.90625,39811.40684
2017-04-24 23:30:00,37345.19140625,37779.46768,37998.203125,39847.90875,38498.1171875,40219.01141,39576.8515625,40249.42966,40463.82421875,39811.40684,40898.578125,39853.9924
2017-04-24 23:40:00,38448.03125,39847.90875,39155.3828125,40219.01141,39604.40625,40249.42966,40437.859375,39811.40684,41209.3515625,39853.9924,41476.62109375,39732.31939
2017-04-24 23:50:00,39223.23828125,40219.01141,39893.2109375,40249.42966,40209.69921875,39811.40684,40715.41796875,39853.9924,41302.93359375,39732.31939,41401.5234375,39744.48669
2017-04-25 00:00:00,39584.96484375,40249.42966,40192.7578125,39811.40684,40363.8125,39853.9924,40580.23046875,39732.31939,41030.296875,39744.48669,40999.3515625,39780.98859
2017-04-25 00:10:00,39851.44921875,39811.40684,40417.37890625,39853.9924,40469.21875,39732.31939,40458.61328125,39744.48669,40831.10546875,39780.98859,40688.4140625,39482.88973
2017-04-25 00:20:00,39773.203125,39853.9924,40292.13671875,39732.31939,40271.8203125,39744.48669,40162.078125,39780.98859,40450.58984375,39482.88973,40266.42578125,39422.05323
2017-04-25 00:30:00,39698.81640625,39732.31939,40146.078125,39744.48669,40100.2578125,39780.98859,39920.5234375,39482.88973,40127.54296875,39422.05323,39891.0,39415.96958
2017-04-25 00:40:00,39765.74609375,39744.48669,40160.13671875,39780.98859,40096.7265625,39482.88973,39876.40625,39422.05323,40034.609375,39415.96958,39775.38671875,39294.29658
2017-04-25 00:50:00,39793.9453125,39780.98859,40130.12890625,39482.88973,40073.71875,39422.05323,39824.8046875,39415.96958,39923.91796875,39294.29658,39657.75,38850.19011
2017-04-25 01:00:00,39757.5625,39482.88973,40036.96875,39422.05323,39950.90625,39415.96958,39693.546875,39294.29658,39764.37109375,38850.19011,39470.67578125,38619.01141
2017-04-25 01:10:00,39760.7890625,39422.05323,39957.81640625,39415.96958,39855.92578125,39294.29658,39590.39453125,38850.19011,39607.3984375,38619.01141,39308.69140625,38685.93156
2017-04-25 01:20:00,39701.14453125,39415.96958,39831.39453125,39294.29658,39716.234375,38850.19011,39434.1328125,38619.01141,39399.08203125,38685.93156,39112.52734375,38533.8403
2017-04-25 01:30:00,39637.984375,39294.29658,39717.6015625,38850.19011,39597.3828125,38619.01141,39282.8671875,38685.93156,39223.76953125,38533.8403,38911.3359375,38825.85551
2017-04-25 01:40:00,39637.02734375,38850.19011,39655.29296875,38619.01141,39527.62890625,38685.93156,39186.86328125,38533.8403,39084.47265625,38825.85551,38784.2109375,39008.36502
2017-04-25 01:50:00,39530.390625,38619.01141,39472.76171875,38685.93156,39329.0625,38533.8403,38961.875,38825.85551,38826.37890625,39008.36502,38513.09765625,38947.52852
2017-04-25 02:00:00,39364.9609375,38685.93156,39254.03515625,38533.8403,39082.6875,38825.85551,38678.078125,39008.36502,38531.46484375,38947.52852,38213.2734375,38795.43726
2017-04-25 02:10:00,39181.28515625,38533.8403,39006.203125,38825.85551,38815.6796875,39008.36502,38377.23828125,38947.52852,38202.37109375,38795.43726,37872.43359375,38229.65779
2017-04-25 02:20:00,38958.10546875,38825.85551,38708.28515625,39008.36502,38490.1640625,38947.52852,38020.50390625,38795.43726,37816.78515625,38229.65779,37486.015625,37852.47148
2017-04-25 02:30:00,38690.59375,39008.36502,38372.6953125,38947.52852,38140.5078125,38795.43726,37639.53515625,38229.65779,37410.80078125,37852.47148,37061.015625,37475.28517
2017-04-25 02:40:00,38477.6875,38947.52852,38097.6875,38795.43726,37858.06640625,38229.65779,37325.0390625,37852.47148,37066.328125,37475.28517,36717.63671875,36641.8251
2017-04-25 02:50:00,38217.59765625,38795.43726,37783.28125,38229.65779,37528.875,37852.47148,36972.30859375,37475.28517,36684.39453125,36641.8251,36301.28125,36069.96198
2017-04-25 03:00:00,38007.8828125,38229.65779,37514.80859375,37852.47148,37240.34375,37475.28517,36669.8046875,36641.8251,36344.06640625,36069.96198,35961.828125,35528.51711
2017-04-25 03:10:00,37723.109375,37852.47148,37176.5703125,37475.28517,36889.09375,36641.8251,36306.40625,36069.96198,35953.1328125,35528.51711,35534.1015625,35510.26616
2017-04-25 03:20:00,37475.13671875,37475.28517,36875.66796875,36641.8251,36566.14453125,36069.96198,35969.52734375,35528.51711,35571.1328125,35510.26616,35132.19140625,35102.6616
2017-04-25 03:30:00,37252.359375,36641.8251,36622.98046875,36069.96198,36274.546875,35528.51711,35672.0703125,35510.26616,35261.9140625,35102.6616,34797.1796875,34567.30038
2017-04-25 03:40:00,36914.80859375,36069.96198,36236.0,35528.51711,35856.96484375,35510.26616,35235.26171875,35102.6616,34780.62109375,34567.30038,34285.49609375,33648.6692
2017-04-25 03:50:00,36637.0390625,35528.51711,35923.04296875,35510.26616,35506.08984375,35102.6616,34870.33203125,34567.30038,34372.51953125,33648.6692,33858.44140625,33283.65019
2017-04-25 04:00:00,36229.265625,35510.26616,35474.9453125,35102.6616,35014.96875,34567.30038,34371.7109375,33648.6692,33812.08203125,33283.65019,33241.41015625,32358.93536
2017-04-25 04:10:00,35737.53515625,35102.6616,34980.90234375,34567.30038,34436.58984375,33648.6692,33782.48828125,33283.65019,33185.94921875,32358.93536,32581.8046875,31318.63118
2017-04-25 04:20:00,35198.8046875,34567.30038,34411.2109375,33648.6692,33808.91015625,33283.65019,33159.7421875,32358.93536,32534.666015625,31318.63118,31884.896484375,30692.01521
2017-04-25 04:30:00,34686.62890625,33648.6692,33881.80078125,33283.65019,33240.72265625,32358.93536,32591.96484375,31318.63118,31943.56640625,30692.01521,31253.626953125,29888.97338
2017-04-25 04:40:00,34122.484375,33283.65019,33287.89453125,32358.93536,32620.896484375,31318.63118,31968.62109375,30692.01521,31306.6796875,29888.97338,30607.126953125,29006.84411
2017-04-25 04:50:00,33540.5546875,32358.93536,32682.38671875,31318.63118,31964.12890625,30692.01521,31307.404296875,29888.97338,30672.328125,29006.84411,29943.552734375,28422.81369
2017-04-25 05:00:00,32780.17578125,31318.63118,31908.47265625,30692.01521,31195.24609375,29888.97338,30541.6640625,29006.84411,29942.853515625,28422.81369,29212.70703125,27723.19392
2017-04-25 05:10:00,32083.697265625,30692.01521,31188.92578125,29888.97338,30468.103515625,29006.84411,29802.443359375,28422.81369,29255.953125,27723.19392,28509.37890625,26974.90494
2017-04-25 05:20:00,31293.810546875,29888.97338,30387.783203125,29006.84411,29691.783203125,28422.81369,29024.8515625,27723.19392,28515.65625,26974.90494,27776.29296875,26390.87452
2017-04-25 05:30:00,30570.142578125,29006.84411,29640.765625,28422.81369,28966.509765625,27723.19392,28318.306640625,26974.90494,27859.7265625,26390.87452,27133.546875,25837.26236
2017-04-25 05:40:00,29764.810546875,28422.81369,28844.95703125,27723.19392,28238.666015625,26974.90494,27631.107421875,26390.87452,27191.029296875,25837.26236,26516.9296875,25332.31939
2017-04-25 05:50:00,29033.052734375,27723.19392,28106.02734375,26974.90494,27548.9609375,26390.87452,26978.73046875,25837.26236,26589.568359375,25332.31939,25920.376953125,24657.03422
2017-04-25 06:00:00,28352.30078125,26974.90494,27448.986328125,26390.87452,26968.953125,25837.26236,26439.646484375,25332.31939,26058.9609375,24657.03422,25438.802734375,24450.19011
2017-04-25 06:10:00,27730.919921875,26390.87452,26830.095703125,25837.26236,26405.646484375,25332.31939,25920.947265625,24657.03422,25554.1953125,24450.19011,24952.552734375,24030.41825
2017-04-25 06:20:00,26961.93359375,25837.26236,26147.611328125,25332.31939,25794.861328125,24657.03422,25345.259765625,24450.19011,25010.05859375,24030.41825,24420.02734375,23714.06844
2017-04-25 06:30:00,26396.9296875,25332.31939,25630.892578125,24657.03422,25328.533203125,24450.19011,24914.767578125,24030.41825,24597.916015625,23714.06844,24028.126953125,23306.46388
2017-04-25 06:40:00,25947.150390625,24657.03422,25232.96875,24450.19011,24967.283203125,24030.41825,24580.771484375,23714.06844,24281.439453125,23306.46388,23727.798828125,23203.04183
2017-04-25 06:50:00,25544.55078125,24450.19011,24890.46484375,24030.41825,24660.32421875,23714.06844,24307.0703125,23306.46388,24030.068359375,23203.04183,23489.45703125,22758.93536
2017-04-25 07:00:00,25182.94140625,24030.41825,24611.013671875,23714.06844,24399.015625,23306.46388,24078.470703125,23203.04183,23799.6953125,22758.93536,23298.2578125,22594.67681
2017-04-25 07:10:00,24906.783203125,23714.06844,24373.947265625,23306.46388,24185.6328125,23203.04183,23891.927734375,22758.93536,23632.44921875,22594.67681,23139.552734375,22272.24335
2017-04-25 07:20:00,24648.1953125,23306.46388,24166.5078125,23203.04183,24001.99609375,22758.93536,23749.232421875,22594.67681,23484.119140625,22272.24335,23024.5,22199.23954
2017-04-25 07:30:00,24440.212890625,23203.04183,23996.59375,22758.93536,23852.05078125,22594.67681,23622.390625,22272.24335,23369.994140625,22199.23954,22934.435546875,22156.65399
2017-04-25 07:40:00,24177.4609375,22758.93536,23804.27734375,22594.67681,23663.986328125,22272.24335,23455.2265625,22199.23954,23217.4296875,22156.65399,22821.802734375,22101.90114
2017-04-25 07:50:00,24001.14453125,22594.67681,23659.48828125,22272.24335,23536.3984375,22199.23954,23330.029296875,22156.65399,23109.404296875,22101.90114,22749.296875,21919.39163
2017-04-25 08:00:00,23790.697265625,22272.24335,23501.25390625,22199.23954,23383.125,22156.65399,23220.423828125,22101.90114,22994.419921875,21919.39163,22680.65234375,21755.13308
2017-04-25 08:10:00,23653.39453125,22199.23954,23380.9453125,22156.65399,23280.677734375,22101.90114,23140.27734375,21919.39163,22933.189453125,21755.13308,22641.0859375,21475.28517
2017-04-25 08:20:00,23486.99609375,22156.65399,23247.375,22101.90114,23153.890625,21919.39163,23044.27734375,21755.13308,22831.525390625,21475.28517,22599.513671875,21530.03802
2017-04-25 08:30:00,23405.12109375,22101.90114,23168.59765625,21919.39163,23098.462890625,21755.13308,23012.99609375,21475.28517,22796.869140625,21530.03802,22599.75,21274.52471
2017-04-25 08:40:00,23307.986328125,21919.39163,23072.47265625,21755.13308,23023.244140625,21475.28517,22968.552734375,21530.03802,22733.2109375,21274.52471,22578.337890625,21256.27376
2017-04-25 08:50:00,23223.0078125,21755.13308,23002.939453125,21475.28517,22983.224609375,21530.03802,22917.9140625,21274.52471,22692.009765625,21256.27376,22552.974609375,21365.77947
2017-04-25 09:00:00,23136.3125,21475.28517,22927.1484375,21530.03802,22920.322265625,21274.52471,22866.576171875,21256.27376,22627.177734375,21365.77947,22514.8125,21098.09886
2017-04-25 09:10:00,23085.255859375,21530.03802,22872.294921875,21274.52471,22884.634765625,21256.27376,22844.17578125,21365.77947,22584.62890625,21098.09886,22492.341796875,21061.59696
2017-04-25 09:20:00,23017.431640625,21274.52471,22812.076171875,21256.27376,22834.1796875,21365.77947,22799.29296875,21098.09886,22533.0859375,21061.59696,22466.884765625,21189.35361
2017-04-25 09:30:00,22976.474609375,21256.27376,22758.328125,21365.77947,22790.02734375,21098.09886,22779.404296875,21061.59696,22482.404296875,21189.35361,22416.771484375,21213.68821
2017-04-25 09:40:00,22914.36328125,21365.77947,22708.482421875,21098.09886,22758.240234375,21061.59696,22739.439453125,21189.35361,22456.810546875,21213.68821,22399.998046875,21195.43726
2017-04-25 09:50:00,22890.5390625,21098.09886,22679.650390625,21061.59696,22728.92578125,21189.35361,22737.21484375,21213.68821,22423.439453125,21195.43726,22371.9609375,21116.34981
2017-04-25 10:00:00,22789.59765625,21061.59696,22583.47265625,21189.35361,22652.71484375,21213.68821,22655.904296875,21195.43726,22356.02734375,21116.34981,22323.697265625,21116.34981
2017-04-25 10:10:00,22795.7421875,21189.35361,22593.033203125,21213.68821,22657.103515625,21195.43726,22678.337890625,21116.34981,22364.48828125,21116.34981,22344.017578125,21347.52852
2017-04-25 10:20:00,22714.876953125,21213.68821,22529.255859375,21195.43726,22614.0625,21116.34981,22627.3828125,21116.34981,22331.68359375,21347.52852,22320.779296875,21481.36882
2017-04-25 10:30:00,22655.9453125,21195.43726,22465.958984375,21116.34981,22559.828125,21116.34981,22576.548828125,21347.52852,22294.767578125,21481.36882,22296.947265625,21694.29658
2017-04-25 10:40:00,22565.30859375,21116.34981,22381.345703125,21116.34981,22480.294921875,21347.52852,22494.998046875,21481.36882,22235.75390625,21694.29658,22248.134765625,21749.04943
2017-04-25 10:50:00,22507.07421875,21116.34981,22323.703125,21347.52852,22440.67578125,21481.36882,22455.111328125,21694.29658,22229.068359375,21749.04943,22217.611328125,22138.40304
2017-04-25 11:00:00,22441.48828125,21347.52852,22267.40234375,21481.36882,22384.240234375,21694.29658,22414.76171875,21749.04943,22199.037109375,22138.40304,22206.4453125,23111.78707
2017-04-25 11:10:00,22366.03515625,21481.36882,22190.734375,21694.29658,22332.12890625,21749.04943,22355.2265625,22138.40304,22160.916015625,23111.78707,22160.77734375,22990.11407
2017-04-25 11:20:00,22317.47265625,21694.29658,22145.19921875,21749.04943,22321.708984375,22138.40304,22343.150390625,23111.78707,22183.06640625,22990.11407,22190.779296875,22996.19772
2017-04-25 11:30:00,22264.69921875,21749.04943,22109.599609375,22138.40304,22282.3671875,23111.78707,22307.830078125,22990.11407,22181.75,22996.19772,22208.0625,23093.53612
2017-04-25 11:40:00,22203.99609375,22138.40304,22066.25390625,23111.78707,22258.322265625,22990.11407,22292.62109375,22996.19772,22187.8828125,23093.53612,22226.330078125,23117.87072
2017-04-25 11:50:00,22175.7421875,23111.78707,22057.91015625,22990.11407,22256.025390625,22996.19772,22322.31640625,23093.53612,22246.451171875,23117.87072,22295.953125,23105.70342
2017-04-25 12:00:00,22213.880859375,22990.11407,22098.388671875,22996.19772,22307.517578125,23093.53612,22410.09765625,23117.87072,22373.251953125,23105.70342,22414.7421875,22655.51331
2017-04-25 12:10:00,22237.380859375,22996.19772,22125.478515625,23093.53612,22376.833984375,23117.87072,22513.54296875,23105.70342,22531.76953125,22655.51331,22572.83984375,21876.80608
2017-04-25 12:20:00,22317.798828125,23093.53612,22236.126953125,23117.87072,22503.568359375,23105.70342,22672.861328125,22655.51331,22702.501953125,21876.80608,22779.767578125,22223.57414
2017-04-25 12:30:00,22414.9375,23117.87072,22344.15625,23105.70342,22673.580078125,22655.51331,22875.130859375,21876.80608,22939.71484375,22223.57414,23016.712890625,22619.01141
2017-04-25 12:40:00,22635.02734375,23105.70342,22625.99609375,22655.51331,22982.666015625,21876.80608,23212.205078125,22223.57414,23318.873046875,22619.01141,23426.52734375,23087.45247
2017-04-25 12:50:00,22856.056640625,22655.51331,22883.716796875,21876.80608,23268.046875,22223.57414,23558.86328125,22619.01141,23698.51953125,23087.45247,23839.783203125,23148.28897
2017-04-25 13:00:00,22984.724609375,21876.80608,23056.611328125,22223.57414,23460.8359375,22619.01141,23778.876953125,23087.45247,23949.6328125,23148.28897,24133.837890625,22722.43346
2017-04-25 13:10:00,23317.263671875,22223.57414,23439.37109375,22619.01141,23870.232421875,23087.45247,24222.384765625,23148.28897,24401.130859375,22722.43346,24615.6484375,22491.25475
2017-04-25 13:20:00,23620.5859375,22619.01141,23775.5703125,23087.45247,24219.79296875,23148.28897,24596.595703125,22722.43346,24826.943359375,22491.25475,25069.765625,23568.06084
2017-04-25 13:30:00,23938.72265625,23087.45247,24124.345703125,23148.28897,24571.384765625,22722.43346,24983.38671875,22491.25475,25240.017578125,23568.06084,25504.755859375,24334.60076
2017-04-25 13:40:00,24240.75390625,23148.28897,24459.541015625,22722.43346,24914.470703125,22491.25475,25337.443359375,23568.06084,25615.439453125,24334.60076,25894.80078125,24815.20913
2017-04-25 13:50:00,24710.91015625,22722.43346,24951.599609375,22491.25475,25400.78515625,23568.06084,25818.439453125,24334.60076,26124.79296875,24815.20913,26397.98828125,25161.97719
2017-04-25 14:00:00,25062.609375,22491.25475,25334.46875,23568.06084,25776.638671875,24334.60076,26217.697265625,24815.20913,26541.4453125,25161.97719,26821.390625,25399.23954
2017-04-25 14:10:00,25348.263671875,23568.06084,25622.994140625,24334.60076,26052.87890625,24815.20913,26489.69140625,25161.97719,26839.041015625,25399.23954,27103.662109375,25867.68061
2017-04-25 14:20:00,25705.69921875,24334.60076,25982.7421875,24815.20913,26401.115234375,25161.97719,26833.896484375,25399.23954,27181.84375,25867.68061,27450.443359375,26366.53992
2017-04-25 14:30:00,26226.447265625,24815.20913,26499.5078125,25161.97719,26881.416015625,25399.23954,27301.75390625,25867.68061,27648.970703125,26366.53992,27887.603515625,26768.06084
2017-04-25 14:40:00,26583.515625,25161.97719,26858.609375,25399.23954,27214.583984375,25867.68061,27640.66015625,26366.53992,27988.8046875,26768.06084,28207.33203125,27066.1597
2017-04-25 14:50:00,27104.072265625,25399.23954,27363.46484375,25867.68061,27700.73828125,26366.53992,28128.4765625,26768.06084,28458.73046875,27066.1597,28655.5234375,27887.45247
2017-04-25 15:00:00,27500.115234375,25867.68061,27746.59765625,26366.53992,28080.5859375,26768.06084,28497.818359375,27066.1597,28810.9765625,27887.45247,28985.4375,28392.39544
2017-04-25 15:10:00,27978.662109375,26366.53992,28210.15234375,26768.06084,28513.498046875,27066.1597,28926.130859375,27887.45247,29222.87109375,28392.39544,29369.609375,28842.58555
2017-04-25 15:20:00,28501.03125,26768.06084,28721.693359375,27066.1597,29023.6015625,27887.45247,29429.56640625,28392.39544,29686.2890625,28842.58555,29830.224609375,29171.10266
2017-04-25 15:30:00,28892.70703125,27066.1597,29065.333984375,27887.45247,29353.349609375,28392.39544,29747.35546875,28842.58555,29959.748046875,29171.10266,30076.59765625,29432.69962
2017-04-25 15:40:00,29253.703125,27887.45247,29403.044921875,28392.39544,29680.0859375,28842.58555,30059.78125,29171.10266,30238.18359375,29432.69962,30335.849609375,29858.55513
2017-04-25 15:50:00,29579.37109375,28392.39544,29701.7890625,28842.58555,29961.626953125,29171.10266,30327.478515625,29432.69962,30491.537109375,29858.55513,30550.166015625,30387.8327
2017-04-25 16:00:00,29964.20703125,28842.58555,30054.98046875,29171.10266,30324.861328125,29432.69962,30664.28125,29858.55513,30786.072265625,30387.8327,30848.953125,30473.0038
2017-04-25 16:10:00,30242.48828125,29171.10266,30288.5625,29432.69962,30518.921875,29858.55513,30853.01171875,30387.8327,30934.8515625,30473.0038,30969.6796875,30959.69582
2017-04-25 16:20:00,30574.69140625,29432.69962,30606.07421875,29858.55513,30816.353515625,30387.8327,31133.03125,30473.0038,31173.0703125,30959.69582,31212.85546875,31507.22433
2017-04-25 16:30:00,30822.787109375,29858.55513,30834.67578125,30387.8327,31044.3125,30473.0038,31335.0859375,30959.69582,31362.033203125,31507.22433,31387.09375,31677.56654
2017-04-25 16:40:00,31113.8984375,30387.8327,31110.880859375,30473.0038,31292.955078125,30959.69582,31576.767578125,31507.22433,31565.044921875,31677.56654,31596.283203125,31634.98099
2017-04-25 16:50:00,31332.451171875,30473.0038,31310.486328125,30959.69582,31474.599609375,31507.22433,31746.296875,31677.56654,31707.28515625,31634.98099,31742.48046875,31732.31939
2017-04-25 17:00:00,31555.216796875,30959.69582,31510.5390625,31507.22433,31647.95703125,31677.56654,31890.845703125,31634.98099,31832.25390625,31732.31939,31864.12890625,32079.08745
2017-04-25 17:10:00,31815.5703125,31507.22433,31783.01953125,31677.56654,31881.6875,31634.98099,32113.806640625,31732.31939,32049.658203125,32079.08745,32068.640625,32006.08365
2017-04-25 17:20:00,32041.6015625,31677.56654,32015.396484375,31634.98099,32088.001953125,31732.31939,32298.44921875,32079.08745,32208.796875,32006.08365,32242.033203125,31951.3308
2017-04-25 17:30:00,32219.892578125,31634.98099,32168.7734375,31732.31939,32244.408203125,32079.08745,32427.38671875,32006.08365,32290.5625,31951.3308,32322.90625,32018.25095
2017-04-25 17:40:00,32456.193359375,31732.31939,32381.41015625,32079.08745,32427.34375,32006.08365,32596.328125,31951.3308,32437.390625,32018.25095,32491.408203125,32212.92776
2017-04-25 17:50:00,32618.578125,32079.08745,32537.048828125,32006.08365,32570.3515625,31951.3308,32705.951171875,32018.25095,32527.828125,32212.92776,32580.46875,32285.93156
2017-04-25 18:00:00,32780.94140625,32006.08365,32689.5,31951.3308,32708.3828125,32018.25095,32823.7109375,32212.92776,32624.4453125,32285.93156,32688.056640625,32541.44487
2017-04-25 18:10:00,32848.5078125,31951.3308,32735.794921875,32018.25095,32739.10546875,32212.92776,32836.12890625,32285.93156,32602.955078125,32541.44487,32664.041015625,32413.68821
2017-04-25 18:20:00,32896.81640625,32018.25095,32749.634765625,32212.92776,32726.265625,32285.93156,32800.58984375,32541.44487,32552.3515625,32413.68821,32629.724609375,32389.35361
2017-04-25 18:30:00,32948.71875,32212.92776,32788.91796875,32285.93156,32761.876953125,32541.44487,32803.02734375,32413.68821,32548.353515625,32389.35361,32638.212890625,32316.34981
2017-04-25 18:40:00,32946.8125,32285.93156,32773.1875,32541.44487,32737.78515625,32413.68821,32763.796875,32389.35361,32494.04296875,32316.34981,32607.80078125,32133.8403
2017-04-25 18:50:00,32906.57421875,32541.44487,32705.96875,32413.68821,32664.43359375,32389.35361,32671.1875,32316.34981,32380.751953125,32133.8403,32513.552734375,31866.1597
2017-04-25 19:00:00,32935.5234375,32413.68821,32700.015625,32389.35361,32661.08984375,32316.34981,32654.146484375,32133.8403,32352.146484375,31866.1597,32516.140625,31476.80608
2017-04-25 19:10:00,32918.18359375,32389.35361,32670.068359375,32316.34981,32653.482421875,32133.8403,32629.939453125,31866.1597,32313.6171875,31476.80608,32512.521484375,31434.22053
2017-04-25 19:20:00,32834.4765625,32316.34981,32566.80859375,32133.8403,32552.8671875,31866.1597,32523.5625,31476.80608,32213.154296875,31434.22053,32438.361328125,31482.88973
2017-04-25 19:30:00,32741.556640625,32133.8403,32470.2734375,31866.1597,32463.33984375,31476.80608,32440.64453125,31434.22053,32117.498046875,31482.88973,32364.287109375,31616.73004
2017-04-25 19:40:00,32611.88671875,31866.1597,32322.12890625,31476.80608,32323.982421875,31434.22053,32306.478515625,31482.88973,31983.185546875,31616.73004,32267.6171875,31507.22433
2017-04-25 19:50:00,32531.56640625,31476.80608,32239.599609375,31434.22053,32245.443359375,31482.88973,32217.8125,31616.73004,31908.625,31507.22433,32217.90234375,31841.8251
2017-04-25 20:00:00,32324.154296875,31434.22053,32023.208984375,31482.88973,32043.9453125,31616.73004,32031.533203125,31507.22433,31753.638671875,31841.8251,32091.814453125,31671.48289
2017-04-25 20:10:00,32114.34765625,31482.88973,31825.26953125,31616.73004,31849.875,31507.22433,31836.794921875,31841.8251,31577.7265625,31671.48289,31935.81640625,31422.05323
2017-04-25 20:20:00,31902.623046875,31616.73004,31611.744140625,31507.22433,31652.626953125,31841.8251,31665.603515625,31671.48289,31432.875,31422.05323,31838.3515625,31276.04563
2017-04-25 20:30:00,31741.947265625,31507.22433,31460.44921875,31841.8251,31512.365234375,31671.48289,31523.796875,31422.05323,31331.45703125,31276.04563,31759.8203125,30917.11027
2017-04-25 20:40:00,31513.42578125,31841.8251,31258.88671875,31671.48289,31334.890625,31422.05323,31387.46484375,31276.04563,31247.474609375,30917.11027,31704.841796875,30765.01901
2017-04-25 20:50:00,31311.11328125,31671.48289,31089.373046875,31422.05323,31181.900390625,31276.04563,31251.720703125,30917.11027,31150.4609375,30765.01901,31622.283203125,30594.67681
2017-04-25 21:00:00,31213.69921875,31422.05323,31014.244140625,31276.04563,31117.302734375,30917.11027,31246.75390625,30765.01901,31207.240234375,30594.67681,31711.046875,30217.49049
2017-04-25 21:10:00,31054.447265625,31276.04563,30897.45703125,30917.11027,31028.462890625,30765.01901,31192.583984375,30594.67681,31201.486328125,30217.49049,31729.1328125,30132.31939
2017-04-25 21:20:00,30954.921875,30917.11027,30849.22265625,30765.01901,30998.376953125,30594.67681,31268.625,30217.49049,31371.509765625,30132.31939,31913.921875,29961.97719
2017-04-25 21:30:00,30908.072265625,30765.01901,30854.216796875,30594.67681,31041.931640625,30217.49049,31373.1640625,30132.31939,31551.103515625,29961.97719,32110.134765625,30260.07605
2017-04-25 21:40:00,30930.337890625,30594.67681,30919.931640625,30217.49049,31120.49609375,30132.31939,31567.974609375,29961.97719,31833.125,30260.07605,32381.103515625,30448.6692
2017-04-25 21:50:00,30895.2265625,30217.49049,30946.498046875,30132.31939,31172.595703125,29961.97719,31693.59765625,30260.07605,32024.2109375,30448.6692,32588.548828125,31020.53232
2017-04-25 22:00:00,31038.400390625,30132.31939,31144.21875,29961.97719,31391.486328125,30260.07605,32029.017578125,30448.6692,32450.724609375,31020.53232,33016.9296875,31525.47529
2017-04-25 22:10:00,31150.185546875,29961.97719,31319.755859375,30260.07605,31579.568359375,30448.6692,32284.173828125,31020.53232,32778.703125,31525.47529,33348.74609375,31853.9924
2017-04-25 22:20:00,31490.640625,30260.07605,31693.619140625,30448.6692,32011.728515625,31020.53232,32830.6796875,31525.47529,33432.65625,31853.9924,34031.9375,32383.26996
2017-04-25 22:30:00,31681.25,30448.6692,31960.6171875,31020.53232,32300.890625,31525.47529,33212.4375,31853.9924,33881.453125,32383.26996,34493.7734375,34062.35741
2017-04-25 22:40:00,32211.732421875,31020.53232,32551.005859375,31525.47529,32961.98046875,31853.9924,34006.71875,32383.26996,34795.2265625,34062.35741,35480.2109375,37104.18251
2017-04-25 22:50:00,32820.94140625,31525.47529,33250.24609375,31853.9924,33703.9140625,32383.26996,34851.5859375,34062.35741,35759.76171875,37104.18251,36448.6953125,39136.12167
2017-04-25 23:00:00,33594.72265625,31853.9924,34088.8515625,32383.26996,34611.46484375,34062.35741,35871.87109375,37104.18251,36892.2890625,39136.12167,37633.56640625,39920.91255
2017-04-25 23:10:00,34691.8828125,32383.26996,35283.76171875,34062.35741,35867.51953125,37104.18251,37197.65625,39136.12167,38279.8671875,39920.91255,39025.109375,40000.0
2017-04-25 23:20:00,35942.26171875,34062.35741,36610.01953125,37104.18251,37242.953125,39136.12167,38569.359375,39920.91255,39665.87890625,40000.0,40394.390625,39780.98859
2017-04-25 23:30:00,37379.96484375,37104.18251,38136.8125,39136.12167,38768.0,39920.91255,39984.9765625,40000.0,40998.93359375,39780.98859,41581.59765625,39835.74144
2017-04-25 23:40:00,38702.96875,39136.12167,39498.21484375,39920.91255,40072.9375,40000.0,41057.62109375,39780.98859,41917.88671875,39835.74144,42308.29296875,39829.65779
2017-04-25 23:50:00,39760.4453125,39920.91255,40537.12890625,40000.0,40975.234375,39780.98859,41560.9921875,39835.74144,42213.5390625,39829.65779,42349.41796875,39884.41065
2017-04-26 00:00:00,40271.98046875,40000.0,40975.51953125,39780.98859,41200.3125,39835.74144,41440.24609375,39829.65779,41949.90234375,39884.41065,41894.01171875,39464.63878
2017-04-26 00:10:00,40423.5234375,39780.98859,41053.640625,39835.74144,41111.625,39829.65779,41099.2890625,39884.41065,41503.59375,39464.63878,41324.4765625,39537.64259
2017-04-26 00:20:00,40234.51171875,39835.74144,40819.9140625,39829.65779,40789.4140625,39884.41065,40669.69921875,39464.63878,41006.53515625,39537.64259,40768.2265625,39482.88973
2017-04-26 00:30:00,39995.03515625,39829.65779,40512.14453125,39884.41065,40433.578125,39464.63878,40259.80078125,39537.64259,40510.4921875,39482.88973,40235.80078125,39276.04563
2017-04-26 00:40:00,39916.37890625,39884.41065,40360.16015625,39464.63878,40286.7109375,39537.64259,40065.06640625,39482.88973,40248.21484375,39276.04563,39972.0625,39093.53612
2017-04-26 00:50:00,39851.80859375,39464.63878,40231.73046875,39537.64259,40154.2890625,39482.88973,39913.89453125,39276.04563,40014.29296875,39093.53612,39737.59765625,38923.19392
2017-04-26 01:00:00,39911.921875,39537.64259,40220.21484375,39482.88973,40137.78515625,39276.04563,39888.3671875,39093.53612,39928.0546875,38923.19392,39646.23046875,38758.93536
2017-04-26 01:10:00,39916.15234375,39482.88973,40166.703125,39276.04563,40067.7421875,39093.53612,39804.08984375,38923.19392,39800.55078125,38758.93536,39507.40234375,38716.34981
2017-04-26 01:20:00,39958.0546875,39276.04563,40139.03125,39093.53612,40024.12109375,38923.19392,39746.4609375,38758.93536,39702.484375,38716.34981,39394.390625,38606.84411
2017-04-26 01:30:00,39953.390625,39093.53612,40082.58984375,38923.19392,39953.1484375,38758.93536,39659.7890625,38716.34981,39591.734375,38606.84411,39265.49609375,38898.85932
2017-04-26 01:40:00,39869.27734375,38923.19392,39926.18359375,38758.93536,39785.421875,38716.34981,39453.70703125,38606.84411,39338.6640625,38898.85932,39002.25,38996.19772
2017-04-26 01:50:00,39806.3828125,38758.93536,39794.57421875,38716.34981,39637.51171875,38606.84411,39271.77734375,38898.85932,39120.1640625,38996.19772,38804.25,38789.35361
2017-04-26 02:00:00,39561.046875,38716.34981,39484.109375,38606.84411,39309.5,38898.85932,38895.9765625,38996.19772,38720.74609375,38789.35361,38388.0390625,38576.42586
2017-04-26 02:10:00,39452.41015625,38606.84411,39311.33984375,38898.85932,39119.16796875,38996.19772,38669.30859375,38789.35361,38461.38671875,38576.42586,38164.42578125,38004.56274
2017-04-26 02:20:00,39211.73046875,38898.85932,38999.01171875,38996.19772,38791.75,38789.35361,38318.3203125,38576.42586,38099.05078125,38004.56274,37786.44140625,37603.04183
2017-04-26 02:30:00,38981.46484375,38996.19772,38689.31640625,38789.35361,38470.80859375,38576.42586,37951.2421875,38004.56274,37691.98828125,37603.04183,37389.5078125,37341.44487
2017-04-26 02:40:00,38730.48046875,38789.35361,38381.015625,38576.42586,38145.703125,38004.56274,37608.2109375,37603.04183,37335.421875,37341.44487,37006.94140625,36860.8365
2017-04-26 02:50:00,38462.83203125,38576.42586,38033.1796875,38004.56274,37785.41796875,37603.04183,37212.72265625,37341.44487,36900.80078125,36860.8365,36548.58203125,36428.89734
2017-04-26 03:00:00,38221.22265625,38004.56274,37738.859375,37603.04183,37481.22265625,37341.44487,36897.34375,36860.8365,36567.7109375,36428.89734,36172.62109375,35893.53612
2017-04-26 03:10:00,37923.53515625,37603.04183,37389.08203125,37341.44487,37125.96484375,36860.8365,36515.02734375,36428.89734,36146.95703125,35893.53612,35727.8671875,35759.69582
2017-04-26 03:20:00,37579.07421875,37341.44487,36997.26171875,36860.8365,36707.59375,36428.89734,36067.44921875,35893.53612,35682.6640625,35759.69582,35233.9453125,35461.59696
2017-04-26 03:30:00,37302.37890625,36860.8365,36680.4453125,36428.89734,36359.6875,35893.53612,35710.0703125,35759.69582,35298.28515625,35461.59696,34819.0546875,34798.47909
2017-04-26 03:40:00,36850.54296875,36428.89734,36196.41015625,35893.53612,35843.6796875,35759.69582,35170.8046875,35461.59696,34736.49609375,34798.47909,34212.68359375,33983.26996
2017-04-26 03:50:00,36579.70703125,35893.53612,35890.42578125,35759.69582,35495.0703125,35461.59696,34820.01171875,34798.47909,34340.76953125,33983.26996,33794.109375,33143.72624
2017-04-26 04:00:00,36155.76171875,35759.69582,35437.1328125,35461.59696,34971.15625,34798.47909,34291.6796875,33983.26996,33771.0703125,33143.72624,33180.1796875,32450.19011
2017-04-26 04:10:00,35649.15625,35461.59696,34906.93359375,34798.47909,34415.3515625,33983.26996,33736.078125,33143.72624,33158.0,32450.19011,32549.712890625,31787.07224
2017-04-26 04:20:00,35213.546875,34798.47909,34454.31640625,33983.26996,33878.08203125,33143.72624,33209.92578125,32450.19011,32596.1796875,31787.07224,31961.271484375,30880.60837
2017-04-26 04:30:00,34561.0625,33983.26996,33781.25,33143.72624,33162.1796875,32450.19011,32504.94921875,31787.07224,31876.44140625,30880.60837,31170.35546875,30089.73384
2017-04-26 04:40:00,33969.37109375,33143.72624,33176.33984375,32450.19011,32512.22265625,31787.07224,31864.05078125,30880.60837,31231.71875,30089.73384,30533.0703125,29621.29278
2017-04-26 04:50:00,33406.5546875,32450.19011,32572.201171875,31787.07224,31901.44921875,30880.60837,31244.8828125,30089.73384,30613.78125,29621.29278,29886.2109375,28599.23954
2017-04-26 05:00:00,32701.5625,31787.07224,31866.6015625,30880.60837,31165.400390625,30089.73384,30513.251953125,29621.29278,29924.763671875,28599.23954,29169.744140625,27838.78327
2017-04-26 05:10:00,31940.22265625,30880.60837,31074.779296875,30089.73384,30400.80078125,29621.29278,29733.267578125,28599.23954,29205.720703125,27838.78327,28440.560546875,27090.4943
2017-04-26 05:20:00,31272.259765625,30089.73384,30404.30859375,29621.29278,29718.791015625,28599.23954,29066.431640625,27838.78327,28580.953125,27090.4943,27795.6953125,26415.20913
2017-04-26 05:30:00,30526.91015625,29621.29278,29617.669921875,28599.23954,29004.69140625,27838.78327,28351.33984375,27090.4943,27900.3671875,26415.20913,27151.17578125,25673.0038
2017-04-26 05:40:00,29951.453125,28599.23954,29036.01171875,27838.78327,28431.611328125,27090.4943,27782.408203125,26415.20913,27359.748046875,25673.0038,26653.15234375,25466.1597
2017-04-26 05:50:00,29307.654296875,27838.78327,28367.6875,27090.4943,27842.705078125,26415.20913,27224.8359375,25673.0038,26811.076171875,25466.1597,26156.662109375,25076.80608
2017-04-26 06:00:00,28717.306640625,27090.4943,27782.23046875,26415.20913,27303.794921875,25673.0038,26718.640625,25466.1597,26291.1171875,25076.80608,25760.01171875,24328.51711
2017-04-26 06:10:00,28035.99609375,26415.20913,27125.37109375,25673.0038,26725.55859375,25466.1597,26174.107421875,25076.80608,25765.1640625,24328.51711,25215.03125,24231.17871
2017-04-26 06:20:00,27221.626953125,25673.0038,26386.12890625,25466.1597,26037.166015625,25076.80608,25522.37109375,24328.51711,25192.890625,24231.17871,24603.083984375,23799.23954
2017-04-26 06:30:00,26672.130859375,25466.1597,25872.69140625,25076.80608,25575.962890625,24328.51711,25129.2109375,24231.17871,24802.763671875,23799.23954,24198.6796875,23452.47148
2017-04-26 06:40:00,26158.640625,25076.80608,25439.689453125,24328.51711,25152.94921875,24231.17871,24746.419921875,23799.23954,24424.90234375,23452.47148,23872.328125,23008.36502
2017-04-26 06:50:00,25771.771484375,24328.51711,25094.876953125,24231.17871,24851.77734375,23799.23954,24497.009765625,23452.47148,24189.646484375,23008.36502,23640.873046875,22904.94297
2017-04-26 07:00:00,25355.09375,24231.17871,24768.4296875,23799.23954,24527.529296875,23452.47148,24197.734375,23008.36502,23895.458984375,22904.94297,23400.068359375,22704.18251
2017-04-26 07:10:00,25064.578125,23799.23954,24530.77734375,23452.47148,24335.994140625,23008.36502,24026.078125,22904.94297,23747.80859375,22704.18251,23251.126953125,22424.3346
2017-04-26 07:20:00,24749.201171875,23452.47148,24296.490234375,23008.36502,24102.603515625,22904.94297,23831.84375,22704.18251,23544.517578125,22424.3346,23100.748046875,22229.65779
2017-04-26 07:30:00,24570.228515625,23008.36502,24137.0078125,22904.94297,23973.46484375,22704.18251,23734.451171875,22424.3346,23451.29296875,22229.65779,23021.88671875,21919.39163
2017-04-26 07:40:00,24296.34375,22904.94297,23927.03125,22704.18251,23753.171875,22424.3346,23553.603515625,22229.65779,23261.0625,21919.39163,22886.123046875,21548.28897
2017-04-26 07:50:00,24138.27734375,22704.18251,23803.37109375,22424.3346,23657.560546875,22229.65779,23486.986328125,21919.39163,23196.74609375,21548.28897,22849.09375,21651.71103
2017-04-26 08:00:00,23887.353515625,22424.3346,23612.103515625,22229.65779,23461.57421875,21919.39163,23335.7265625,21548.28897,23050.306640625,21651.71103,22742.939453125,21420.53232
2017-04-26 08:10:00,23752.92578125,22229.65779,23498.3671875,21919.39163,23388.7890625,21548.28897,23258.29296875,21651.71103,23003.462890625,21420.53232,22696.8359375,21371.86312
2017-04-26 08:20:00,23563.58984375,21919.39163,23363.1015625,21548.28897,23238.88671875,21651.71103,23140.509765625,21420.53232,22862.103515625,21371.86312,22641.154296875,21128.51711
2017-04-26 08:30:00,23533.537109375,21548.28897,23334.36328125,21651.71103,23227.0546875,21420.53232,23169.7109375,21371.86312,22871.845703125,21128.51711,22689.47265625,21219.77186
2017-04-26 08:40:00,23380.86328125,21651.71103,23187.134765625,21420.53232,23095.537109375,21371.86312,23077.96875,21128.51711,22773.09765625,21219.77186,22638.603515625,21104.18251
2017-04-26 08:50:00,23320.447265625,21420.53232,23131.759765625,21371.86312,23072.357421875,21128.51711,23059.470703125,21219.77186,22745.4609375,21104.18251,22616.31640625,21049.42966
2017-04-26 09:00:00,23158.4296875,21371.86312,23006.943359375,21128.51711,22951.85546875,21219.77186,22933.234375,21104.18251,22627.416015625,21049.42966,22530.73828125,21116.34981
2017-04-26 09:10:00,23154.103515625,21128.51711,23000.55859375,21219.77186,22981.517578125,21104.18251,22951.3125,21049.42966,22620.80859375,21116.34981,22553.044921875,21177.18631
2017-04-26 09:20:00,23022.265625,21219.77186,22889.123046875,21104.18251,22860.54296875,21049.42966,22872.43359375,21116.34981,22506.58203125,21177.18631,22476.79296875,21225.85551
2017-04-26 09:30:00,23015.896484375,21104.18251,22871.103515625,21049.42966,22861.375,21116.34981,22870.689453125,21177.18631,22503.2421875,21225.85551,22473.841796875,21158.93536
2017-04-26 09:40:00,22918.96875,21049.42966,22786.404296875,21116.34981,22776.2421875,21177.18631,22798.2734375,21225.85551,22410.60546875,21158.93536,22415.232421875,21244.10646
2017-04-26 09:50:00,22864.93359375,21116.34981,22735.310546875,21177.18631,22747.98046875,21225.85551,22755.3515625,21158.93536,22383.962890625,21244.10646,22382.55859375,21213.68821
2017-04-26 10:00:00,22786.376953125,21177.18631,22654.08203125,21225.85551,22670.560546875,21158.93536,22699.716796875,21244.10646,22328.890625,21213.68821,22333.056640625,21286.69202
2017-04-26 10:10:00,22776.37109375,21225.85551,22618.708984375,21158.93536,22651.974609375,21244.10646,22673.8984375,21213.68821,22313.201171875,21286.69202,22321.03125,21511.78707
2017-04-26 10:20:00,22686.22265625,21158.93536,22535.791015625,21244.10646,22571.64453125,21213.68821,22605.916015625,21286.69202,22260.04296875,21511.78707,22286.658203125,21779.46768
2017-04-26 10:30:00,22685.515625,21244.10646,22527.375,21213.68821,22576.427734375,21286.69202,22609.91796875,21511.78707,22285.72265625,21779.46768,22316.599609375,21785.55133
2017-04-26 10:40:00,22569.6015625,21213.68821,22422.01953125,21286.69202,22482.05078125,21511.78707,22512.408203125,21779.46768,22205.46484375,21785.55133,22257.96875,21736.88213
2017-04-26 10:50:00,22523.27734375,21286.69202,22388.57421875,21511.78707,22455.36328125,21779.46768,22482.275390625,21785.55133,22201.111328125,21736.88213,22256.74609375,22022.81369
2017-04-26 11:00:00,22443.162109375,21511.78707,22313.357421875,21779.46768,22386.80078125,21785.55133,22431.892578125,21736.88213,22190.119140625,22022.81369,22235.041015625,22831.93916
2017-04-26 11:10:00,22384.412109375,21779.46768,22253.65625,21785.55133,22332.771484375,21736.88213,22393.873046875,22022.81369,22175.921875,22831.93916,22216.349609375,22692.01521
2017-04-26 11:20:00,22268.328125,21785.55133,22158.208984375,21736.88213,22246.087890625,22022.81369,22309.431640625,22831.93916,22101.1953125,22692.01521,22174.619140625,22600.76046
2017-04-26 11:30:00,22224.146484375,21736.88213,22094.13671875,22022.81369,22221.728515625,22831.93916,22287.71875,22692.01521,22121.685546875,22600.76046,22167.353515625,22892.77567
2017-04-26 11:40:00,22158.888671875,22022.81369,22028.8203125,22831.93916,22186.384765625,22692.01521,22269.3046875,22600.76046,22139.416015625,22892.77567,22198.78515625,23190.87452
2017-04-26 11:50:00,22108.6328125,22831.93916,22007.51171875,22692.01521,22169.859375,22600.76046,22255.015625,22892.77567,22162.58984375,23190.87452,22231.69140625,23245.62738
2017-04-26 12:00:00,22102.69921875,22692.01521,22011.587890625,22600.76046,22210.611328125,22892.77567,22316.5390625,23190.87452,22261.380859375,23245.62738,22338.150390625,22594.67681
2017-04-26 12:10:00,22182.919921875,22600.76046,22105.837890625,22892.77567,22302.32421875,23190.87452,22450.908203125,23245.62738,22446.03125,22594.67681,22537.541015625,21870.72243
2017-04-26 12:20:00,22153.734375,22892.77567,22089.46484375,23190.87452,22344.880859375,23245.62738,22494.984375,22594.67681,22497.005859375,21870.72243,22620.03515625,22071.48289
2017-04-26 12:30:00,22146.302734375,23190.87452,22082.984375,23245.62738,22358.716796875,22594.67681,22544.73828125,21870.72243,22574.5234375,22071.48289,22711.224609375,22223.57414
2017-04-26 12:40:00,22296.64453125,23245.62738,22268.572265625,22594.67681,22603.35546875,21870.72243,22826.298828125,22071.48289,22875.26171875,22223.57414,23031.783203125,22533.8403
2017-04-26 12:50:00,22489.0078125,22594.67681,22502.025390625,21870.72243,22847.697265625,22071.48289,23098.734375,22223.57414,23202.826171875,22533.8403,23406.9453125,22807.60456
2017-04-26 13:00:00,22702.169921875,21870.72243,22765.890625,22071.48289,23165.224609375,22223.57414,23448.939453125,22533.8403,23571.376953125,22807.60456,23812.640625,22582.50951
2017-04-26 13:10:00,23028.59375,22071.48289,23128.650390625,22223.57414,23536.583984375,22533.8403,23835.17578125,22807.60456,23973.7578125,22582.50951,24257.578125,22430.41825
2017-04-26 13:20:00,23334.82421875,22223.57414,23460.060546875,22533.8403,23937.0,22807.60456,24234.337890625,22582.50951,24401.083984375,22430.41825,24727.86328125,22911.02662
2017-04-26 13:30:00,23568.455078125,22533.8403,23760.857421875,22807.60456,24220.005859375,22582.50951,24564.744140625,22430.41825,24759.068359375,22911.02662,25085.814453125,23683.65019
2017-04-26 13:40:00,23940.169921875,22807.60456,24167.974609375,22582.50951,24640.373046875,22430.41825,25015.712890625,22911.02662,25271.197265625,23683.65019,25611.4453125,24395.43726
2017-04-26 13:50:00,24313.1640625,22582.50951,24563.37890625,22430.41825,25009.876953125,22911.02662,25390.171875,23683.65019,25661.189453125,24395.43726,26016.548828125,25009.88593
2017-04-26 14:00:00,24765.185546875,22430.41825,25040.048828125,22911.02662,25486.296875,23683.65019,25870.2265625,24395.43726,26167.9375,25009.88593,26523.150390625,25569.58175
2017-04-26 14:10:00,25146.548828125,22911.02662,25442.7890625,23683.65019,25868.318359375,24395.43726,26260.943359375,25009.88593,26586.2421875,25569.58175,26926.837890625,25831.17871
2017-04-26 14:20:00,25550.087890625,23683.65019,25837.146484375,24395.43726,26286.296875,25009.88593,26673.802734375,25569.58175,27007.29296875,25831.17871,27350.919921875,26208.36502
2017-04-26 14:30:00,26032.580078125,24395.43726,26326.951171875,25009.88593,26733.77734375,25569.58175,27136.869140625,25831.17871,27476.076171875,26208.36502,27782.6796875,27090.4943
2017-04-26 14:40:00,26513.265625,25009.88593,26819.42578125,25569.58175,27206.90625,25831.17871,27599.7890625,26208.36502,27936.69140625,27090.4943,28215.2734375,27692.77567
2017-04-26 14:50:00,27051.23046875,25569.58175,27358.787109375,25831.17871,27697.275390625,26208.36502,28104.953125,27090.4943,28435.3671875,27692.77567,28677.61328125,27844.86692
2017-04-26 15:00:00,27467.65625,25831.17871,27748.7578125,26208.36502,28079.1875,27090.4943,28482.095703125,27692.77567,28796.412109375,27844.86692,29016.92578125,28441.06464
2017-04-26 15:10:00,28001.525390625,26208.36502,28275.78515625,27090.4943,28585.271484375,27692.77567,28982.66796875,27844.86692,29279.05859375,28441.06464,29485.830078125,28489.73384
2017-04-26 15:20:00,28566.173828125,27090.4943,28807.87890625,27692.77567,29121.1640625,27844.86692,29485.583984375,28441.06464,29752.296875,28489.73384,29942.86328125,28885.1711
2017-04-26 15:30:00,29106.0390625,27692.77567,29336.08984375,27844.86692,29621.583984375,28441.06464,29992.0859375,28489.73384,30211.755859375,28885.1711,30373.75390625,28964.25856
2017-04-26 15:40:00,29559.365234375,27844.86692,29748.99609375,28441.06464,30040.806640625,28489.73384,30393.91796875,28885.1711,30571.318359375,28964.25856,30707.142578125,29244.10646
2017-04-26 15:50:00,30042.486328125,28441.06464,30231.970703125,28489.73384,30496.462890625,28885.1711,30831.08203125,28964.25856,30947.720703125,29244.10646,31060.84765625,29858.55513
2017-04-26 16:00:00,30414.171875,28489.73384,30563.447265625,28885.1711,30831.81640625,28964.25856,31135.0,29244.10646,31220.69921875,29858.55513,31327.716796875,30083.65019
2017-04-26 16:10:00,30796.181640625,28885.1711,30919.34375,28964.25856,31163.599609375,29244.10646,31449.896484375,29858.55513,31490.498046875,30083.65019,31588.509765625,30320.91255
2017-04-26 16:20:00,31123.90625,28964.25856,31206.111328125,29244.10646,31433.5546875,29858.55513,31707.578125,30083.65019,31698.806640625,30320.91255,31801.13671875,30247.90875
2017-04-26 16:30:00,31428.845703125,29244.10646,31484.3828125,29858.55513,31699.990234375,30083.65019,31952.421875,30320.91255,31893.13671875,30247.90875,31995.357421875,30558.1749
2017-04-26 16:40:00,31638.521484375,29858.55513,31653.171875,30083.65019,31847.759765625,30320.91255,32080.705078125,30247.90875,31971.85546875,30558.1749,32069.037109375,30856.27376
2017-04-26 16:50:00,31795.787109375,30083.65019,31779.373046875,30320.91255,31952.787109375,30247.90875,32170.3828125,30558.1749,32016.568359375,30856.27376,32113.767578125,31105.70342
2017-04-26 17:00:00,31920.921875,30320.91255,31876.8125,30247.90875,32033.439453125,30558.1749,32236.58203125,30856.27376,32051.849609375,31105.70342,32153.474609375,31178.70722
2017-04-26 17:10:00,32051.0234375,30247.90875,31986.275390625,30558.1749,32116.2265625,30856.27376,32308.416015625,31105.70342,32097.72265625,31178.70722,32196.876953125,31288.21293
2017-04-26 17:20:00,32148.775390625,30558.1749,32053.693359375,30856.27376,32162.603515625,31105.70342,32337.29296875,31178.70722,32108.3125,31288.21293,32201.59375,31160.45627
2017-04-26 17:30:00,32271.791015625,30856.27376,32172.48828125,31105.70342,32256.796875,31178.70722,32417.298828125,31288.21293,32164.857421875,31160.45627,32262.94921875,31513.30798
2017-04-26 17:40:00,32327.634765625,31105.70342,32193.689453125,31178.70722,32257.546875,31288.21293,32404.6484375,31160.45627,32139.197265625,31513.30798,32246.396484375,31714.06844
2017-04-26 17:50:00,32424.30859375,31178.70722,32275.599609375,31288.21293,32329.22265625,31160.45627,32457.240234375,31513.30798,32174.00390625,31714.06844,32298.916015625,31568.06084
2017-04-26 18:00:00,32450.619140625,31288.21293,32276.875,31160.45627,32325.765625,31513.30798,32430.642578125,31714.06844,32131.51171875,31568.06084,32272.8359375,31768.82129
2017-04-26 18:10:00,32470.96875,31160.45627,32286.134765625,31513.30798,32325.232421875,31714.06844,32415.8984375,31568.06084,32105.767578125,31768.82129,32258.20703125,32024.3346
2017-04-26 18:20:00,32489.2265625,31513.30798,32283.009765625,31714.06844,32322.310546875,31568.06084,32390.8125,31768.82129,32066.93359375,32024.3346,32234.37890625,32054.75285
2017-04-26 18:30:00,32444.33984375,31714.06844,32226.125,31568.06084,32255.244140625,31768.82129,32299.701171875,32024.3346,31973.158203125,32054.75285,32162.505859375,32079.08745
2017-04-26 18:40:00,32419.255859375,31568.06084,32175.498046875,31768.82129,32207.310546875,32024.3346,32237.875,32054.75285,31908.24609375,32079.08745,32124.50390625,31957.41445
2017-04-26 18:50:00,32318.6328125,31768.82129,32057.912109375,32024.3346,32093.78515625,32054.75285,32111.322265625,32079.08745,31771.365234375,31957.41445,32008.693359375,31926.9962
2017-04-26 19:00:00,32273.115234375,32024.3346,31992.447265625,32054.75285,32038.26953125,32079.08745,32048.1640625,31957.41445,31700.505859375,31926.9962,31968.365234375,31823.57414
2017-04-26 19:10:00,32167.26953125,32054.75285,31878.45703125,32079.08745,31932.083984375,31957.41445,31931.26171875,31926.9962,31585.66796875,31823.57414,31872.611328125,31793.15589
2017-04-26 19:20:00,32068.896484375,32079.08745,31765.064453125,31957.41445,31823.70703125,31926.9962,31811.0234375,31823.57414,31468.970703125,31793.15589,31775.533203125,31738.40304
2017-04-26 19:30:00,31961.939453125,31957.41445,31651.5234375,31926.9962,31717.064453125,31823.57414,31710.314453125,31793.15589,31370.306640625,31738.40304,31703.662109375,31908.74525
2017-04-26 19:40:00,31913.705078125,31926.9962,31598.05078125,31823.57414,31666.943359375,31793.15589,31663.28515625,31738.40304,31328.609375,31908.74525,31683.818359375,31799.23954
2017-04-26 19:50:00,31789.6015625,31823.57414,31480.7421875,31793.15589,31563.705078125,31738.40304,31567.1484375,31908.74525,31240.37890625,31799.23954,31621.302734375,31470.72243
2017-04-26 20:00:00,31709.04296875,31793.15589,31399.50390625,31738.40304,31486.310546875,31908.74525,31493.048828125,31799.23954,31192.587890625,31470.72243,31581.794921875,31470.72243
2017-04-26 20:10:00,31570.513671875,31738.40304,31267.876953125,31908.74525,31368.80859375,31799.23954,31378.00390625,31470.72243,31098.47265625,31470.72243,31502.28515625,31251.71103
2017-04-26 20:20:00,31471.134765625,31908.74525,31174.439453125,31799.23954,31275.435546875,31470.72243,31293.662109375,31470.72243,31037.056640625,31251.71103,31460.693359375,30941.44487
2017-04-26 20:30:00,31341.6640625,31799.23954,31063.978515625,31470.72243,31172.12109375,31470.72243,31210.09765625,31251.71103,30976.56640625,30941.44487,31420.013671875,30856.27376
2017-04-26 20:40:00,31269.91796875,31470.72243,31001.818359375,31470.72243,31106.46484375,31251.71103,31158.0234375,30941.44487,30950.4375,30856.27376,31412.232421875,30746.76806
2017-04-26 20:50:00,31112.240234375,31470.72243,30862.154296875,31251.71103,30990.033203125,30941.44487,31074.357421875,30856.27376,30896.439453125,30746.76806,31384.140625,30667.68061
2017-04-26 21:00:00,30956.908203125,31251.71103,30729.796875,30941.44487,30860.87890625,30856.27376,30963.619140625,30746.76806,30825.486328125,30667.68061,31343.998046875,30485.1711
2017-04-26 21:10:00,30842.544921875,30941.44487,30643.556640625,30856.27376,30779.482421875,30746.76806,30918.2578125,30667.68061,30812.2578125,30485.1711,31347.271484375,30150.57034
2017-04-26 21:20:00,30713.99609375,30856.27376,30551.73046875,30746.76806,30695.75390625,30667.68061,30877.828125,30485.1711,30821.955078125,30150.57034,31382.076171875,30083.65019
2017-04-26 21:30:00,30578.6640625,30746.76806,30470.06640625,30667.68061,30635.681640625,30485.1711,30882.001953125,30150.57034,30907.3671875,30083.65019,31465.73828125,30454.75285
2017-04-26 21:40:00,30507.6875,30667.68061,30448.072265625,30485.1711,30623.19140625,30150.57034,30930.35546875,30083.65019,31005.544921875,30454.75285,31584.17578125,30460.8365
2017-04-26 21:50:00,30409.58984375,30485.1711,30385.947265625,30150.57034,30578.33203125,30083.65019,30946.8046875,30454.75285,31079.900390625,30460.8365,31669.568359375,30898.85932
2017-04-26 22:00:00,30430.919921875,30150.57034,30450.029296875,30083.65019,30646.087890625,30454.75285,31090.654296875,30460.8365,31284.95703125,30898.85932,31886.48046875,31507.22433
2017-04-26 22:10:00,30432.486328125,30083.65019,30515.93359375,30454.75285,30731.396484375,30460.8365,31271.31640625,30898.85932,31542.890625,31507.22433,32127.712890625,31707.98479
2017-04-26 22:20:00,30510.90625,30454.75285,30641.37890625,30460.8365,30872.970703125,30898.85932,31492.25390625,31507.22433,31835.708984375,31707.98479,32420.859375,32565.77947
2017-04-26 22:30:00,30694.259765625,30460.8365,30877.09375,30898.85932,31145.087890625,31507.22433,31883.935546875,31707.98479,32318.53125,32565.77947,32904.4296875,34275.28517
2017-04-26 22:40:00,30999.72265625,30898.85932,31254.09375,31507.22433,31566.5703125,31707.98479,32391.16015625,32565.77947,32955.73046875,34275.28517,33562.24609375,37444.86692
2017-04-26 22:50:00,31546.822265625,31507.22433,31902.93359375,31707.98479,32263.4609375,32565.77947,33199.07421875,34275.28517,33891.15625,37444.86692,34557.75390625,39288.21293
2017-04-26 23:00:00,32185.46484375,31707.98479,32632.9765625,32565.77947,33072.453125,34275.28517,34132.953125,37444.86692,34970.76171875,39288.21293,35699.67578125,39768.82129
2017-04-26 23:10:00,33316.640625,32565.77947,33859.14453125,34275.28517,34375.60546875,37444.86692,35492.328125,39288.21293,36397.484375,39768.82129,37170.40234375,39847.90875
2017-04-26 23:20:00,34888.265625,34275.28517,35551.390625,37444.86692,36146.890625,39288.21293,37296.6875,39768.82129,38254.4921875,39847.90875,39030.81640625,39872.24335
2017-04-26 23:30:00,36219.375,37444.86692,36963.33984375,39288.21293,37591.09765625,39768.82129,38674.4375,39847.90875,39612.70703125,39872.24335,40272.55859375,39841.8251
2017-04-26 23:40:00,37678.03125,39288.21293,38412.67578125,39768.82129,38985.53125,39847.90875,39892.4765625,39872.24335,40729.80859375,39841.8251,41150.00390625,39829.65779
2017-04-26 23:50:00,38843.16015625,39768.82129,39518.9140625,39847.90875,39942.96875,39872.24335,40486.546875,39841.8251,41131.8203125,39829.65779,41243.63671875,39951.3308
2017-04-27 00:00:00,39526.1015625,39847.90875,40146.87109375,39872.24335,40376.53125,39841.8251,40574.0390625,39829.65779,41098.66796875,39951.3308,41006.51171875,39787.07224
2017-04-27 00:10:00,39488.5078125,39872.24335,40068.52734375,39841.8251,40157.58984375,39829.65779,40174.16015625,39951.3308,40605.69140625,39787.07224,40419.28125,39592.39544
2017-04-27 00:20:00,39445.29296875,39841.8251,39935.3359375,39829.65779,39958.9296875,39951.3308,39860.08203125,39787.07224,40192.19921875,39592.39544,39951.6015625,39634.98099
2017-04-27 00:30:00,39348.3984375,39829.65779,39809.390625,39951.3308,39802.25390625,39787.07224,39621.125,39592.39544,39881.9296875,39634.98099,39608.55859375,39568.06084
2017-04-27 00:40:00,39416.7578125,39951.3308,39822.6796875,39787.07224,39802.2578125,39592.39544,39575.4765625,39634.98099,39739.8515625,39568.06084,39465.17578125,39610.64639
2017-04-27 00:50:00,39506.48046875,39787.07224,39867.6171875,39592.39544,39834.88671875,39634.98099,39575.30078125,39568.06084,39682.2421875,39610.64639,39385.1484375,39154.37262
2017-04-27 01:00:00,39599.28125,39592.39544,39900.9375,39634.98099,39860.77734375,39568.06084,39591.92578125,39610.64639,39636.0859375,39154.37262,39339.97265625,38838.02281
2017-04-27 01:10:00,39639.2734375,39634.98099,39865.2890625,39568.06084,39812.15234375,39610.64639,39547.03515625,39154.37262,39542.3984375,38838.02281,39237.08203125,38667.68061
2017-04-27 01:20:00,39609.3671875,39568.06084,39778.91015625,39610.64639,39716.93359375,39154.37262,39432.82421875,38838.02281,39390.0703125,38667.68061,39088.453125,38412.1673
2017-04-27 01:30:00,39581.97265625,39610.64639,39693.5859375,39154.37262,39630.7109375,38838.02281,39315.8203125,38667.68061,39235.12890625,38412.1673,38934.875,38941.44487
2017-04-27 01:40:00,39587.33984375,39154.37262,39643.46875,38838.02281,39567.05859375,38667.68061,39215.0390625,38412.1673,39076.6328125,38941.44487,38804.7578125,39069.20152
2017-04-27 01:50:00,39480.61328125,38838.02281,39467.40625,38667.68061,39368.80078125,38412.1673,38986.68359375,38941.44487,38839.13671875,39069.20152,38550.60546875,38947.52852
2017-04-27 02:00:00,39399.93359375,38667.68061,39325.08984375,38412.1673,39219.31640625,38941.44487,38801.69140625,39069.20152,38634.83984375,38947.52852,38322.625,38655.51331
2017-04-27 02:10:00,39281.41015625,38412.1673,39151.65234375,38941.44487,39014.28125,39069.20152,38572.99609375,38947.52852,38382.63671875,38655.51331,38063.1796875,38053.23194
2017-04-27 02:20:00,39086.9375,38941.44487,38899.328125,39069.20152,38743.2265625,38947.52852,38250.87890625,38655.51331,38041.14453125,38053.23194,37741.67578125,37609.12548
2017-04-27 02:30:00,38830.41796875,39069.20152,38560.578125,38947.52852,38374.73046875,38655.51331,37850.12890625,38053.23194,37627.296875,37609.12548,37317.9765625,37475.28517
2017-04-27 02:40:00,38600.9453125,38947.52852,38273.8046875,38655.51331,38081.22265625,38053.23194,37519.53515625,37609.12548,37282.37109375,37475.28517,36968.91015625,37073.76426
2017-04-27 02:50:00,38377.98828125,38655.51331,37984.0546875,38053.23194,37792.5,37609.12548,37202.37109375,37475.28517,36926.609375,37073.76426,36604.59375,36599.23954
2017-04-27 03:00:00,38118.9375,38053.23194,37661.81640625,37609.12548,37434.96484375,37475.28517,36816.171875,37073.76426,36535.73046875,36599.23954,36187.34765625,36173.38403
2017-04-27 03:10:00,37866.62890625,37609.12548,37345.49609375,37475.28517,37098.92578125,37073.76426,36471.02734375,36599.23954,36158.9453125,36173.38403,35758.796875,36045.62738
2017-04-27 03:20:00,37618.1953125,37475.28517,37059.99609375,37073.76426,36810.35546875,36599.23954,36180.55078125,36173.38403,35817.38671875,36045.62738,35402.55859375,35631.93916
2017-04-27 03:30:00,37340.9609375,37073.76426,36733.06640625,36599.23954,36440.41015625,36173.38403,35792.4921875,36045.62738,35404.60546875,35631.93916,34936.78125,35053.9924
2017-04-27 03:40:00,37020.53125,36599.23954,36392.5234375,36173.38403,36048.95703125,36045.62738,35383.83203125,35631.93916,34982.32421875,35053.9924,34486.52734375,34330.03802
2017-04-27 03:50:00,36568.41796875,36173.38403,35909.1328125,36045.62738,35534.3359375,35631.93916,34853.40625,35053.9924,34416.48828125,34330.03802,33891.7109375,33648.6692
2017-04-27 04:00:00,36164.9375,36045.62738,35507.3359375,35631.93916,35075.1484375,35053.9924,34391.52734375,34330.03802,33908.98828125,33648.6692,33363.68359375,32736.12167
2017-04-27 04:10:00,35672.640625,35631.93916,34969.83984375,35053.9924,34473.34375,34330.03802,33789.96484375,33648.6692,33256.890625,32736.12167,32673.83984375,32048.6692
2017-04-27 04:20:00,35218.12890625,35053.9924,34505.015625,34330.03802,33949.95703125,33648.6692,33283.8828125,32736.12167,32724.130859375,32048.6692,32103.865234375,31081.36882
2017-04-27 04:30:00,34685.33984375,34330.03802,33938.6171875,33648.6692,33344.7265625,32736.12167,32682.4140625,32048.6692,32092.1875,31081.36882,31433.330078125,30193.15589
2017-04-27 04:40:00,34220.24609375,33648.6692,33456.46484375,32736.12167,32810.875,32048.6692,32156.162109375,31081.36882,31547.80078125,30193.15589,30857.337890625,29304.94297
2017-04-27 04:50:00,33574.20703125,32736.12167,32796.35546875,32048.6692,32102.65234375,31081.36882,31449.630859375,30193.15589,30847.462890625,29304.94297,30126.658203125,28422.81369
2017-04-27 05:00:00,32915.52734375,32048.6692,32108.396484375,31081.36882,31402.390625,30193.15589,30764.81640625,29304.94297,30171.591796875,28422.81369,29448.55078125,27850.95057
2017-04-27 05:10:00,32239.33203125,31081.36882,31408.525390625,30193.15589,30699.66796875,29304.94297,30056.171875,28422.81369,29495.9296875,27850.95057,28753.3671875,27260.8365
2017-04-27 05:20:00,31552.998046875,30193.15589,30694.0546875,29304.94297,30000.59765625,28422.81369,29357.81640625,27850.95057,28843.064453125,27260.8365,28116.01953125,26476.04563
2017-04-27 05:30:00,30821.095703125,29304.94297,29945.28125,28422.81369,29260.583984375,27850.95057,28612.1484375,27260.8365,28149.658203125,26476.04563,27409.32421875,25861.59696
2017-04-27 05:40:00,30135.087890625,28422.81369,29235.5390625,27850.95057,28611.740234375,27260.8365,27979.396484375,26476.04563,27557.638671875,25861.59696,26856.802734375,25253.23194
2017-04-27 05:50:00,29586.3984375,27850.95057,28663.859375,27260.8365,28083.5234375,26476.04563,27439.0625,25861.59696,27013.78515625,25253.23194,26374.9453125,24876.04563
2017-04-27 06:00:00,28864.783203125,27260.8365,27963.734375,26476.04563,27465.103515625,25861.59696,26840.76953125,25253.23194,26443.091796875,24876.04563,25820.16015625,24438.02281
2017-04-27 06:10:00,28220.05078125,26476.04563,27339.94921875,25861.59696,26897.3671875,25253.23194,26297.876953125,24876.04563,25913.07421875,24438.02281,25309.15625,24091.25475
2017-04-27 06:20:00,27450.25,25861.59696,26619.765625,25253.23194,26231.07421875,24876.04563,25716.130859375,24438.02281,25373.779296875,24091.25475,24733.962890625,23415.96958
2017-04-27 06:30:00,26812.54296875,25253.23194,26031.05078125,24876.04563,25702.251953125,24438.02281,25238.873046875,24091.25475,24900.296875,23415.96958,24295.70703125,23257.79468
2017-04-27 06:40:00,26288.115234375,24876.04563,25575.359375,24438.02281,25270.884765625,24091.25475,24873.9296875,23415.96958,24540.39453125,23257.79468,23955.53515625,22947.52852
2017-04-27 06:50:00,25824.1953125,24438.02281,25198.7421875,24091.25475,24894.12890625,23415.96958,24560.705078125,23257.79468,24224.685546875,22947.52852,23682.10546875,22728.51711
2017-04-27 07:00:00,25429.94921875,24091.25475,24870.1015625,23415.96958,24608.3203125,23257.79468,24307.275390625,22947.52852,23979.85546875,22728.51711,23466.923828125,22473.0038
2017-04-27 07:10:00,25097.82421875,23415.96958,24606.978515625,23257.79468,24362.609375,22947.52852,24072.16015625,22728.51711,23755.5390625,22473.0038,23275.138671875,22187.07224
2017-04-27 07:20:00,24789.77734375,23257.79468,24345.564453125,22947.52852,24123.65625,22728.51711,23879.26171875,22473.0038,23553.66015625,22187.07224,23111.529296875,22083.65019
2017-04-27 07:30:00,24558.50390625,22947.52852,24150.73046875,22728.51711,23944.69921875,22473.0038,23736.828125,22187.07224,23408.88671875,22083.65019,23005.888671875,21785.55133
2017-04-27 07:40:00,24297.265625,22728.51711,23953.57421875,22473.0038,23758.32421875,22187.07224,23585.97265625,22083.65019,23258.251953125,21785.55133,22896.138671875,21298.85932
2017-04-27 07:50:00,24084.591796875,22473.0038,23777.7734375,22187.07224,23600.09375,22083.65019,23446.2578125,21785.55133,23139.611328125,21298.85932,22796.453125,20599.23954
2017-04-27 08:00:00,23851.958984375,22187.07224,23604.13671875,22083.65019,23434.7109375,21785.55133,23315.71875,21298.85932,23013.958984375,20599.23954,22716.076171875,20678.327
2017-04-27 08:10:00,23683.431640625,22083.65019,23467.248046875,21785.55133,23308.12109375,21298.85932,23211.826171875,20599.23954,22910.171875,20678.327,22648.291015625,21000.76046
2017-04-27 08:20:00,23540.90234375,21785.55133,23354.880859375,21298.85932,23201.615234375,20599.23954,23144.49609375,20678.327,22831.416015625,21000.76046,22636.26171875,20879.08745
2017-04-27 08:30:00,23408.646484375,21298.85932,23236.908203125,20599.23954,23103.119140625,20678.327,23078.455078125,21000.76046,22756.951171875,20879.08745,22604.044921875,20842.58555
2017-04-27 08:40:00,23277.958984375,20599.23954,23122.470703125,20678.327,23013.642578125,21000.76046,23006.12890625,20879.08745,22683.490234375,20842.58555,22556.931640625,20921.673
2017-04-27 08:50:00,23191.638671875,20678.327,23046.33203125,21000.76046,22951.4296875,20879.08745,22953.916015625,20842.58555,22626.3203125,20921.673,22529.46484375,20830.41825
2017-04-27 09:00:00,23088.259765625,21000.76046,22967.279296875,20879.08745,22887.234375,20842.58555,22882.640625,20921.673,22556.25,20830.41825,22490.23046875,20556.65399
2017-04-27 09:10:00,23007.302734375,20879.08745,22902.95703125,20842.58555,22837.93359375,20921.673,22846.12890625,20830.41825,22485.6171875,20556.65399,22453.830078125,20848.6692
2017-04-27 09:20:00,22896.623046875,20842.58555,22799.021484375,20921.673,22746.7578125,20830.41825,22763.046875,20556.65399,22396.703125,20848.6692,22387.31640625,20976.42586
2017-04-27 09:30:00,22845.171875,20921.673,22758.2421875,20830.41825,22718.919921875,20556.65399,22736.625,20848.6692,22352.185546875,20976.42586,22366.20703125,20848.6692
2017-04-27 09:40:00,22777.943359375,20830.41825,22688.9296875,20556.65399,22665.673828125,20848.6692,22693.287109375,20976.42586,22289.802734375,20848.6692,22321.298828125,20866.92015
2017-04-27 09:50:00,22716.296875,20556.65399,22620.9921875,20848.6692,22607.708984375,20976.42586,22647.41796875,20848.6692,22236.462890625,20866.92015,22283.14453125,21092.01521
2017-04-27 10:00:00,22641.916015625,20848.6692,22538.208984375,20976.42586,22542.732421875,20848.6692,22573.205078125,20866.92015,22173.66796875,21092.01521,22225.376953125,20958.1749
2017-04-27 10:10:00,22574.5,20976.42586,22464.41015625,20848.6692,22479.287109375,20866.92015,22498.158203125,21092.01521,22123.017578125,20958.1749,22187.14453125,21043.34601
2017-04-27 10:20:00,22501.970703125,20848.6692,22378.77734375,20866.92015,22403.021484375,21092.01521,22424.47265625,20958.1749,22063.28125,21043.34601,22135.1796875,21256.27376
2017-04-27 10:30:00,22467.64453125,20866.92015,22340.076171875,21092.01521,22367.349609375,20958.1749,22396.189453125,21043.34601,22049.6484375,21256.27376,22123.19140625,21292.77567
2017-04-27 10:40:00,22399.173828125,21092.01521,22266.392578125,20958.1749,22306.720703125,21043.34601,22338.240234375,21256.27376,22009.00390625,21292.77567,22088.66796875,21183.26996
2017-04-27 10:50:00,22321.57421875,20958.1749,22193.849609375,21043.34601,22236.65625,21256.27376,22269.796875,21292.77567,21960.689453125,21183.26996,22055.861328125,21511.78707
2017-04-27 11:00:00,22259.58203125,21043.34601,22129.548828125,21256.27376,22193.822265625,21292.77567,22216.078125,21183.26996,21926.154296875,21511.78707,22023.05859375,22369.58175
2017-04-27 11:10:00,22211.927734375,21256.27376,22089.373046875,21292.77567,22158.6953125,21183.26996,22190.146484375,21511.78707,21925.740234375,22369.58175,22029.740234375,22485.1711
2017-04-27 11:20:00,22121.875,21292.77567,21998.923828125,21183.26996,22080.525390625,21511.78707,22116.474609375,22369.58175,21886.587890625,22485.1711,21991.01953125,22351.3308
2017-04-27 11:30:00,22062.328125,21183.26996,21944.19921875,21511.78707,22028.4609375,22369.58175,22081.20703125,22485.1711,21879.19140625,22351.3308,21998.078125,22284.41065
2017-04-27 11:40:00,21999.8828125,21511.78707,21887.48046875,22369.58175,21983.685546875,22485.1711,22050.681640625,22351.3308,21871.373046875,22284.41065,21997.78515625,22765.01901
2017-04-27 11:50:00,21966.04296875,22369.58175,21865.400390625,22485.1711,21979.642578125,22351.3308,22067.7109375,22284.41065,21913.814453125,22765.01901,22052.853515625,22844.10646
2017-04-27 12:00:00,21924.5546875,22485.1711,21833.8671875,22351.3308,21963.919921875,22284.41065,22058.330078125,22765.01901,21937.59765625,22844.10646,22097.2421875,22637.26236
2017-04-27 12:10:00,21949.50390625,22351.3308,21875.10546875,22284.41065,22039.255859375,22765.01901,22165.81640625,22844.10646,22079.45703125,22637.26236,22250.892578125,21615.20913
2017-04-27 12:20:00,22043.22265625,22284.41065,21985.052734375,22765.01901,22171.53515625,22844.10646,22340.654296875,22637.26236,22309.177734375,21615.20913,22489.109375,21815.96958
2017-04-27 12:30:00,22158.701171875,22765.01901,22137.705078125,22844.10646,22353.41796875,22637.26236,22560.3046875,21615.20913,22563.228515625,21815.96958,22779.68359375,22120.15209
2017-04-27 12:40:00,22230.677734375,22844.10646,22236.9375,22637.26236,22476.392578125,21615.20913,22721.146484375,21815.96958,22754.70703125,22120.15209,22993.220703125,22345.24715
2017-04-27 12:50:00,22437.896484375,22637.26236,22466.318359375,21615.20913,22767.5234375,21815.96958,23049.77734375,22120.15209,23110.33203125,22345.24715,23373.2734375,22393.91635
2017-04-27 13:00:00,22698.91015625,21615.20913,22776.638671875,21815.96958,23097.375,22120.15209,23408.810546875,22345.24715,23509.595703125,22393.91635,23795.01953125,22180.98859
2017-04-27 13:10:00,22940.349609375,21815.96958,23048.236328125,22120.15209,23404.3671875,22345.24715,23742.98046875,22393.91635,23873.4609375,22180.98859,24198.43359375,21992.39544
2017-04-27 13:20:00,23161.060546875,22120.15209,23299.173828125,22345.24715,23670.763671875,22393.91635,24023.83984375,22180.98859,24160.375,21992.39544,24509.70703125,22917.11027
2017-04-27 13:30:00,23710.216796875,22345.24715,23902.10546875,22393.91635,24285.642578125,22180.98859,24650.3515625,21992.39544,24831.09765625,22917.11027,25198.189453125,23446.38783
2017-04-27 13:40:00,24102.376953125,22393.91635,24317.048828125,22180.98859,24713.306640625,21992.39544,25080.802734375,22917.11027,25300.431640625,23446.38783,25669.4453125,24158.1749
2017-04-27 13:50:00,24480.587890625,22180.98859,24743.658203125,21992.39544,25147.83203125,22917.11027,25534.876953125,23446.38783,25801.435546875,24158.1749,26163.21484375,24444.10646
2017-04-27 14:00:00,24849.447265625,21992.39544,25115.66796875,22917.11027,25505.408203125,23446.38783,25888.236328125,24158.1749,26188.857421875,24444.10646,26514.63671875,25058.55513
2017-04-27 14:10:00,25321.556640625,22917.11027,25598.24609375,23446.38783,25967.119140625,24158.1749,26322.88671875,24444.10646,26647.283203125,25058.55513,26955.783203125,25423.57414
2017-04-27 14:20:00,25643.896484375,23446.38783,25924.78125,24158.1749,26266.57421875,24444.10646,26634.18359375,25058.55513,26983.15625,25423.57414,27247.4140625,26141.44487
2017-04-27 14:30:00,26101.333984375,24158.1749,26370.7734375,24444.10646,26688.1171875,25058.55513,27048.123046875,25423.57414,27390.431640625,26141.44487,27627.171875,26816.73004
2017-04-27 14:40:00,26454.900390625,24444.10646,26708.345703125,25058.55513,27007.478515625,25423.57414,27367.369140625,26141.44487,27725.08984375,26816.73004,27926.619140625,27193.91635
2017-04-27 14:50:00,26899.0234375,25058.55513,27151.14453125,25423.57414,27445.56640625,26141.44487,27776.1015625,26816.73004,28111.599609375,27193.91635,28281.638671875,28051.71103
2017-04-27 15:00:00,27377.94140625,25423.57414,27625.673828125,26141.44487,27895.4765625,26816.73004,28229.1796875,27193.91635,28554.603515625,28051.71103,28684.779296875,28155.13308
2017-04-27 15:10:00,27969.267578125,26141.44487,28187.037109375,26816.73004,28455.390625,27193.91635,28766.021484375,28051.71103,29041.09375,28155.13308,29165.248046875,28684.41065
2017-04-27 15:20:00,28415.09765625,26816.73004,28616.7578125,27193.91635,28847.0,28051.71103,29168.048828125,28155.13308,29413.666015625,28684.41065,29504.90234375,28647.90875
2017-04-27 15:30:00,28892.029296875,27193.91635,29068.201171875,28051.71103,29310.873046875,28155.13308,29605.564453125,28684.41065,29821.900390625,28647.90875,29905.775390625,29231.93916
2017-04-27 15:40:00,29363.33203125,28051.71103,29507.328125,28155.13308,29719.951171875,28684.41065,30001.68359375,28647.90875,30174.900390625,29231.93916,30241.09375,29603.04183
2017-04-27 15:50:00,29743.255859375,28155.13308,29843.703125,28684.41065,30069.2578125,28647.90875,30335.640625,29231.93916,30459.00390625,29603.04183,30517.31640625,30028.89734
2017-04-27 16:00:00,30234.38671875,28684.41065,30299.427734375,28647.90875,30509.37109375,29231.93916,30751.400390625,29603.04183,30816.408203125,30028.89734,30873.279296875,30266.1597
2017-04-27 16:10:00,30599.234375,28647.90875,30634.640625,29231.93916,30848.515625,29603.04183,31071.3515625,30028.89734,31092.080078125,30266.1597,31140.81640625,30278.327
2017-04-27 16:20:00,30922.412109375,29231.93916,30932.087890625,29603.04183,31115.154296875,30028.89734,31324.388671875,30266.1597,31295.349609375,30278.327,31336.1640625,30466.92015
2017-04-27 16:30:00,31188.3125,29603.04183,31196.537109375,30028.89734,31361.451171875,30266.1597,31557.078125,30278.327,31490.318359375,30466.92015,31526.59765625,31130.03802
2017-04-27 16:40:00,31471.51953125,30028.89734,31445.671875,30266.1597,31589.9765625,30278.327,31772.353515625,30466.92015,31662.029296875,31130.03802,31706.876953125,31184.79087
2017-04-27 16:50:00,31666.228515625,30266.1597,31625.125,30278.327,31752.115234375,30466.92015,31914.955078125,31130.03802,31765.712890625,31184.79087,31816.14453125,31330.79848
2017-04-27 17:00:00,31816.8828125,30278.327,31737.572265625,30466.92015,31855.544921875,31130.03802,31999.8203125,31184.79087,31810.23828125,31330.79848,31872.099609375,31689.73384
2017-04-27 17:10:00,32006.912109375,30466.92015,31927.830078125,31130.03802,32032.736328125,31184.79087,32170.544921875,31330.79848,31944.802734375,31689.73384,32015.12109375,31647.14829
2017-04-27 17:20:00,32207.166015625,31130.03802,32099.810546875,31184.79087,32201.23046875,31330.79848,32316.931640625,31689.73384,32052.84375,31647.14829,32144.384765625,31282.12928
2017-04-27 17:30:00,32310.107421875,31184.79087,32190.712890625,31330.79848,32269.392578125,31689.73384,32374.23046875,31647.14829,32081.740234375,31282.12928,32177.6640625,31707.98479
2017-04-27 17:40:00,32408.693359375,31330.79848,32254.80078125,31689.73384,32328.595703125,31647.14829,32415.76953125,31282.12928,32094.890625,31707.98479,32205.564453125,31817.49049
2017-04-27 17:50:00,32455.513671875,31689.73384,32299.759765625,31647.14829,32346.81640625,31282.12928,32420.15625,31707.98479,32073.177734375,31817.49049,32190.81640625,31634.98099
2017-04-27 18:00:00,32536.1171875,31647.14829,32358.29296875,31282.12928,32411.6796875,31707.98479,32462.1171875,31817.49049,32087.80859375,31634.98099,32235.259765625,31744.48669
2017-04-27 18:10:00,32624.666015625,31282.12928,32440.607421875,31707.98479,32476.583984375,31817.49049,32516.98046875,31634.98099,32123.005859375,31744.48669,32283.60546875,31592.39544
2017-04-27 18:20:00,32657.099609375,31707.98479,32464.068359375,31817.49049,32502.3046875,31634.98099,32509.310546875,31744.48669,32108.595703125,31592.39544,32293.8515625,31324.71483
2017-04-27 18:30:00,32664.30078125,31817.49049,32458.83984375,31634.98099,32493.724609375,31744.48669,32482.962890625,31592.39544,32072.572265625,31324.71483,32284.19921875,31057.03422
2017-04-27 18:40:00,32626.638671875,31634.98099,32399.2421875,31744.48669,32441.451171875,31592.39544,32413.0625,31324.71483,31987.87109375,31057.03422,32221.302734375,31002.28137
2017-04-27 18:50:00,32606.70703125,31744.48669,32371.33984375,31592.39544,32408.134765625,31324.71483,32363.541015625,31057.03422,31928.890625,31002.28137,32187.271484375,31069.20152
2017-04-27 19:00:00,32545.296875,31592.39544,32283.78125,31324.71483,32338.638671875,31057.03422,32281.642578125,31002.28137,31837.646484375,31069.20152,32127.611328125,30692.01521
2017-04-27 19:10:00,32471.716796875,31324.71483,32208.310546875,31057.03422,32260.673828125,31002.28137,32188.0546875,31069.20152,31742.5390625,30692.01521,32042.455078125,30424.3346
2017-04-27 19:20:00,32293.46484375,31057.03422,32004.8125,31002.28137,32070.318359375,31069.20152,31965.712890625,30692.01521,31536.517578125,30424.3346,31867.900390625,30789.35361
2017-04-27 19:30:00,32218.162109375,31002.28137,31926.146484375,31069.20152,31986.62890625,30692.01521,31880.134765625,30424.3346,31449.4453125,30789.35361,31796.626953125,30734.60076
2017-04-27 19:40:00,31972.580078125,31069.20152,31655.28515625,30692.01521,31729.6640625,30424.3346,31616.787109375,30789.35361,31169.46875,30734.60076,31572.50390625,30692.01521
2017-04-27 19:50:00,31902.369140625,30692.01521,31586.79296875,30424.3346,31655.306640625,30789.35361,31545.939453125,30734.60076,31102.658203125,30692.01521,31527.232421875,30710.26616
2017-04-27 20:00:00,31620.396484375,30424.3346,31300.271484375,30789.35361,31383.48046875,30734.60076,31275.166015625,30692.01521,30868.79296875,30710.26616,31337.861328125,30880.60837
2017-04-27 20:10:00,31412.5703125,30789.35361,31116.2578125,30734.60076,31195.23828125,30692.01521,31073.697265625,30710.26616,30714.740234375,30880.60837,31174.57421875,30466.92015
2017-04-27 20:20:00,31072.091796875,30734.60076,30774.6875,30692.01521,30864.123046875,30710.26616,30753.587890625,30880.60837,30421.818359375,30466.92015,30924.740234375,30144.48669
2017-04-27 20:30:00,30948.125,30692.01521,30665.806640625,30710.26616,30745.19921875,30880.60837,30641.28125,30466.92015,30328.94921875,30144.48669,30841.798828125,30339.1635
2017-04-27 20:40:00,30697.677734375,30710.26616,30447.9375,30880.60837,30555.564453125,30466.92015,30491.181640625,30144.48669,30220.177734375,30339.1635,30782.478515625,30296.57795
2017-04-27 20:50:00,30529.84375,30880.60837,30291.041015625,30466.92015,30398.271484375,30144.48669,30335.20703125,30339.1635,30118.125,30296.57795,30689.6171875,30041.06464
2017-04-27 21:00:00,30349.271484375,30466.92015,30139.982421875,30144.48669,30290.248046875,30339.1635,30280.7421875,30296.57795,30127.716796875,30041.06464,30718.046875,29931.55894
2017-04-27 21:10:00,30176.271484375,30144.48669,29990.037109375,30339.1635,30150.921875,30296.57795,30154.814453125,30041.06464,30055.419921875,29931.55894,30676.265625,29961.97719
2017-04-27 21:20:00,30057.9375,30339.1635,29939.533203125,30296.57795,30121.521484375,30041.06464,30216.07421875,29931.55894,30159.0,29961.97719,30800.833984375,29925.47529
2017-04-27 21:30:00,29996.216796875,30296.57795,29935.453125,30041.06464,30128.861328125,29931.55894,30285.89453125,29961.97719,30287.130859375,29925.47529,30911.24609375,29955.89354
2017-04-27 21:40:00,29944.0546875,30041.06464,29949.818359375,29931.55894,30151.36328125,29961.97719,30417.638671875,29925.47529,30488.52734375,29955.89354,31119.66015625,30253.9924
2017-04-27 21:50:00,29939.6875,29931.55894,29983.8984375,29961.97719,30185.46875,29925.47529,30508.201171875,29955.89354,30633.123046875,30253.9924,31272.7109375,30466.92015
2017-04-27 22:00:00,29945.765625,29961.97719,30051.4765625,29925.47529,30295.19921875,29955.89354,30742.607421875,30253.9924,30926.666015625,30466.92015,31594.265625,31105.70342
2017-04-27 22:10:00,30077.21875,29925.47529,30247.748046875,29955.89354,30521.6171875,30253.9924,31039.490234375,30466.92015,31317.296875,31105.70342,32010.6796875,31835.74144
2017-04-27 22:20:00,30170.294921875,29955.89354,30421.546875,30253.9924,30731.982421875,30466.92015,31395.521484375,31105.70342,31775.94140625,31835.74144,32498.09375,32796.95817
2017-04-27 22:30:00,30305.80078125,30253.9924,30604.3984375,30466.92015,30942.1953125,31105.70342,31654.029296875,31835.74144,32113.109375,32796.95817,32853.140625,34378.70722
2017-04-27 22:40:00,30703.173828125,30466.92015,31067.17578125,31105.70342,31421.43359375,31835.74144,32240.181640625,32796.95817,32763.935546875,34378.70722,33516.05859375,37469.20152
2017-04-27 22:50:00,31311.666015625,31105.70342,31757.13671875,31835.74144,32186.990234375,32796.95817,33101.6796875,34378.70722,33773.06640625,37469.20152,34568.94140625,39555.89354
2017-04-27 23:00:00,32017.96484375,31835.74144,32542.5703125,32796.95817,33044.91796875,34378.70722,34051.78515625,37469.20152,34835.953125,39555.89354,35668.75390625,40091.25475
2017-04-27 23:10:00,33117.66015625,32796.95817,33713.60546875,34378.70722,34284.7578125,37469.20152,35359.24609375,39555.89354,36232.51953125,40091.25475,37080.86328125,40225.09506
2017-04-27 23:20:00,34363.5078125,34378.70722,35009.6484375,37469.20152,35606.53515625,39555.89354,36635.21875,40091.25475,37556.5078125,40225.09506,38369.48046875,40030.41825
2017-04-27 23:30:00,36016.7734375,37469.20152,36754.38671875,39555.89354,37375.87109375,40091.25475,38293.37109375,40225.09506,39204.41015625,40030.41825,39905.5546875,40085.1711
2017-04-27 23:40:00,37436.265625,39555.89354,38198.1328125,40091.25475,38714.84765625,40225.09506,39365.07421875,40030.41825,40138.5390625,40085.1711,40589.72265625,40079.08745
2017-04-27 23:50:00,38608.3984375,40091.25475,39306.2578125,40225.09506,39670.14453125,40030.41825,39969.3671875,40085.1711,40553.2890625,40079.08745,40702.19921875,40012.1673
2017-04-28 00:00:00,38954.63671875,40225.09506,39580.875,40030.41825,39795.2265625,40085.1711,39868.328125,40079.08745,40338.375,40012.1673,40337.8046875,39981.74905
2017-04-28 00:10:00,39172.12109375,40030.41825,39692.58984375,40085.1711,39795.4375,40079.08745,39716.14453125,40012.1673,40063.265625,39981.74905,39907.90625,39939.1635
2017-04-28 00:20:00,39115.796875,40085.1711,39590.8828125,40079.08745,39630.02734375,40012.1673,39464.55078125,39981.74905,39737.0234375,39939.1635,39527.109375,39884.41065
2017-04-28 00:30:00,39132.3828125,40079.08745,39553.421875,40012.1673,39563.046875,39981.74905,39339.828125,39939.1635,39531.1171875,39884.41065,39276.625,39890.4943
2017-04-28 00:40:00,39076.921875,40012.1673,39432.640625,39981.74905,39430.1953125,39939.1635,39184.87890625,39884.41065,39329.2890625,39890.4943,39054.20703125,39422.05323
2017-04-28 00:50:00,39099.53515625,39981.74905,39384.9765625,39939.1635,39377.27734375,39884.41065,39125.40234375,39890.4943,39195.453125,39422.05323,38915.71484375,39209.12548
2017-04-28 01:00:00,39049.5859375,39939.1635,39257.046875,39884.41065,39235.4296875,39890.4943,38978.76953125,39422.05323,39019.25390625,39209.12548,38684.640625,38813.68821
2017-04-28 01:10:00,39190.0390625,39884.41065,39369.71875,39890.4943,39333.90234375,39422.05323,39059.75390625,39209.12548,39056.83203125,38813.68821,38738.25,38758.93536
2017-04-28 01:20:00,39085.7578125,39890.4943,39223.6015625,39422.05323,39185.08203125,39209.12548,38893.8828125,38813.68821,38846.6171875,38758.93536,38512.37890625,38625.09506
2017-04-28 01:30:00,39266.3125,39422.05323,39339.375,39209.12548,39274.96875,38813.68821,38943.7734375,38758.93536,38855.8203125,38625.09506,38544.3515625,39057.03422
2017-04-28 01:40:00,39149.62109375,39209.12548,39174.25390625,38813.68821,39089.2734375,38758.93536,38740.42578125,38625.09506,38651.21484375,39057.03422,38282.51953125,39038.78327
2017-04-28 01:50:00,39146.453125,38813.68821,39117.86328125,38758.93536,38997.953125,38625.09506,38622.15625,39057.03422,38474.0859375,39038.78327,38150.83984375,38984.03042
2017-04-28 02:00:00,39024.703125,38758.93536,38943.30859375,38625.09506,38805.421875,39057.03422,38403.44921875,39038.78327,38255.01953125,38984.03042,37914.12890625,38771.10266
2017-04-28 02:10:00,38881.63671875,38625.09506,38712.6640625,39057.03422,38573.74609375,39038.78327,38116.26171875,38984.03042,37900.41796875,38771.10266,37632.50390625,38448.6692
2017-04-28 02:20:00,38716.7890625,39057.03422,38508.375,39038.78327,38348.40234375,38984.03042,37866.390625,38771.10266,37683.6484375,38448.6692,37385.671875,37828.13688
2017-04-28 02:30:00,38550.27734375,39038.78327,38264.765625,38984.03042,38087.65625,38771.10266,37570.8671875,38448.6692,37334.2734375,37828.13688,37053.8203125,37615.20913
2017-04-28 02:40:00,38263.2265625,38984.03042,37916.6484375,38771.10266,37735.99609375,38448.6692,37185.59765625,37828.13688,36966.88671875,37615.20913,36665.328125,37256.27376
2017-04-28 02:50:00,38158.12109375,38771.10266,37745.234375,38448.6692,37530.40625,37828.13688,36967.7578125,37615.20913,36702.01953125,37256.27376,36383.59765625,36726.9962
2017-04-28 03:00:00,37826.2109375,38448.6692,37361.90625,37828.13688,37150.4609375,37615.20913,36572.14453125,37256.27376,36308.64453125,36726.9962,35926.62109375,36136.88213
2017-04-28 03:10:00,37632.96875,37828.13688,37115.10546875,37615.20913,36899.56640625,37256.27376,36301.04296875,36726.9962,35964.1328125,36136.88213,35581.10546875,35893.53612
2017-04-28 03:20:00,37330.9296875,37615.20913,36791.9296875,37256.27376,36538.796875,36726.9962,35915.203125,36136.88213,35605.50390625,35893.53612,35182.7890625,35157.41445
2017-04-28 03:30:00,36987.328125,37256.27376,36400.37109375,36726.9962,36160.02734375,36136.88213,35487.93359375,35893.53612,35131.74609375,35157.41445,34700.28125,34737.64259
2017-04-28 03:40:00,36662.28125,36726.9962,36056.25390625,36136.88213,35741.23046875,35893.53612,35074.11328125,35157.41445,34704.05078125,34737.64259,34223.96875,34342.20532
2017-04-28 03:50:00,36304.48046875,36136.88213,35648.21484375,35893.53612,35305.82421875,35157.41445,34625.01953125,34737.64259,34203.12890625,34342.20532,33664.46875,33709.5057
2017-04-28 04:00:00,35867.828125,35893.53612,35220.8671875,35157.41445,34802.40625,34737.64259,34130.4140625,34342.20532,33681.2890625,33709.5057,33105.078125,33003.80228
2017-04-28 04:10:00,35423.68359375,35157.41445,34754.40234375,34737.64259,34269.3984375,34342.20532,33618.51953125,33709.5057,33129.140625,33003.80228,32484.671875,32030.41825
2017-04-28 04:20:00,34930.33984375,34737.64259,34278.25,34342.20532,33723.78125,33709.5057,33084.85546875,33003.80228,32570.150390625,32030.41825,31900.236328125,31184.79087
2017-04-28 04:30:00,34367.0,34342.20532,33665.43359375,33709.5057,33101.76171875,33003.80228,32456.263671875,32030.41825,31904.060546875,31184.79087,31199.29296875,30473.0038
2017-04-28 04:40:00,33864.1875,33709.5057,33180.50390625,33003.80228,32520.390625,32030.41825,31905.6484375,31184.79087,31338.931640625,30473.0038,30589.0078125,29651.71103
2017-04-28 04:50:00,33131.8828125,33003.80228,32396.556640625,32030.41825,31754.5703125,31184.79087,31120.4921875,30473.0038,30555.88671875,29651.71103,29783.564453125,28970.34221
2017-04-28 05:00:00,32593.080078125,32030.41825,31857.392578125,31184.79087,31148.81640625,30473.0038,30558.5625,29651.71103,30016.765625,28970.34221,29185.869140625,28234.22053
2017-04-28 05:10:00,31795.201171875,31184.79087,31011.7421875,30473.0038,30349.482421875,29651.71103,29740.642578125,28970.34221,29223.896484375,28234.22053,28376.40625,27406.84411
2017-04-28 05:20:00,31139.939453125,30473.0038,30357.0390625,29651.71103,29662.3828125,28970.34221,29091.380859375,28234.22053,28628.169921875,27406.84411,27722.7734375,26768.06084
2017-04-28 05:30:00,30350.197265625,29651.71103,29535.345703125,28970.34221,28917.15234375,28234.22053,28353.2265625,27406.84411,27922.43359375,26768.06084,27033.134765625,26208.36502
2017-04-28 05:40:00,29706.41796875,28970.34221,28882.947265625,28234.22053,28269.765625,27406.84411,27744.337890625,26768.06084,27361.376953125,26208.36502,26465.89453125,25654.75285
2017-04-28 05:50:00,28958.173828125,28234.22053,28137.58203125,27406.84411,27601.1015625,26768.06084,27090.041015625,26208.36502,26724.51171875,25654.75285,25864.091796875,25210.64639
2017-04-28 06:00:00,28358.744140625,27406.84411,27546.107421875,26768.06084,27048.66796875,26208.36502,26563.03515625,25654.75285,26229.4375,25210.64639,25377.017578125,24748.28897
2017-04-28 06:10:00,27741.3046875,26768.06084,26940.775390625,26208.36502,26528.904296875,25654.75285,26075.068359375,25210.64639,25715.80859375,24748.28897,24930.75,24401.52091
2017-04-28 06:20:00,27121.845703125,26208.36502,26374.119140625,25654.75285,25996.68359375,25210.64639,25553.11328125,24748.28897,25223.375,24401.52091,24470.96484375,24073.0038
2017-04-28 06:30:00,26517.001953125,25654.75285,25829.279296875,25210.64639,25492.921875,24748.28897,25084.353515625,24401.52091,24751.505859375,24073.0038,24056.30859375,23750.57034
2017-04-28 06:40:00,26064.890625,25210.64639,25419.4296875,24748.28897,25105.412109375,24401.52091,24741.78515625,24073.0038,24408.654296875,23750.57034,23774.630859375,23403.80228
2017-04-28 06:50:00,25617.419921875,24748.28897,25018.958984375,24401.52091,24751.810546875,24073.0038,24423.958984375,23750.57034,24098.474609375,23403.80228,23510.6875,23050.95057
2017-04-28 07:00:00,25201.560546875,24401.52091,24684.16015625,24073.0038,24417.5390625,23750.57034,24108.896484375,23403.80228,23813.703125,23050.95057,23292.01171875,22990.11407
2017-04-28 07:10:00,24835.373046875,24073.0038,24364.5546875,23750.57034,24118.287109375,23403.80228,23843.44140625,23050.95057,23550.07421875,22990.11407,23067.7109375,22740.68441
2017-04-28 07:20:00,24513.33984375,23750.57034,24104.572265625,23403.80228,23867.91015625,23050.95057,23604.53125,22990.11407,23332.86328125,22740.68441,22918.55859375,22430.41825
2017-04-28 07:30:00,24267.658203125,23403.80228,23888.625,23050.95057,23684.341796875,22990.11407,23452.013671875,22740.68441,23182.357421875,22430.41825,22809.83203125,22320.91255
2017-04-28 07:40:00,24001.830078125,23050.95057,23679.0,22990.11407,23462.916015625,22740.68441,23254.00390625,22430.41825,23004.9140625,22320.91255,22680.6015625,21864.63878
2017-04-28 07:50:00,23805.505859375,22990.11407,23519.947265625,22740.68441,23305.2109375,22430.41825,23131.48046875,22320.91255,22889.046875,21864.63878,22618.240234375,21633.46008
2017-04-28 08:00:00,23605.18359375,22740.68441,23369.521484375,22430.41825,23159.228515625,22320.91255,23020.283203125,21864.63878,22767.265625,21633.46008,22540.14453125,21493.53612
2017-04-28 08:10:00,23396.462890625,22430.41825,23198.580078125,22320.91255,22996.578125,21864.63878,22891.62109375,21633.46008,22654.701171875,21493.53612,22465.86328125,21426.61597
2017-04-28 08:20:00,23245.4375,22320.91255,23079.333984375,21864.63878,22877.90234375,21633.46008,22802.3671875,21493.53612,22558.14453125,21426.61597,22428.748046875,21183.26996
2017-04-28 08:30:00,23126.619140625,21864.63878,22992.076171875,21633.46008,22807.064453125,21493.53612,22766.208984375,21426.61597,22485.576171875,21183.26996,22425.666015625,21116.34981
2017-04-28 08:40:00,23027.677734375,21633.46008,22886.669921875,21493.53612,22711.62890625,21426.61597,22715.09375,21183.26996,22411.720703125,21116.34981,22391.494140625,21073.76426
2017-04-28 08:50:00,22885.591796875,21493.53612,22762.263671875,21426.61597,22627.39453125,21183.26996,22621.724609375,21116.34981,22318.947265625,21073.76426,22304.8984375,20830.41825
2017-04-28 09:00:00,22805.37890625,21426.61597,22727.466796875,21183.26996,22606.2890625,21116.34981,22585.65234375,21073.76426,22265.56640625,20830.41825,22282.96875,20824.3346
2017-04-28 09:10:00,22675.482421875,21183.26996,22620.837890625,21116.34981,22528.349609375,21073.76426,22513.341796875,20830.41825,22159.828125,20824.3346,22198.474609375,20952.09125
2017-04-28 09:20:00,22607.38671875,21116.34981,22551.00390625,21073.76426,22473.337890625,20830.41825,22463.1953125,20824.3346,22103.29296875,20952.09125,22162.57421875,21092.01521
2017-04-28 09:30:00,22517.822265625,21073.76426,22454.123046875,20830.41825,22399.11328125,20824.3346,22404.970703125,20952.09125,22016.392578125,21092.01521,22098.3359375,20964.25856
2017-04-28 09:40:00,22450.05859375,20830.41825,22385.072265625,20824.3346,22348.716796875,20952.09125,22363.486328125,21092.01521,21971.009765625,20964.25856,22067.626953125,21092.01521
2017-04-28 09:50:00,22365.078125,20824.3346,22303.009765625,20952.09125,22285.263671875,21092.01521,22295.244140625,20964.25856,21900.328125,21092.01521,22008.4765625,21122.43346
2017-04-28 10:00:00,22296.3828125,20952.09125,22228.283203125,21092.01521,22234.486328125,20964.25856,22215.86328125,21092.01521,21847.46875,21122.43346,21952.17578125,21067.68061
2017-04-28 10:10:00,22210.8984375,21092.01521,22132.29296875,20964.25856,22159.08984375,21092.01521,22138.607421875,21122.43346,21772.052734375,21067.68061,21890.099609375,21286.69202
2017-04-28 10:20:00,22162.328125,20964.25856,22080.185546875,21092.01521,22098.46875,21122.43346,22083.92578125,21067.68061,21740.671875,21286.69202,21856.71875,21450.95057
2017-04-28 10:30:00,22098.232421875,21092.01521,21983.62890625,21122.43346,22033.580078125,21067.68061,22008.15234375,21286.69202,21691.517578125,21450.95057,21801.986328125,21536.12167
2017-04-28 10:40:00,22035.896484375,21122.43346,21923.326171875,21067.68061,21975.615234375,21286.69202,21949.447265625,21450.95057,21634.384765625,21536.12167,21767.6484375,21444.86692
2017-04-28 10:50:00,21957.197265625,21067.68061,21830.4609375,21286.69202,21908.224609375,21450.95057,21865.396484375,21536.12167,21557.2421875,21444.86692,21680.93359375,21469.20152
2017-04-28 11:00:00,21904.072265625,21286.69202,21775.5625,21450.95057,21859.41796875,21536.12167,21824.041015625,21444.86692,21534.21875,21469.20152,21670.728515625,22381.74905
2017-04-28 11:10:00,21842.041015625,21450.95057,21718.9296875,21536.12167,21807.8046875,21444.86692,21784.322265625,21469.20152,21509.98828125,22381.74905,21662.552734375,22424.3346
2017-04-28 11:20:00,21775.181640625,21536.12167,21649.435546875,21444.86692,21744.32421875,21469.20152,21731.572265625,22381.74905,21487.822265625,22424.3346,21645.7734375,22266.1597
2017-04-28 11:30:00,21733.73828125,21444.86692,21621.953125,21469.20152,21723.908203125,22381.74905,21710.408203125,22424.3346,21482.6484375,22266.1597,21683.8984375,22381.74905
2017-04-28 11:40:00,21717.138671875,21469.20152,21635.291015625,22381.74905,21736.556640625,22424.3346,21732.9765625,22266.1597,21538.83984375,22381.74905,21741.44140625,22533.8403
2017-04-28 11:50:00,21669.703125,22381.74905,21587.49609375,22424.3346,21722.79296875,22266.1597,21747.1328125,22381.74905,21577.30859375,22533.8403,21794.4140625,22819.77186
2017-04-28 12:00:00,21643.146484375,22424.3346,21597.39453125,22266.1597,21719.76171875,22381.74905,21790.447265625,22533.8403,21650.162109375,22819.77186,21897.841796875,22509.5057
2017-04-28 12:10:00,21618.216796875,22266.1597,21574.1796875,22381.74905,21721.388671875,22533.8403,21827.30859375,22819.77186,21720.634765625,22509.5057,21967.087890625,21773.38403
2017-04-28 12:20:00,21653.42578125,22381.74905,21626.09765625,22533.8403,21786.705078125,22819.77186,21952.220703125,22509.5057,21885.771484375,21773.38403,22161.52734375,21864.63878
2017-04-28 12:30:00,21657.857421875,22533.8403,21646.7109375,22819.77186,21851.4609375,22509.5057,22051.775390625,21773.38403,22029.0859375,21864.63878,22319.814453125,22320.91255
2017-04-28 12:40:00,21766.62890625,22819.77186,21766.435546875,22509.5057,22011.748046875,21773.38403,22264.6953125,21864.63878,22295.73046875,22320.91255,22599.875,22406.08365
2017-04-28 12:50:00,21962.9375,22509.5057,22002.033203125,21773.38403,22292.09765625,21864.63878,22563.552734375,22320.91255,22639.392578125,22406.08365,22965.55078125,22363.4981
2017-04-28 13:00:00,22192.453125,21773.38403,22253.255859375,21864.63878,22569.51953125,22320.91255,22874.68359375,22406.08365,22976.609375,22363.4981,23329.634765625,22180.98859
2017-04-28 13:10:00,22470.0546875,21864.63878,22566.85546875,22320.91255,22917.068359375,22406.08365,23254.451171875,22363.4981,23382.60546875,22180.98859,23765.7734375,22144.48669
2017-04-28 13:20:00,22809.26171875,22320.91255,22952.138671875,22406.08365,23314.154296875,22363.4981,23687.4375,22180.98859,23854.998046875,22144.48669,24254.9765625,22576.42586
2017-04-28 13:30:00,23217.845703125,22406.08365,23406.58203125,22363.4981,23772.349609375,22180.98859,24151.0625,22144.48669,24358.181640625,22576.42586,24776.22265625,23342.96578
2017-04-28 13:40:00,23717.5703125,22363.4981,23959.88671875,22180.98859,24310.810546875,22144.48669,24701.802734375,22576.42586,24940.671875,23342.96578,25359.15234375,24115.58935
2017-04-28 13:50:00,24121.94140625,22180.98859,24381.18359375,22144.48669,24723.787109375,22576.42586,25083.3125,23342.96578,25353.853515625,24115.58935,25736.2265625,24723.95437
2017-04-28 14:00:00,24418.541015625,22144.48669,24699.916015625,22576.42586,25015.732421875,23342.96578,25374.349609375,24115.58935,25671.939453125,24723.95437,26060.482421875,25168.06084
2017-04-28 14:10:00,24717.416015625,22576.42586,25003.240234375,23342.96578,25322.85546875,24115.58935,25661.794921875,24723.95437,25976.90625,25168.06084,26327.634765625,25435.74144
2017-04-28 14:20:00,25083.9765625,23342.96578,25379.99609375,24115.58935,25664.689453125,24723.95437,26005.892578125,25168.06084,26361.4765625,25435.74144,26668.89453125,25666.92015
2017-04-28 14:30:00,25335.52734375,24115.58935,25612.0859375,24723.95437,25883.970703125,25168.06084,26185.341796875,25435.74144,26547.162109375,25666.92015,26829.578125,26725.47529
2017-04-28 14:40:00,25777.82421875,24723.95437,26084.953125,25168.06084,26310.25390625,25435.74144,26597.787109375,25666.92015,26956.5078125,26725.47529,27202.89453125,27035.74144
2017-04-28 14:50:00,26251.13671875,25168.06084,26540.1171875,25435.74144,26740.7578125,25666.92015,27011.01953125,26725.47529,27398.31640625,27035.74144,27580.779296875,27382.50951
2017-04-28 15:00:00,26641.3203125,25435.74144,26927.115234375,25666.92015,27096.935546875,26725.47529,27360.59375,27035.74144,27738.162109375,27382.50951,27880.779296875,27589.35361
2017-04-28 15:10:00,27223.138671875,25666.92015,27497.40234375,26725.47529,27670.953125,27035.74144,27933.583984375,27382.50951,28297.765625,27589.35361,28390.736328125,28228.13688
2017-04-28 15:20:00,27664.552734375,26725.47529,27936.67578125,27035.74144,28062.5703125,27382.50951,28335.736328125,27589.35361,28685.431640625,28228.13688,28749.08203125,28891.25475
2017-04-28 15:30:00,28205.59765625,27035.74144,28446.369140625,27382.50951,28576.927734375,27589.35361,28828.228515625,28228.13688,29129.095703125,28891.25475,29178.01953125,29262.35741
2017-04-28 15:40:00,28722.2734375,27382.50951,28950.064453125,27589.35361,29044.51171875,28228.13688,29294.6015625,28891.25475,29545.3359375,29262.35741,29569.779296875,29317.11027
2017-04-28 15:50:00,29062.494140625,27589.35361,29256.79296875,28228.13688,29320.841796875,28891.25475,29551.814453125,29262.35741,29768.47265625,29317.11027,29772.75,29676.04563
2017-04-28 16:00:00,29522.341796875,28228.13688,29680.36328125,28891.25475,29765.501953125,29262.35741,29969.828125,29317.11027,30131.474609375,29676.04563,30128.560546875,30028.89734
2017-04-28 16:10:00,29803.544921875,28891.25475,29921.689453125,29262.35741,29967.98046875,29317.11027,30153.52734375,29676.04563,30279.4375,30028.89734,30250.97265625,30126.23574
2017-04-28 16:20:00,30102.068359375,29262.35741,30180.12890625,29317.11027,30229.6171875,29676.04563,30412.158203125,30028.89734,30482.033203125,30126.23574,30457.365234375,30515.58935
2017-04-28 16:30:00,30365.884765625,29317.11027,30405.0859375,29676.04563,30439.3046875,30028.89734,30596.36328125,30126.23574,30621.974609375,30515.58935,30586.029296875,30546.0076
2017-04-28 16:40:00,30588.50390625,29676.04563,30597.076171875,30028.89734,30629.9140625,30126.23574,30768.427734375,30515.58935,30766.57421875,30546.0076,30731.443359375,30825.85551
2017-04-28 16:50:00,30792.6328125,30028.89734,30759.13671875,30126.23574,30799.23828125,30515.58935,30910.58984375,30546.0076,30869.470703125,30825.85551,30842.609375,31117.87072
2017-04-28 17:00:00,30947.58984375,30126.23574,30899.826171875,30515.58935,30907.712890625,30546.0076,31021.55859375,30825.85551,30959.587890625,31117.87072,30922.3359375,31397.71863
2017-04-28 17:10:00,31167.625,30515.58935,31082.318359375,30546.0076,31104.890625,30825.85551,31182.853515625,31117.87072,31090.595703125,31397.71863,31073.3046875,31178.70722
2017-04-28 17:20:00,31380.064453125,30546.0076,31293.326171875,30825.85551,31303.15625,31117.87072,31373.845703125,31397.71863,31252.8828125,31178.70722,31223.708984375,30539.92395
2017-04-28 17:30:00,31524.890625,30825.85551,31400.998046875,31117.87072,31423.6875,31397.71863,31475.60546875,31178.70722,31311.375,30539.92395,31302.783203125,29803.80228
2017-04-28 17:40:00,31667.533203125,31117.87072,31528.697265625,31397.71863,31540.755859375,31178.70722,31577.001953125,30539.92395,31387.5390625,29803.80228,31376.439453125,30150.57034
2017-04-28 17:50:00,31779.912109375,31397.71863,31618.412109375,31178.70722,31626.033203125,30539.92395,31644.30078125,29803.80228,31423.029296875,30150.57034,31425.052734375,29968.06084
2017-04-28 18:00:00,31897.0546875,31178.70722,31739.5390625,30539.92395,31722.4765625,29803.80228,31715.408203125,30150.57034,31485.5234375,29968.06084,31475.6015625,30053.23194
2017-04-28 18:10:00,31999.119140625,30539.92395,31833.041015625,29803.80228,31803.423828125,30150.57034,31774.544921875,29968.06084,31528.623046875,30053.23194,31523.51171875,29968.06084
2017-04-28 18:20:00,32012.72265625,29803.80228,31838.564453125,30150.57034,31798.7890625,29968.06084,31743.6875,30053.23194,31480.33984375,29968.06084,31470.78125,30095.81749
2017-04-28 18:30:00,32016.25,30150.57034,31824.705078125,29968.06084,31774.982421875,30053.23194,31683.578125,29968.06084,31417.765625,30095.81749,31430.3515625,30460.8365
2017-04-28 18:40:00,31974.75,29968.06084,31770.197265625,30053.23194,31710.916015625,29968.06084,31589.546875,30095.81749,31316.513671875,30460.8365,31326.0,30612.92776
2017-04-28 18:50:00,31860.37890625,30053.23194,31639.775390625,29968.06084,31565.341796875,30095.81749,31409.40234375,30460.8365,31144.826171875,30612.92776,31174.326171875,30381.74905
2017-04-28 19:00:00,31749.138671875,29968.06084,31505.18359375,30095.81749,31423.9453125,30460.8365,31232.33203125,30612.92776,30972.015625,30381.74905,31003.802734375,30521.673
2017-04-28 19:10:00,31564.78515625,30095.81749,31311.703125,30460.8365,31221.81640625,30612.92776,30995.802734375,30381.74905,30746.875,30521.673,30804.484375,30296.57795
2017-04-28 19:20:00,31354.072265625,30460.8365,31080.162109375,30612.92776,30993.716796875,30381.74905,30741.990234375,30521.673,30495.71484375,30296.57795,30570.5859375,30095.81749
2017-04-28 19:30:00,31149.484375,30612.92776,30874.349609375,30381.74905,30791.935546875,30521.673,30513.916015625,30296.57795,30286.091796875,30095.81749,30401.66015625,30211.40684
2017-04-28 19:40:00,30928.658203125,30381.74905,30634.28515625,30521.673,30560.6640625,30296.57795,30273.119140625,30095.81749,30056.4921875,30211.40684,30183.52734375,30101.90114
2017-04-28 19:50:00,30765.59765625,30521.673,30474.1796875,30296.57795,30428.580078125,30095.81749,30124.208984375,30211.40684,29929.681640625,30101.90114,30091.05078125,29992.39544
2017-04-28 20:00:00,30527.123046875,30296.57795,30228.419921875,30095.81749,30187.712890625,30211.40684,29895.33984375,30101.90114,29714.521484375,29992.39544,29895.169921875,30193.15589
2017-04-28 20:10:00,30335.134765625,30095.81749,30059.8671875,30211.40684,30041.822265625,30101.90114,29753.775390625,29992.39544,29594.337890625,30193.15589,29819.490234375,30101.90114
2017-04-28 20:20:00,30147.255859375,30211.40684,29867.6171875,30101.90114,29859.044921875,29992.39544,29600.919921875,30193.15589,29464.291015625,30101.90114,29704.1015625,29384.03042
2017-04-28 20:30:00,30031.2109375,30101.90114,29783.62890625,29992.39544,29797.234375,30193.15589,29563.66015625,30101.90114,29453.77734375,29384.03042,29715.24609375,29676.04563
2017-04-28 20:40:00,29930.326171875,29992.39544,29680.06640625,30193.15589,29704.0859375,30101.90114,29511.955078125,29384.03042,29419.404296875,29676.04563,29690.548828125,29949.80989
2017-04-28 20:50:00,29774.6328125,30193.15589,29561.455078125,30101.90114,29600.123046875,29384.03042,29437.42578125,29676.04563,29373.123046875,29949.80989,29672.83203125,29828.13688
2017-04-28 21:00:00,29682.771484375,30101.90114,29487.833984375,29384.03042,29537.583984375,29676.04563,29429.69140625,29949.80989,29396.064453125,29828.13688,29706.05859375,29639.54373
2017-04-28 21:10:00,29591.5625,29384.03042,29441.1640625,29676.04563,29506.1328125,29949.80989,29447.35546875,29828.13688,29437.181640625,29639.54373,29768.072265625,29414.44867
2017-04-28 21:20:00,29571.97265625,29676.04563,29437.73828125,29949.80989,29510.931640625,29828.13688,29521.6640625,29639.54373,29539.822265625,29414.44867,29886.447265625,29590.87452
2017-04-28 21:30:00,29474.83984375,29949.80989,29401.5078125,29828.13688,29497.705078125,29639.54373,29569.984375,29414.44867,29631.88671875,29590.87452,30015.513671875,29548.28897
2017-04-28 21:40:00,29433.46875,29828.13688,29387.30078125,29639.54373,29515.884765625,29414.44867,29660.919921875,29590.87452,29766.142578125,29548.28897,30184.5390625,29542.20532
2017-04-28 21:50:00,29520.94140625,29639.54373,29549.291015625,29414.44867,29709.02734375,29590.87452,29951.205078125,29548.28897,30132.55859375,29542.20532,30564.267578125,30156.65399
2017-04-28 22:00:00,29659.44140625,29414.44867,29734.990234375,29590.87452,29933.1015625,29548.28897,30254.666015625,29542.20532,30504.748046875,30156.65399,30958.375,30515.58935
2017-04-28 22:10:00,29878.982421875,29590.87452,30036.71875,29548.28897,30287.2109375,29542.20532,30700.740234375,30156.65399,31020.6953125,30515.58935,31518.4140625,30959.69582
2017-04-28 22:20:00,30194.416015625,29548.28897,30416.994140625,29542.20532,30718.142578125,30156.65399,31217.853515625,30515.58935,31606.96875,30959.69582,32146.970703125,31750.57034
2017-04-28 22:30:00,30705.609375,29542.20532,31022.41015625,30156.65399,31406.314453125,30515.58935,32004.41796875,30959.69582,32486.8828125,31750.57034,33079.80078125,33435.74144
2017-04-28 22:40:00,31234.6640625,30156.65399,31620.677734375,30515.58935,32061.21484375,30959.69582,32732.625,31750.57034,33295.2578125,33435.74144,33907.14453125,36288.97338
2017-04-28 22:50:00,31984.267578125,30515.58935,32480.947265625,30959.69582,32975.2578125,31750.57034,33762.58984375,33435.74144,34406.9296875,36288.97338,35053.4609375,38655.51331
2017-04-28 23:00:00,32817.484375,30959.69582,33380.98046875,31750.57034,33924.44140625,33435.74144,34732.63671875,36288.97338,35406.69921875,38655.51331,36072.87890625,39245.62738
2017-04-28 23:10:00,33898.86328125,31750.57034,34561.16015625,33435.74144,35136.66015625,36288.97338,35977.6015625,38655.51331,36694.24609375,39245.62738,37335.16796875,39288.21293
2017-04-28 23:20:00,34983.8125,33435.74144,35701.44921875,36288.97338,36270.70703125,38655.51331,37066.9765625,39245.62738,37771.81640625,39288.21293,38331.203125,38953.61217
2017-04-28 23:30:00,36146.23828125,36288.97338,36872.37109375,38655.51331,37425.09375,39245.62738,38121.1171875,39288.21293,38787.25390625,38953.61217,39226.19921875,39111.78707
2017-04-28 23:40:00,37010.4375,38655.51331,37720.0078125,39245.62738,38200.76953125,39288.21293,38763.796875,38953.61217,39304.2578125,39111.78707,39612.19140625,39166.53992
2017-04-28 23:50:00,37819.03515625,39245.62738,38443.66015625,39288.21293,38814.3828125,38953.61217,39156.38671875,39111.78707,39562.98046875,39166.53992,39703.3359375,39288.21293
2017-04-29 00:00:00,38231.29296875,39288.21293,38783.9453125,38953.61217,39017.8984375,39111.78707,39174.6875,39166.53992,39459.6171875,39288.21293,39448.0625,39349.04943
2017-04-29 00:10:00,38443.75390625,38953.61217,38907.8046875,39111.78707,39028.74609375,39166.53992,39043.25,39288.21293,39253.90234375,39349.04943,39105.50390625,39184.79087
2017-04-29 00:20:00,38472.328125,39111.78707,38876.65234375,39166.53992,38918.171875,39288.21293,38853.96484375,39349.04943,38990.7265625,39184.79087,38768.72265625,38904.94297
2017-04-29 00:30:00,38464.71875,39166.53992,38814.40625,39288.21293,38821.12109375,39349.04943,38691.43359375,39184.79087,38807.74609375,38904.94297,38528.375,38947.52852
2017-04-29 00:40:00,38425.1875,39288.21293,38722.09765625,39349.04943,38711.8828125,39184.79087,38558.33984375,38904.94297,38623.48046875,38947.52852,38296.90234375,38850.19011
2017-04-29 00:50:00,38502.890625,39349.04943,38762.78515625,39184.79087,38739.99609375,38904.94297,38556.2890625,38947.52852,38592.90625,38850.19011,38252.00390625,38600.76046
2017-04-29 01:00:00,38558.96875,39184.79087,38770.34375,38904.94297,38735.59765625,38947.52852,38536.92578125,38850.19011,38535.65625,38600.76046,38173.953125,38363.4981
2017-04-29 01:10:00,38631.9609375,38904.94297,38790.74609375,38947.52852,38740.54296875,38850.19011,38530.7734375,38600.76046,38488.40234375,38363.4981,38119.9375,38430.41825
2017-04-29 01:20:00,38663.1796875,38947.52852,38774.27734375,38850.19011,38708.87109375,38600.76046,38478.6328125,38363.4981,38414.12890625,38430.41825,38033.09765625,38326.9962
2017-04-29 01:30:00,38685.9453125,38850.19011,38753.71484375,38600.76046,38676.32421875,38363.4981,38409.78515625,38430.41825,38321.40234375,38326.9962,37950.328125,38844.10646
2017-04-29 01:40:00,38683.47265625,38600.76046,38694.484375,38363.4981,38598.62109375,38430.41825,38301.3203125,38326.9962,38194.10546875,38844.10646,37824.82421875,39032.69962
2017-04-29 01:50:00,38643.01171875,38363.4981,38601.7890625,38430.41825,38490.6328125,38326.9962,38161.22265625,38844.10646,38017.53125,39032.69962,37655.8125,38649.42966
2017-04-29 02:00:00,38585.671875,38430.41825,38494.40625,38326.9962,38356.0625,38844.10646,37986.9453125,39032.69962,37831.1328125,38649.42966,37472.8515625,38308.74525
2017-04-29 02:10:00,38469.921875,38326.9962,38322.41796875,38844.10646,38168.453125,39032.69962,37761.71484375,38649.42966,37588.234375,38308.74525,37249.015625,38071.48289
2017-04-29 02:20:00,38374.03125,38844.10646,38163.8828125,39032.69962,37980.92578125,38649.42966,37538.6171875,38308.74525,37353.90625,38071.48289,37024.48828125,37603.04183
2017-04-29 02:30:00,38163.078125,39032.69962,37888.8203125,38649.42966,37683.9609375,38308.74525,37204.09765625,38071.48289,37014.19140625,37603.04183,36668.453125,37055.51331
2017-04-29 02:40:00,37993.72265625,38649.42966,37659.65625,38308.74525,37436.53515625,38071.48289,36920.296875,37603.04183,36730.8125,37055.51331,36366.703125,36860.8365
2017-04-29 02:50:00,37823.3828125,38308.74525,37434.67578125,38071.48289,37207.203125,37603.04183,36674.078125,37055.51331,36467.234375,36860.8365,36079.4140625,36325.47529
2017-04-29 03:00:00,37601.46875,38071.48289,37157.27734375,37603.04183,36916.70703125,37055.51331,36353.59765625,36860.8365,36121.26953125,36325.47529,35709.05859375,36203.80228
2017-04-29 03:10:00,37399.44921875,37603.04183,36913.265625,37055.51331,36669.51953125,36860.8365,36085.13671875,36325.47529,35842.44140625,36203.80228,35404.9375,35966.53992
2017-04-29 03:20:00,37153.58984375,37055.51331,36627.7734375,36860.8365,36354.87109375,36325.47529,35746.96875,36203.80228,35483.48828125,35966.53992,35015.328125,35558.93536
2017-04-29 03:30:00,36889.8671875,36860.8365,36318.60546875,36325.47529,36035.3046875,36203.80228,35410.61328125,35966.53992,35120.734375,35558.93536,34632.07421875,35163.4981
2017-04-29 03:40:00,36608.2265625,36325.47529,36010.41796875,36203.80228,35692.4296875,35966.53992,35056.3125,35558.93536,34736.56640625,35163.4981,34225.0,34427.37643
2017-04-29 03:50:00,36256.63671875,36203.80228,35636.6796875,35966.53992,35270.98828125,35558.93536,34623.63671875,35163.4981,34277.71484375,34427.37643,33731.78515625,33928.51711
2017-04-29 04:00:00,35883.56640625,35966.53992,35256.28515625,35558.93536,34820.88671875,35163.4981,34173.03125,34427.37643,33793.58203125,33928.51711,33222.58203125,33228.89734
2017-04-29 04:10:00,35444.40625,35558.93536,34797.28125,35163.4981,34318.125,34427.37643,33667.078125,33928.51711,33251.53515625,33228.89734,32635.7578125,32444.10646
2017-04-29 04:20:00,34999.94921875,35163.4981,34334.58203125,34427.37643,33805.61328125,33928.51711,33166.19921875,33228.89734,32695.66015625,32444.10646,32053.953125,31787.07224
2017-04-29 04:30:00,34514.53125,34427.37643,33824.59375,33928.51711,33252.73046875,33228.89734,32618.861328125,32444.10646,32115.53125,31787.07224,31425.322265625,31075.28517
2017-04-29 04:40:00,33991.8515625,33928.51711,33284.11328125,33228.89734,32665.005859375,32444.10646,32047.43359375,31787.07224,31509.974609375,31075.28517,30800.69140625,30509.5057
2017-04-29 04:50:00,33444.859375,33228.89734,32715.16796875,32444.10646,32071.298828125,31787.07224,31460.548828125,31075.28517,30901.76171875,30509.5057,30176.724609375,29736.88213
2017-04-29 05:00:00,32836.9296875,32444.10646,32073.62109375,31787.07224,31399.47265625,31075.28517,30795.31640625,30509.5057,30236.353515625,29736.88213,29504.810546875,28647.90875
2017-04-29 05:10:00,32204.279296875,31787.07224,31427.8203125,31075.28517,30743.73046875,30509.5057,30148.908203125,29736.88213,29605.87890625,28647.90875,28843.19921875,27850.95057
2017-04-29 05:20:00,31606.8984375,31075.28517,30794.529296875,30509.5057,30107.283203125,29736.88213,29529.896484375,28647.90875,29001.509765625,27850.95057,28238.576171875,27248.6692
2017-04-29 05:30:00,31032.9296875,30509.5057,30183.80078125,29736.88213,29507.06640625,28647.90875,28943.095703125,27850.95057,28411.4765625,27248.6692,27670.142578125,26859.31559
2017-04-29 05:40:00,30313.427734375,29736.88213,29444.291015625,28647.90875,28798.197265625,27850.95057,28253.90625,27248.6692,27751.75,26859.31559,27016.400390625,26257.03422
2017-04-29 05:50:00,29632.826171875,28647.90875,28778.75390625,27850.95057,28178.556640625,27248.6692,27649.451171875,26859.31559,27184.09375,26257.03422,26459.552734375,25709.5057
2017-04-29 06:00:00,29019.1328125,27850.95057,28156.623046875,27248.6692,27607.66796875,26859.31559,27097.55078125,26257.03422,26637.5078125,25709.5057,25934.869140625,25198.47909
2017-04-29 06:10:00,28428.185546875,27248.6692,27568.470703125,26859.31559,27073.51953125,26257.03422,26605.84375,25709.5057,26134.587890625,25198.47909,25483.40625,24784.79087
2017-04-29 06:20:00,27702.955078125,26859.31559,26897.68359375,26257.03422,26439.8671875,25709.5057,25972.607421875,25198.47909,25548.880859375,24784.79087,24900.0859375,24249.42966
2017-04-29 06:30:00,26955.4609375,26257.03422,26176.263671875,25709.5057,25791.19921875,25198.47909,25387.05859375,24784.79087,24976.791015625,24249.42966,24355.32421875,23774.90494
2017-04-29 06:40:00,26414.080078125,25709.5057,25702.447265625,25198.47909,25338.98828125,24784.79087,24980.6484375,24249.42966,24578.744140625,23774.90494,24005.28515625,23440.30418
2017-04-29 06:50:00,25845.400390625,25198.47909,25233.67578125,24784.79087,24902.193359375,24249.42966,24600.6640625,23774.90494,24198.341796875,23440.30418,23673.935546875,23470.72243
2017-04-29 07:00:00,25412.970703125,24784.79087,24873.76171875,24249.42966,24544.255859375,23774.90494,24282.90625,23440.30418,23891.34765625,23470.72243,23408.99609375,23075.28517
2017-04-29 07:10:00,24991.515625,24249.42966,24521.236328125,23774.90494,24215.625,23440.30418,23993.47265625,23470.72243,23600.044921875,23075.28517,23172.02734375,22485.1711
2017-04-29 07:20:00,24668.154296875,23774.90494,24259.634765625,23440.30418,23964.1875,23470.72243,23775.23828125,23075.28517,23386.91015625,22485.1711,23011.037109375,22351.3308
2017-04-29 07:30:00,24342.994140625,23440.30418,23997.513671875,23470.72243,23722.51171875,23075.28517,23572.521484375,22485.1711,23191.94921875,22351.3308,22863.62109375,22132.31939
2017-04-29 07:40:00,24072.171875,23470.72243,23790.853515625,23075.28517,23511.810546875,22485.1711,23377.9921875,22351.3308,23004.017578125,22132.31939,22720.673828125,21694.29658
2017-04-29 07:50:00,23803.2109375,23075.28517,23582.111328125,22485.1711,23316.078125,22351.3308,23207.09765625,22132.31939,22841.076171875,21694.29658,22622.806640625,21505.70342
2017-04-29 08:00:00,23596.208984375,22485.1711,23415.0546875,22351.3308,23144.54296875,22132.31939,23081.833984375,21694.29658,22706.435546875,21505.70342,22541.609375,21329.27757
2017-04-29 08:10:00,23377.603515625,22351.3308,23222.41015625,22132.31939,22979.095703125,21694.29658,22932.861328125,21505.70342,22585.32421875,21329.27757,22454.625,21152.85171
2017-04-29 08:20:00,23262.10546875,22132.31939,23145.25390625,21694.29658,22915.111328125,21505.70342,22885.771484375,21329.27757,22525.423828125,21152.85171,22443.12109375,21335.36122
2017-04-29 08:30:00,23094.140625,21694.29658,23009.396484375,21505.70342,22803.361328125,21329.27757,22787.841796875,21152.85171,22439.50390625,21335.36122,22399.37890625,21177.18631
2017-04-29 08:40:00,22981.744140625,21505.70342,22921.345703125,21329.27757,22714.134765625,21152.85171,22728.416015625,21335.36122,22365.0,21177.18631,22359.087890625,21262.35741
2017-04-29 08:50:00,22840.705078125,21329.27757,22810.640625,21152.85171,22628.791015625,21335.36122,22623.68359375,21177.18631,22269.3359375,21262.35741,22298.091796875,21110.26616
2017-04-29 09:00:00,22743.625,21152.85171,22736.5625,21335.36122,22561.5234375,21177.18631,22589.2578125,21262.35741,22221.541015625,21110.26616,22279.056640625,20958.1749
2017-04-29 09:10:00,22638.158203125,21335.36122,22637.16015625,21177.18631,22469.1640625,21262.35741,22519.337890625,21110.26616,22124.82421875,20958.1749,22215.904296875,20897.3384
2017-04-29 09:20:00,22572.07421875,21177.18631,22572.7109375,21262.35741,22431.03125,21110.26616,22481.09375,20958.1749,22073.8359375,20897.3384,22184.6328125,20933.8403
2017-04-29 09:30:00,22483.91796875,21262.35741,22496.513671875,21110.26616,22383.78125,20958.1749,22412.35546875,20897.3384,22002.6171875,20933.8403,22121.62890625,20854.75285
2017-04-29 09:40:00,22385.375,21110.26616,22400.498046875,20958.1749,22305.236328125,20897.3384,22325.609375,20933.8403,21906.67578125,20854.75285,22039.2265625,20946.0076
2017-04-29 09:50:00,22324.375,20958.1749,22330.021484375,20897.3384,22266.521484375,20933.8403,22266.38671875,20854.75285,21865.88671875,20946.0076,22003.537109375,20921.673
2017-04-29 10:00:00,22285.16796875,20897.3384,22289.43359375,20933.8403,22218.76171875,20854.75285,22231.572265625,20946.0076,21800.9609375,20921.673,21970.794921875,21025.09506
2017-04-29 10:10:00,22181.22265625,20933.8403,22156.568359375,20854.75285,22126.14453125,20946.0076,22119.39453125,20921.673,21718.3125,21025.09506,21888.78515625,21262.35741
2017-04-29 10:20:00,22157.43359375,20854.75285,22132.662109375,20946.0076,22097.302734375,20921.673,22103.353515625,21025.09506,21702.103515625,21262.35741,21892.451171875,21140.68441
2017-04-29 10:30:00,22045.423828125,20946.0076,22007.6171875,20921.673,22003.76953125,21025.09506,21981.0,21262.35741,21614.013671875,21140.68441,21802.65234375,21201.52091
2017-04-29 10:40:00,21995.4375,20921.673,21956.01953125,21025.09506,21953.470703125,21262.35741,21932.408203125,21140.68441,21597.388671875,21201.52091,21783.21875,21335.36122
2017-04-29 10:50:00,21931.529296875,21025.09506,21885.869140625,21262.35741,21890.947265625,21140.68441,21866.578125,21201.52091,21545.841796875,21335.36122,21739.978515625,21487.45247
2017-04-29 11:00:00,21865.70703125,21262.35741,21795.912109375,21140.68441,21817.70703125,21201.52091,21779.111328125,21335.36122,21476.060546875,21487.45247,21682.216796875,22442.58555
2017-04-29 11:10:00,21766.08984375,21140.68441,21711.42578125,21201.52091,21741.712890625,21335.36122,21711.5546875,21487.45247,21412.341796875,22442.58555,21635.689453125,22765.01901
2017-04-29 11:20:00,21731.353515625,21201.52091,21671.470703125,21335.36122,21707.3671875,21487.45247,21681.53125,22442.58555,21416.28125,22765.01901,21623.005859375,22436.5019
2017-04-29 11:30:00,21636.337890625,21335.36122,21552.12109375,21487.45247,21614.099609375,22442.58555,21600.01953125,22765.01901,21350.224609375,22436.5019,21589.431640625,22497.3384
2017-04-29 11:40:00,21552.333984375,21487.45247,21526.40625,22442.58555,21548.322265625,22765.01901,21537.072265625,22436.5019,21311.623046875,22497.3384,21577.8984375,22643.34601
2017-04-29 11:50:00,21549.8515625,22442.58555,21488.482421875,22765.01901,21556.302734375,22436.5019,21550.83984375,22497.3384,21341.1640625,22643.34601,21587.2109375,22400.0
2017-04-29 12:00:00,21481.279296875,22765.01901,21437.818359375,22436.5019,21499.83203125,22497.3384,21518.701171875,22643.34601,21338.794921875,22400.0,21633.271484375,21767.30038
2017-04-29 12:10:00,21440.19140625,22436.5019,21405.625,22497.3384,21480.259765625,22643.34601,21521.25390625,22400.0,21350.8359375,21767.30038,21657.681640625,20848.6692
2017-04-29 12:20:00,21453.380859375,22497.3384,21426.46875,22643.34601,21543.41015625,22400.0,21632.7890625,21767.30038,21501.83203125,20848.6692,21805.099609375,20465.39924
2017-04-29 12:30:00,21541.58203125,22643.34601,21535.6328125,22400.0,21637.240234375,21767.30038,21754.623046875,20848.6692,21649.291015625,20465.39924,22017.3046875,20593.15589
2017-04-29 12:40:00,21525.44921875,22400.0,21539.4921875,21767.30038,21676.107421875,20848.6692,21842.609375,20465.39924,21747.59765625,20593.15589,22124.1875,20842.58555
2017-04-29 12:50:00,21718.6796875,21767.30038,21747.078125,20848.6692,21927.376953125,20465.39924,22125.783203125,20593.15589,22080.904296875,20842.58555,22474.10546875,21031.17871
2017-04-29 13:00:00,21840.701171875,20848.6692,21892.517578125,20465.39924,22114.6015625,20593.15589,22339.529296875,20842.58555,22328.34375,21031.17871,22754.400390625,20982.50951
2017-04-29 13:10:00,22075.8671875,20465.39924,22168.623046875,20593.15589,22400.0546875,20842.58555,22674.24609375,21031.17871,22704.642578125,20982.50951,23167.390625,21292.77567
2017-04-29 13:20:00,22277.890625,20593.15589,22393.203125,20842.58555,22679.576171875,21031.17871,22968.53125,20982.50951,23048.70703125,21292.77567,23533.419921875,21992.39544
2017-04-29 13:30:00,22570.3046875,20842.58555,22705.72265625,21031.17871,22978.18359375,20982.50951,23279.23046875,21292.77567,23374.986328125,21992.39544,23871.396484375,22187.07224
2017-04-29 13:40:00,22908.201171875,21031.17871,23075.2734375,20982.50951,23363.884765625,21292.77567,23698.83984375,21992.39544,23847.212890625,22187.07224,24352.47265625,22825.85551
2017-04-29 13:50:00,22946.16796875,20982.50951,23118.40625,21292.77567,23419.54296875,21992.39544,23721.044921875,22187.07224,23906.66015625,22825.85551,24402.4375,23349.04943
2017-04-29 14:00:00,23337.609375,21292.77567,23530.607421875,21992.39544,23828.943359375,22187.07224,24163.5234375,22825.85551,24391.09765625,23349.04943,24857.83203125,23866.1597
2017-04-29 14:10:00,23718.115234375,21992.39544,23921.490234375,22187.07224,24180.240234375,22825.85551,24503.173828125,23349.04943,24772.990234375,23866.1597,25209.802734375,24158.1749
2017-04-29 14:20:00,24163.533203125,22187.07224,24405.595703125,22825.85551,24657.12890625,23349.04943,24966.287109375,23866.1597,25282.935546875,24158.1749,25654.03515625,25125.47529
2017-04-29 14:30:00,24418.923828125,22825.85551,24657.462890625,23349.04943,24886.359375,23866.1597,25198.525390625,24158.1749,25546.42578125,25125.47529,25890.61328125,26153.61217
2017-04-29 14:40:00,24906.791015625,23349.04943,25166.462890625,23866.1597,25390.3984375,24158.1749,25655.83203125,25125.47529,26012.490234375,26153.61217,26311.59765625,26603.80228
2017-04-29 14:50:00,25430.453125,23866.1597,25681.04296875,24158.1749,25911.767578125,25125.47529,26181.8125,26153.61217,26566.95703125,26603.80228,26808.251953125,27011.40684
2017-04-29 15:00:00,26020.140625,24158.1749,26275.083984375,25125.47529,26499.48046875,26153.61217,26731.37109375,26603.80228,27114.71875,27011.40684,27281.12109375,27504.18251
2017-04-29 15:10:00,26565.06640625,25125.47529,26815.857421875,26153.61217,27018.072265625,26603.80228,27267.0234375,27011.40684,27637.720703125,27504.18251,27760.4453125,27905.70342
2017-04-29 15:20:00,27163.962890625,26153.61217,27424.693359375,26603.80228,27600.74609375,27011.40684,27827.5078125,27504.18251,28167.53125,27905.70342,28252.099609375,28063.87833
2017-04-29 15:30:00,27690.9921875,26603.80228,27925.404296875,27011.40684,28075.138671875,27504.18251,28306.095703125,27905.70342,28606.421875,28063.87833,28662.994140625,28514.06844
2017-04-29 15:40:00,28311.625,27011.40684,28518.447265625,27504.18251,28662.953125,27905.70342,28874.189453125,28063.87833,29131.51953125,28514.06844,29164.572265625,28946.0076
2017-04-29 15:50:00,28777.205078125,27504.18251,28960.103515625,27905.70342,29060.19140625,28063.87833,29280.0078125,28514.06844,29492.2890625,28946.0076,29480.7421875,29548.28897
2017-04-29 16:00:00,29245.767578125,27905.70342,29392.314453125,28063.87833,29503.1484375,28514.06844,29682.32421875,28946.0076,29838.296875,29548.28897,29814.056640625,30120.15209
2017-04-29 16:10:00,29702.626953125,28063.87833,29832.978515625,28514.06844,29921.474609375,28946.0076,30087.6640625,29548.28897,30199.56640625,30120.15209,30153.365234375,30363.4981
2017-04-29 16:20:00,30108.72265625,28514.06844,30209.44921875,28946.0076,30287.595703125,29548.28897,30421.39453125,30120.15209,30462.1796875,30363.4981,30424.591796875,30515.58935
2017-04-29 16:30:00,30459.87109375,28946.0076,30531.90625,29548.28897,30618.939453125,30120.15209,30727.349609375,30363.4981,30725.5703125,30515.58935,30693.46875,30734.60076
2017-04-29 16:40:00,30764.560546875,29548.28897,30801.423828125,30120.15209,30886.951171875,30363.4981,30957.55078125,30515.58935,30908.103515625,30734.60076,30879.0625,30789.35361
2017-04-29 16:50:00,31013.66796875,30120.15209,31005.50390625,30363.4981,31103.375,30515.58935,31168.107421875,30734.60076,31074.79296875,30789.35361,31058.12109375,30947.52852
2017-04-29 17:00:00,31215.650390625,30363.4981,31184.087890625,30515.58935,31259.712890625,30734.60076,31311.146484375,30789.35361,31178.998046875,30947.52852,31158.48828125,31282.12928
2017-04-29 17:10:00,31464.5390625,30515.58935,31418.732421875,30734.60076,31469.2109375,30789.35361,31518.068359375,30947.52852,31355.943359375,31282.12928,31334.994140625,31215.20913
2017-04-29 17:20:00,31620.013671875,30734.60076,31565.587890625,30789.35361,31597.83203125,30947.52852,31613.0625,31282.12928,31426.25,31215.20913,31413.2578125,31622.81369
2017-04-29 17:30:00,31778.392578125,30789.35361,31696.365234375,30947.52852,31704.482421875,31282.12928,31730.41015625,31215.20913,31510.490234375,31622.81369,31488.216796875,31409.88593
2017-04-29 17:40:00,31882.552734375,30947.52852,31773.771484375,31282.12928,31793.98828125,31215.20913,31786.421875,31622.81369,31522.302734375,31409.88593,31518.435546875,31780.98859
2017-04-29 17:50:00,32078.5,31282.12928,31951.484375,31215.20913,31975.927734375,31622.81369,31963.853515625,31409.88593,31648.900390625,31780.98859,31663.4765625,32066.92015
2017-04-29 18:00:00,32165.7890625,31215.20913,32017.240234375,31622.81369,32037.14453125,31409.88593,31998.388671875,31780.98859,31656.5625,32066.92015,31688.841796875,32511.02662
2017-04-29 18:10:00,32283.720703125,31622.81369,32119.427734375,31409.88593,32155.099609375,31780.98859,32101.44140625,32066.92015,31721.84765625,32511.02662,31776.6328125,32486.69202
2017-04-29 18:20:00,32315.759765625,31409.88593,32140.296875,31780.98859,32171.544921875,32066.92015,32090.91796875,32511.02662,31685.025390625,32486.69202,31751.294921875,32638.78327
2017-04-29 18:30:00,32378.4765625,31780.98859,32198.736328125,32066.92015,32227.515625,32511.02662,32132.541015625,32486.69202,31702.8359375,32638.78327,31786.490234375,32626.61597
2017-04-29 18:40:00,32362.48046875,32066.92015,32182.4921875,32511.02662,32199.576171875,32486.69202,32072.9140625,32638.78327,31651.79296875,32626.61597,31739.3203125,32401.52091
2017-04-29 18:50:00,32366.0546875,32511.02662,32179.490234375,32486.69202,32190.5546875,32638.78327,32048.322265625,32626.61597,31616.876953125,32401.52091,31725.095703125,32334.60076
2017-04-29 19:00:00,32318.61328125,32486.69202,32127.451171875,32638.78327,32128.9765625,32626.61597,31959.224609375,32401.52091,31537.287109375,32334.60076,31645.314453125,32249.42966
2017-04-29 19:10:00,32295.29296875,32638.78327,32089.673828125,32626.61597,32100.326171875,32401.52091,31913.876953125,32334.60076,31481.13671875,32249.42966,31616.109375,31914.8289
2017-04-29 19:20:00,32293.296875,32626.61597,32079.767578125,32401.52091,32084.458984375,32334.60076,31883.912109375,32249.42966,31446.5703125,31914.8289,31578.298828125,31908.74525
2017-04-29 19:30:00,32247.359375,32401.52091,32015.947265625,32334.60076,32026.294921875,32249.42966,31816.91015625,31914.8289,31364.77734375,31908.74525,31524.92578125,31908.74525
2017-04-29 19:40:00,32203.990234375,32334.60076,31957.537109375,32249.42966,31968.49609375,31914.8289,31744.064453125,31908.74525,31293.427734375,31908.74525,31455.244140625,31677.56654
2017-04-29 19:50:00,32159.92578125,32249.42966,31893.271484375,31914.8289,31913.01171875,31908.74525,31692.958984375,31908.74525,31222.36328125,31677.56654,31413.611328125,31555.89354
2017-04-29 20:00:00,32126.8125,31914.8289,31856.873046875,31908.74525,31868.3046875,31908.74525,31638.62109375,31677.56654,31171.451171875,31555.89354,31357.99609375,31184.79087
2017-04-29 20:10:00,32010.666015625,31908.74525,31727.162109375,31908.74525,31738.306640625,31677.56654,31485.744140625,31555.89354,31043.130859375,31184.79087,31246.5859375,31288.21293
2017-04-29 20:20:00,31932.916015625,31908.74525,31644.576171875,31677.56654,31651.6640625,31555.89354,31394.099609375,31184.79087,30956.998046875,31288.21293,31158.279296875,31318.63118
2017-04-29 20:30:00,31767.23828125,31677.56654,31469.845703125,31555.89354,31464.83203125,31184.79087,31202.205078125,31288.21293,30776.767578125,31318.63118,31004.04296875,31422.05323
2017-04-29 20:40:00,31629.330078125,31555.89354,31316.32421875,31184.79087,31306.794921875,31288.21293,31023.76953125,31318.63118,30615.48046875,31422.05323,30859.884765625,31002.28137
2017-04-29 20:50:00,31422.638671875,31184.79087,31107.572265625,31288.21293,31098.87109375,31318.63118,30806.53125,31422.05323,30431.66796875,31002.28137,30701.33984375,30844.10646
2017-04-29 21:00:00,31219.923828125,31288.21293,30885.142578125,31318.63118,30883.08984375,31422.05323,30579.90625,31002.28137,30233.498046875,30844.10646,30524.60546875,30667.68061
2017-04-29 21:10:00,31011.6953125,31318.63118,30684.3984375,31422.05323,30683.08984375,31002.28137,30387.935546875,30844.10646,30071.26171875,30667.68061,30394.2734375,30892.77567
2017-04-29 21:20:00,30763.578125,31422.05323,30427.01171875,31002.28137,30419.927734375,30844.10646,30119.08984375,30667.68061,29829.59375,30892.77567,30168.56640625,30789.35361
2017-04-29 21:30:00,30545.783203125,31002.28137,30247.177734375,30844.10646,30252.0703125,30667.68061,29976.068359375,30892.77567,29736.4140625,30789.35361,30118.587890625,30880.60837
2017-04-29 21:40:00,30343.056640625,30844.10646,30054.73046875,30667.68061,30066.4609375,30892.77567,29819.552734375,30789.35361,29610.23828125,30880.60837,30028.025390625,31026.61597
2017-04-29 21:50:00,30139.37109375,30667.68061,29889.951171875,30892.77567,29913.603515625,30789.35361,29723.83203125,30880.60837,29553.353515625,31026.61597,30029.669921875,31458.55513
2017-04-29 22:00:00,29997.97265625,30892.77567,29770.1171875,30789.35361,29823.19921875,30880.60837,29691.4296875,31026.61597,29574.0625,31458.55513,30097.931640625,32152.09125
2017-04-29 22:10:00,29839.208984375,30789.35361,29676.626953125,30880.60837,29760.068359375,31026.61597,29712.734375,31458.55513,29672.314453125,32152.09125,30255.201171875,32711.78707
2017-04-29 22:20:00,29809.697265625,30880.60837,29685.1875,31026.61597,29812.98828125,31458.55513,29852.173828125,32152.09125,29897.537109375,32711.78707,30520.791015625,33295.81749
2017-04-29 22:30:00,29777.203125,31026.61597,29713.390625,31458.55513,29871.6875,32152.09125,30003.21875,32711.78707,30122.865234375,33295.81749,30762.111328125,34804.56274
2017-04-29 22:40:00,29883.560546875,31458.55513,29889.541015625,32152.09125,30108.359375,32711.78707,30352.572265625,33295.81749,30557.755859375,34804.56274,31249.1640625,37292.77567
2017-04-29 22:50:00,30120.15625,32152.09125,30228.421875,32711.78707,30518.982421875,33295.81749,30871.998046875,34804.56274,31186.171875,37292.77567,31924.71484375,38996.19772
2017-04-29 23:00:00,30690.169921875,32711.78707,30888.15625,33295.81749,31280.419921875,34804.56274,31774.091796875,37292.77567,32230.537109375,38996.19772,33024.57421875,39628.89734
2017-04-29 23:10:00,31390.658203125,33295.81749,31719.533203125,34804.56274,32208.921875,37292.77567,32830.91015625,38996.19772,33426.10546875,39628.89734,34255.9140625,39409.88593
2017-04-29 23:20:00,32525.826171875,34804.56274,32952.66015625,37292.77567,33554.5859375,38996.19772,34269.21875,39628.89734,34978.80859375,39409.88593,35849.66796875,39525.47529
2017-04-29 23:30:00,34029.27734375,37292.77567,34556.66015625,38996.19772,35224.9765625,39628.89734,35964.8671875,39409.88593,36735.81640625,39525.47529,37560.90625,39367.30038
2017-04-29 23:40:00,35644.27734375,38996.19772,36215.78515625,39628.89734,36878.25,39409.88593,37508.74609375,39525.47529,38244.81640625,39367.30038,38899.92578125,39367.30038
2017-04-29 23:50:00,36941.703125,39628.89734,37471.265625,39409.88593,38033.33984375,39525.47529,38435.94140625,39367.30038,39007.82421875,39367.30038,39406.8984375,39434.22053
2017-04-30 00:00:00,37733.02734375,39409.88593,38172.12890625,39525.47529,38591.14453125,39367.30038,38753.30859375,39367.30038,39178.90234375,39434.22053,39365.734375,39379.46768
2017-04-30 00:10:00,38272.03515625,39525.47529,38630.73046875,39367.30038,38886.89453125,39367.30038,38855.875,39434.22053,39176.95703125,39379.46768,39162.91015625,39111.78707
2017-04-30 00:20:00,38546.05078125,39367.30038,38879.421875,39367.30038,39039.83984375,39434.22053,38903.0078125,39379.46768,39156.24609375,39111.78707,39051.26171875,38929.27757
2017-04-30 00:30:00,38598.48828125,39367.30038,38885.8125,39434.22053,38991.375,39379.46768,38789.41796875,39111.78707,38986.03515625,38929.27757,38806.34375,39233.46008
2017-04-30 00:40:00,38719.90234375,39434.22053,38967.921875,39379.46768,39050.109375,39111.78707,38806.66015625,38929.27757,38946.30859375,39233.46008,38711.21484375,38862.35741
2017-04-30 00:50:00,38822.98828125,39379.46768,39032.96875,39111.78707,39098.88671875,38929.27757,38825.046875,39233.46008,38903.7734375,38862.35741,38644.5078125,39038.78327
2017-04-30 01:00:00,38891.984375,39111.78707,39057.30859375,38929.27757,39097.56640625,39233.46008,38790.49609375,38862.35741,38853.48828125,39038.78327,38558.375,38758.93536
2017-04-30 01:10:00,38952.2890625,38929.27757,39053.4765625,39233.46008,39072.73828125,38862.35741,38738.15234375,39038.78327,38768.140625,38758.93536,38436.72265625,38491.25475
2017-04-30 01:20:00,38966.87890625,39233.46008,39025.90625,38862.35741,39036.6015625,39038.78327,38675.58203125,38758.93536,38678.140625,38491.25475,38335.69140625,38503.42205
2017-04-30 01:30:00,39022.4765625,38862.35741,39035.81640625,39038.78327,39011.95703125,38758.93536,38625.609375,38491.25475,38599.1484375,38503.42205,38241.90234375,38406.08365
2017-04-30 01:40:00,38993.8125,39038.78327,38962.92578125,38758.93536,38921.00390625,38491.25475,38502.05859375,38503.42205,38457.4765625,38406.08365,38084.71484375,38211.40684
2017-04-30 01:50:00,38904.55078125,38758.93536,38827.25,38491.25475,38753.16796875,38503.42205,38302.015625,38406.08365,38239.25,38211.40684,37865.8828125,38138.40304
2017-04-30 02:00:00,38789.3828125,38491.25475,38667.1484375,38503.42205,38568.78515625,38406.08365,38087.62109375,38211.40684,38011.0703125,38138.40304,37626.07421875,38241.8251
2017-04-30 02:10:00,38674.3359375,38503.42205,38502.8359375,38406.08365,38381.80078125,38211.40684,37866.12109375,38138.40304,37754.82421875,38241.8251,37394.6640625,37676.04563
2017-04-30 02:20:00,38496.640625,38406.08365,38274.4453125,38211.40684,38124.96875,38138.40304,37580.9921875,38241.8251,37464.06640625,37676.04563,37107.9453125,37438.78327
2017-04-30 02:30:00,38321.73828125,38211.40684,38036.46484375,38138.40304,37863.74609375,38241.8251,37299.21484375,37676.04563,37160.8203125,37438.78327,36804.94921875,37219.77186
2017-04-30 02:40:00,38069.33203125,38138.40304,37722.27734375,38241.8251,37535.37109375,37676.04563,36945.828125,37438.78327,36788.77734375,37219.77186,36442.33984375,36939.92395
2017-04-30 02:50:00,37864.61328125,38241.8251,37469.25390625,37676.04563,37251.4765625,37438.78327,36644.46484375,37219.77186,36469.4765625,36939.92395,36117.53515625,36635.74144
2017-04-30 03:00:00,37600.87890625,37676.04563,37150.0625,37438.78327,36909.109375,37219.77186,36289.55859375,36939.92395,36097.1015625,36635.74144,35699.9453125,36422.81369
2017-04-30 03:10:00,37334.9453125,37438.78327,36826.98828125,37219.77186,36578.046875,36939.92395,35951.265625,36635.74144,35711.4375,36422.81369,35300.20703125,36282.88973
2017-04-30 03:20:00,37016.26171875,37219.77186,36468.84765625,36939.92395,36179.41796875,36635.74144,35540.0859375,36422.81369,35273.9453125,36282.88973,34832.69921875,35905.70342
2017-04-30 03:30:00,36684.328125,36939.92395,36107.69921875,36635.74144,35786.2578125,36422.81369,35128.015625,36282.88973,34829.89453125,35905.70342,34347.3125,35431.17871
2017-04-30 03:40:00,36291.16015625,36635.74144,35683.38671875,36422.81369,35324.8203125,36282.88973,34650.3828125,35905.70342,34316.9765625,35431.17871,33829.40234375,34780.22814
2017-04-30 03:50:00,35768.7421875,36422.81369,35146.8515625,36282.88973,34724.63671875,35905.70342,34048.91796875,35431.17871,33653.10546875,34780.22814,33115.640625,34348.28897
2017-04-30 04:00:00,35251.77734375,36282.88973,34630.29296875,35905.70342,34143.26171875,35431.17871,33461.5859375,34780.22814,33021.35546875,34348.28897,32463.666015625,33709.5057
2017-04-30 04:10:00,34699.15625,35905.70342,34032.609375,35431.17871,33537.73828125,34780.22814,32856.27734375,34348.28897,32383.267578125,33709.5057,31805.283203125,33204.56274
2017-04-30 04:20:00,34116.50390625,35431.17871,33456.73046875,34780.22814,32905.6953125,34348.28897,32233.943359375,33709.5057,31720.771484375,33204.56274,31120.087890625,32200.76046
2017-04-30 04:30:00,33618.7265625,34780.22814,32894.85546875,34348.28897,32352.845703125,33709.5057,31670.203125,33204.56274,31144.921875,32200.76046,30513.134765625,31507.22433
2017-04-30 04:40:00,33177.96875,34348.28897,32431.498046875,33709.5057,31834.748046875,33204.56274,31198.0625,32200.76046,30662.634765625,31507.22433,30025.259765625,30831.93916
2017-04-30 04:50:00,32694.591796875,33709.5057,31905.2265625,33204.56274,31299.20703125,32200.76046,30684.654296875,31507.22433,30137.3984375,30831.93916,29481.107421875,30010.64639
2017-04-30 05:00:00,32178.603515625,33204.56274,31402.21484375,32200.76046,30757.3515625,31507.22433,30130.091796875,30831.93916,29637.908203125,30010.64639,28979.48046875,29359.69582
2017-04-30 05:10:00,31667.154296875,32200.76046,30837.14453125,31507.22433,30225.37890625,30831.93916,29582.015625,30010.64639,29116.2265625,29359.69582,28445.658203125,28623.57414
2017-04-30 05:20:00,31087.306640625,31507.22433,30222.828125,30831.93916,29615.91015625,30010.64639,29016.87109375,29359.69582,28543.001953125,28623.57414,27853.669921875,27735.36122
2017-04-30 05:30:00,30520.892578125,30831.93916,29620.046875,30010.64639,29018.5,29359.69582,28451.7734375,28623.57414,28000.96875,27735.36122,27399.52734375,27455.51331
2017-04-30 05:40:00,30010.837890625,30010.64639,29119.994140625,29359.69582,28510.861328125,28623.57414,27981.935546875,27735.36122,27568.375,27455.51331,26984.84765625,26859.31559
2017-04-30 05:50:00,29279.919921875,29359.69582,28417.244140625,28623.57414,27853.30078125,27735.36122,27347.201171875,27455.51331,26947.41015625,26859.31559,26388.330078125,26293.53612
2017-04-30 06:00:00,28906.287109375,28623.57414,28034.5859375,27735.36122,27519.66796875,27455.51331,27003.892578125,26859.31559,26591.15625,26293.53612,26019.875,25794.67681
2017-04-30 06:10:00,28381.82421875,27735.36122,27524.140625,27455.51331,27102.564453125,26859.31559,26550.162109375,26293.53612,26127.75390625,25794.67681,25597.853515625,25314.06844
2017-04-30 06:20:00,27672.927734375,27455.51331,26848.15234375,26859.31559,26484.251953125,26293.53612,25962.123046875,25794.67681,25541.896484375,25314.06844,24977.69921875,24711.78707
2017-04-30 06:30:00,27053.88671875,26859.31559,26249.61328125,26293.53612,25913.19140625,25794.67681,25443.412109375,25314.06844,25035.142578125,24711.78707,24509.986328125,24237.26236
2017-04-30 06:40:00,26530.51171875,26293.53612,25764.568359375,25794.67681,25451.3359375,25314.06844,25039.33203125,24711.78707,24654.171875,24237.26236,24152.970703125,24115.58935
2017-04-30 06:50:00,25915.79296875,25794.67681,25240.8515625,25314.06844,24941.345703125,24711.78707,24603.994140625,24237.26236,24241.521484375,24115.58935,23774.08984375,23860.07605
2017-04-30 07:00:00,25482.12890625,25314.06844,24897.521484375,24711.78707,24577.572265625,24237.26236,24308.69921875,24115.58935,23931.09375,23860.07605,23510.603515625,23507.22433
2017-04-30 07:10:00,25089.919921875,24711.78707,24573.078125,24237.26236,24250.669921875,24115.58935,24045.84375,23860.07605,23668.587890625,23507.22433,23282.48828125,23403.80228
2017-04-30 07:20:00,24764.40234375,24237.26236,24313.544921875,24115.58935,23976.4140625,23860.07605,23820.4921875,23507.22433,23449.3984375,23403.80228,23119.005859375,23142.20532
2017-04-30 07:30:00,24462.375,24115.58935,24088.24609375,23860.07605,23754.46484375,23507.22433,23627.984375,23403.80228,23256.609375,23142.20532,22966.76953125,22582.50951
2017-04-30 07:40:00,24194.5234375,23860.07605,23897.228515625,23507.22433,23556.8515625,23403.80228,23491.048828125,23142.20532,23101.64453125,22582.50951,22866.4453125,22485.1711
2017-04-30 07:50:00,23951.484375,23507.22433,23692.072265625,23403.80228,23387.650390625,23142.20532,23330.17578125,22582.50951,22947.833984375,22485.1711,22767.150390625,22357.41445
2017-04-30 08:00:00,23762.3046875,23403.80228,23534.73828125,23142.20532,23240.41015625,22582.50951,23224.4609375,22485.1711,22825.212890625,22357.41445,22695.9765625,22223.57414
2017-04-30 08:10:00,23539.9140625,23142.20532,23359.36328125,22582.50951,23085.7578125,22485.1711,23087.208984375,22357.41445,22700.744140625,22223.57414,22587.185546875,22089.73384
2017-04-30 08:20:00,23385.638671875,22582.50951,23247.552734375,22485.1711,22978.568359375,22357.41445,22991.71875,22223.57414,22603.6171875,22089.73384,22557.44921875,21791.63498
2017-04-30 08:30:00,23244.220703125,22485.1711,23148.544921875,22357.41445,22887.966796875,22223.57414,22919.76171875,22089.73384,22516.369140625,21791.63498,22518.326171875,21615.20913
2017-04-30 08:40:00,23135.546875,22357.41445,23058.50390625,22223.57414,22798.357421875,22089.73384,22873.634765625,21791.63498,22453.140625,21615.20913,22501.125,21207.60456
2017-04-30 08:50:00,23003.115234375,22223.57414,22944.21875,22089.73384,22704.634765625,21791.63498,22804.583984375,21615.20913,22369.919921875,21207.60456,22421.912109375,20915.58935
2017-04-30 09:00:00,22908.494140625,22089.73384,22879.59765625,21791.63498,22647.455078125,21615.20913,22741.927734375,21207.60456,22311.138671875,20915.58935,22414.859375,20745.24715
2017-04-30 09:10:00,22809.580078125,21791.63498,22807.13671875,21615.20913,22602.5546875,21207.60456,22678.62890625,20915.58935,22240.400390625,20745.24715,22356.1484375,20787.8327
2017-04-30 09:20:00,22676.14453125,21615.20913,22689.87109375,21207.60456,22503.359375,20915.58935,22575.28125,20745.24715,22160.31640625,20787.8327,22288.740234375,20812.1673
2017-04-30 09:30:00,22616.498046875,21207.60456,22635.083984375,20915.58935,22465.962890625,20745.24715,22536.654296875,20787.8327,22078.9375,20812.1673,22226.4296875,21000.76046
2017-04-30 09:40:00,22515.146484375,20915.58935,22562.978515625,20745.24715,22408.9765625,20787.8327,22463.244140625,20812.1673,22017.892578125,21000.76046,22187.087890625,20946.0076
2017-04-30 09:50:00,22458.8515625,20745.24715,22487.505859375,20787.8327,22343.783203125,20812.1673,22404.71875,21000.76046,21946.326171875,20946.0076,22129.33203125,21262.35741
2017-04-30 10:00:00,22332.51171875,20787.8327,22365.36328125,20812.1673,22245.859375,21000.76046,22274.857421875,20946.0076,21834.8125,21262.35741,22018.009765625,21317.11027
2017-04-30 10:10:00,22291.9296875,20812.1673,22306.544921875,21000.76046,22219.390625,20946.0076,22226.876953125,21262.35741,21809.3671875,21317.11027,21989.73828125,21359.69582
2017-04-30 10:20:00,22187.091796875,21000.76046,22215.74609375,20946.0076,22119.220703125,21262.35741,22139.13671875,21317.11027,21708.52734375,21359.69582,21939.1171875,21189.35361
2017-04-30 10:30:00,22126.80078125,20946.0076,22117.298828125,21262.35741,22052.89453125,21317.11027,22053.349609375,21359.69582,21656.857421875,21189.35361,21875.5546875,21286.69202
2017-04-30 10:40:00,22071.640625,21262.35741,22057.498046875,21317.11027,21997.787109375,21359.69582,22001.18359375,21189.35361,21613.41796875,21286.69202,21844.1015625,21280.60837
2017-04-30 10:50:00,21983.197265625,21317.11027,21966.986328125,21359.69582,21937.662109375,21189.35361,21915.185546875,21286.69202,21563.28125,21280.60837,21790.376953125,21463.11787
2017-04-30 11:00:00,21906.6328125,21359.69582,21912.0078125,21189.35361,21862.515625,21286.69202,21846.771484375,21280.60837,21514.572265625,21463.11787,21762.6171875,22156.65399
2017-04-30 11:10:00,21845.822265625,21189.35361,21828.38671875,21286.69202,21811.107421875,21280.60837,21778.73828125,21463.11787,21460.728515625,22156.65399,21714.060546875,22333.07985
2017-04-30 11:20:00,21790.017578125,21286.69202,21772.232421875,21280.60837,21753.369140625,21463.11787,21740.42578125,22156.65399,21437.1484375,22333.07985,21687.955078125,22077.56654
2017-04-30 11:30:00,21708.01171875,21280.60837,21686.078125,21463.11787,21687.40234375,22156.65399,21679.03515625,22333.07985,21389.771484375,22077.56654,21650.1171875,22065.39924
2017-04-30 11:40:00,21598.439453125,21463.11787,21612.46484375,22156.65399,21599.14453125,22333.07985,21617.828125,22077.56654,21342.953125,22065.39924,21626.73828125,22132.31939
2017-04-30 11:50:00,21559.173828125,22156.65399,21549.171875,22333.07985,21561.880859375,22077.56654,21573.66015625,22065.39924,21324.34375,22132.31939,21605.267578125,22022.81369
2017-04-30 12:00:00,21514.615234375,22333.07985,21501.716796875,22077.56654,21526.6796875,22065.39924,21547.611328125,22132.31939,21324.39453125,22022.81369,21615.5546875,21152.85171
2017-04-30 12:10:00,21481.20703125,22077.56654,21472.2578125,22065.39924,21516.716796875,22132.31939,21568.166015625,22022.81369,21364.916015625,21152.85171,21666.880859375,19850.95057
2017-04-30 12:20:00,21460.990234375,22065.39924,21458.388671875,22132.31939,21517.376953125,22022.81369,21601.59765625,21152.85171,21422.470703125,19850.95057,21740.748046875,18719.39163
2017-04-30 12:30:00,21417.306640625,22132.31939,21430.072265625,22022.81369,21510.78515625,21152.85171,21621.189453125,19850.95057,21458.955078125,18719.39163,21796.693359375,18500.38023
2017-04-30 12:40:00,21505.728515625,22022.81369,21533.53515625,21152.85171,21612.740234375,19850.95057,21769.0546875,18719.39163,21625.64453125,18500.38023,22017.6875,18196.19772
2017-04-30 12:50:00,21563.78125,21152.85171,21581.76171875,19850.95057,21714.47265625,18719.39163,21882.224609375,18500.38023,21765.265625,18196.19772,22161.08203125,18323.95437
2017-04-30 13:00:00,21664.818359375,19850.95057,21714.8515625,18719.39163,21869.53515625,18500.38023,22095.095703125,18196.19772,22004.513671875,18323.95437,22453.1328125,18482.12928
2017-04-30 13:10:00,21692.451171875,18719.39163,21757.365234375,18500.38023,21940.78515625,18196.19772,22155.408203125,18323.95437,22092.8671875,18482.12928,22568.0,18622.05323
2017-04-30 13:20:00,21886.82421875,18500.38023,21976.53125,18196.19772,22196.310546875,18323.95437,22460.8515625,18482.12928,22427.392578125,18622.05323,22944.421875,18920.15209
2017-04-30 13:30:00,21975.724609375,18196.19772,22067.423828125,18323.95437,22292.462890625,18482.12928,22545.17578125,18622.05323,22546.533203125,18920.15209,23074.7890625,19315.58935
2017-04-30 13:40:00,22078.0625,18323.95437,22181.453125,18482.12928,22429.517578125,18622.05323,22686.400390625,18920.15209,22702.42578125,19315.58935,23251.595703125,19923.95437
2017-04-30 13:50:00,22148.607421875,18482.12928,22252.236328125,18622.05323,22515.7890625,18920.15209,22782.16015625,19315.58935,22836.5546875,19923.95437,23386.025390625,20209.88593
2017-04-30 14:00:00,22320.0703125,18622.05323,22440.263671875,18920.15209,22703.6640625,19315.58935,22956.248046875,19923.95437,23032.044921875,20209.88593,23579.55859375,20757.41445
2017-04-30 14:10:00,22570.51953125,18920.15209,22697.41015625,19315.58935,22973.005859375,19923.95437,23245.43359375,20209.88593,23369.1875,20757.41445,23879.005859375,21146.76806
2017-04-30 14:20:00,22894.9765625,19315.58935,23059.841796875,19923.95437,23314.6015625,20209.88593,23576.60546875,20757.41445,23737.923828125,21146.76806,24222.3203125,21986.31179
2017-04-30 14:30:00,23062.41796875,19923.95437,23210.21875,20209.88593,23469.158203125,20757.41445,23736.9453125,21146.76806,23933.78515625,21986.31179,24379.6875,22466.92015
2017-04-30 14:40:00,23446.28515625,20209.88593,23610.9140625,20757.41445,23875.013671875,21146.76806,24147.216796875,21986.31179,24401.92578125,22466.92015,24800.373046875,23276.04563
2017-04-30 14:50:00,23880.67578125,20757.41445,24049.501953125,21146.76806,24310.296875,21986.31179,24568.734375,22466.92015,24870.810546875,23276.04563,25185.17578125,24139.92395
2017-04-30 15:00:00,24412.703125,21146.76806,24613.275390625,21986.31179,24878.310546875,22466.92015,25136.357421875,23276.04563,25496.716796875,24139.92395,25734.05078125,24614.44867
2017-04-30 15:10:00,24998.56640625,21986.31179,25222.919921875,22466.92015,25467.30078125,23276.04563,25720.806640625,24139.92395,26078.626953125,24614.44867,26236.109375,25466.1597
2017-04-30 15:20:00,25455.716796875,22466.92015,25689.45703125,23276.04563,25945.74609375,24139.92395,26191.77734375,24614.44867,26556.39453125,25466.1597,26674.552734375,26281.36882
2017-04-30 15:30:00,25892.53515625,23276.04563,26118.07421875,24139.92395,26397.482421875,24614.44867,26616.01953125,25466.1597,26948.66796875,26281.36882,27052.248046875,27017.49049
2017-04-30 15:40:00,26342.0859375,24139.92395,26595.537109375,24614.44867,26835.830078125,25466.1597,27063.8125,26281.36882,27352.685546875,27017.49049,27415.78515625,27619.77186
2017-04-30 15:50:00,26851.89453125,24614.44867,27079.220703125,25466.1597,27291.1171875,26281.36882,27537.603515625,27017.49049,27824.794921875,27619.77186,27860.9296875,28015.20913
2017-04-30 16:00:00,27416.640625,25466.1597,27680.44921875,26281.36882,27887.625,27017.49049,28108.806640625,27619.77186,28319.32421875,28015.20913,28343.34375,28349.80989
2017-04-30 16:10:00,28040.8125,26281.36882,28293.109375,27017.49049,28476.845703125,27619.77186,28693.39453125,28015.20913,28870.94140625,28349.80989,28854.513671875,28653.9924
2017-04-30 16:20:00,28508.076171875,27017.49049,28742.70703125,27619.77186,28868.619140625,28015.20913,29075.064453125,28349.80989,29191.888671875,28653.9924,29146.05859375,29384.03042
2017-04-30 16:30:00,29088.076171875,27619.77186,29304.67578125,28015.20913,29421.26953125,28349.80989,29619.3203125,28653.9924,29684.58203125,29384.03042,29624.98046875,29627.37643
2017-04-30 16:40:00,29551.85546875,28015.20913,29729.408203125,28349.80989,29849.01171875,28653.9924,29988.748046875,29384.03042,29996.421875,29627.37643,29909.68359375,29998.47909
2017-04-30 16:50:00,29954.71875,28349.80989,30125.498046875,28653.9924,30195.921875,29384.03042,30322.876953125,29627.37643,30296.724609375,29998.47909,30198.5,30290.4943
2017-04-30 17:00:00,30272.205078125,28653.9924,30410.6328125,29384.03042,30510.859375,29627.37643,30602.603515625,29998.47909,30511.4375,30290.4943,30418.34375,30278.327
2017-04-30 17:10:00,30527.732421875,29384.03042,30641.310546875,29627.37643,30689.083984375,29998.47909,30767.314453125,30290.4943,30666.634765625,30278.327,30567.966796875,30302.6616
2017-04-30 17:20:00,30793.14453125,29627.37643,30866.193359375,29998.47909,30920.33203125,30290.4943,30988.765625,30278.327,30850.244140625,30302.6616,30751.18359375,30059.31559
2017-04-30 17:30:00,30953.208984375,29998.47909,30990.771484375,30290.4943,31042.23046875,30278.327,31096.19140625,30302.6616,30932.23828125,30059.31559,30817.84765625,30053.23194
2017-04-30 17:40:00,31131.2109375,30290.4943,31155.669921875,30278.327,31168.56640625,30302.6616,31211.1640625,30059.31559,31035.169921875,30053.23194,30915.5,29961.97719
2017-04-30 17:50:00,31339.0234375,30278.327,31306.919921875,30302.6616,31357.08203125,30059.31559,31391.021484375,30053.23194,31173.95703125,29961.97719,31052.99609375,29499.61977
2017-04-30 18:00:00,31472.61328125,30302.6616,31422.7734375,30059.31559,31462.818359375,30053.23194,31493.82421875,29961.97719,31244.318359375,29499.61977,31143.70703125,29122.43346
2017-04-30 18:10:00,31613.7578125,30059.31559,31511.0234375,30053.23194,31592.169921875,29961.97719,31605.8984375,29499.61977,31318.18359375,29122.43346,31227.580078125,29280.60837
2017-04-30 18:20:00,31697.13671875,30053.23194,31588.861328125,29961.97719,31651.931640625,29499.61977,31663.29296875,29122.43346,31348.23046875,29280.60837,31260.37890625,29408.36502
2017-04-30 18:30:00,31767.087890625,29961.97719,31612.630859375,29499.61977,31697.603515625,29122.43346,31695.578125,29280.60837,31334.55078125,29408.36502,31261.580078125,29292.77567
2017-04-30 18:40:00,31839.587890625,29499.61977,31678.083984375,29122.43346,31759.771484375,29280.60837,31734.34375,29408.36502,31358.07421875,29292.77567,31294.701171875,29079.84791
2017-04-30 18:50:00,31811.65234375,29122.43346,31617.009765625,29280.60837,31690.40625,29408.36502,31640.083984375,29292.77567,31260.890625,29079.84791,31214.265625,29225.85551
2017-04-30 19:00:00,31830.4375,29280.60837,31657.609375,29408.36502,31684.546875,29292.77567,31597.888671875,29079.84791,31239.32421875,29225.85551,31193.43359375,29201.52091
2017-04-30 19:10:00,31724.29296875,29408.36502,31533.07421875,29292.77567,31521.701171875,29079.84791,31416.947265625,29225.85551,31071.328125,29201.52091,31027.970703125,29341.44487
2017-04-30 19:20:00,31602.869140625,29292.77567,31418.568359375,29079.84791,31371.369140625,29225.85551,31219.57421875,29201.52091,30893.35546875,29341.44487,30857.8203125,29493.53612
2017-04-30 19:30:00,31438.720703125,29079.84791,31224.533203125,29225.85551,31160.125,29201.52091,30955.19921875,29341.44487,30661.97265625,29493.53612,30638.07421875,29554.37262
2017-04-30 19:40:00,31291.703125,29225.85551,31064.427734375,29201.52091,30969.78125,29341.44487,30717.18359375,29493.53612,30455.994140625,29554.37262,30430.2265625,29651.71103
2017-04-30 19:50:00,31041.341796875,29201.52091,30789.369140625,29341.44487,30685.576171875,29493.53612,30397.791015625,29554.37262,30153.900390625,29651.71103,30149.390625,29304.94297
2017-04-30 20:00:00,30820.2890625,29341.44487,30557.30078125,29493.53612,30441.396484375,29554.37262,30116.439453125,29651.71103,29884.80078125,29304.94297,29901.05859375,28751.3308
2017-04-30 20:10:00,30537.66796875,29493.53612,30243.259765625,29554.37262,30122.798828125,29651.71103,29754.701171875,29304.94297,29556.669921875,28751.3308,29601.20703125,28538.40304
2017-04-30 20:20:00,30258.7109375,29554.37262,29956.025390625,29651.71103,29827.70703125,29304.94297,29419.06640625,28751.3308,29261.0390625,28538.40304,29302.8515625,28361.97719
2017-04-30 20:30:00,30000.8359375,29651.71103,29681.39453125,29304.94297,29571.359375,28751.3308,29155.63671875,28538.40304,29016.5078125,28361.97719,29088.1875,28069.96198
2017-04-30 20:40:00,29768.8359375,29304.94297,29438.13671875,28751.3308,29335.130859375,28538.40304,28909.087890625,28361.97719,28791.345703125,28069.96198,28862.365234375,28325.47529
2017-04-30 20:50:00,29458.173828125,28751.3308,29112.216796875,28538.40304,29025.28515625,28361.97719,28607.6953125,28069.96198,28511.6953125,28325.47529,28621.94140625,28228.13688
2017-04-30 21:00:00,29285.6875,28538.40304,28948.03515625,28361.97719,28869.34375,28069.96198,28460.2578125,28325.47529,28384.53125,28228.13688,28517.6875,28009.12548
2017-04-30 21:10:00,28967.447265625,28361.97719,28637.271484375,28069.96198,28571.6875,28325.47529,28190.091796875,28228.13688,28148.0078125,28009.12548,28315.580078125,27784.03042
2017-04-30 21:20:00,28832.16015625,28069.96198,28523.125,28325.47529,28462.693359375,28228.13688,28107.2578125,28009.12548,28075.123046875,27784.03042,28285.01953125,27802.28137
2017-04-30 21:30:00,28553.46484375,28325.47529,28283.126953125,28228.13688,28235.76953125,28009.12548,27942.078125,27784.03042,27944.572265625,27802.28137,28201.41015625,27650.19011
2017-04-30 21:40:00,28409.962890625,28228.13688,28186.13671875,28009.12548,28146.830078125,27784.03042,27911.908203125,27802.28137,27941.60546875,27650.19011,28246.095703125,27753.61217
2017-04-30 21:50:00,28218.744140625,28009.12548,28039.228515625,27784.03042,28013.306640625,27802.28137,27853.4609375,27650.19011,27913.671875,27753.61217,28267.064453125,27869.20152
2017-04-30 22:00:00,28170.890625,27784.03042,28059.056640625,27802.28137,28062.578125,27650.19011,27970.55078125,27753.61217,28068.544921875,27869.20152,28456.779296875,28386.31179
2017-04-30 22:10:00,28132.34375,27802.28137,28095.578125,27650.19011,28146.1953125,27753.61217,28146.73828125,27869.20152,28297.181640625,28386.31179,28750.990234375,29213.68821
2017-04-30 22:20:00,28201.67578125,27650.19011,28227.095703125,27753.61217,28333.490234375,27869.20152,28411.60546875,28386.31179,28615.1640625,29213.68821,29095.82421875,29895.05703
2017-04-30 22:30:00,28346.634765625,27753.61217,28454.33984375,27869.20152,28648.646484375,28386.31179,28832.318359375,29213.68821,29112.677734375,29895.05703,29659.896484375,31306.46388
2017-04-30 22:40:00,28625.859375,27869.20152,28816.1171875,28386.31179,29092.52734375,29213.68821,29364.705078125,29895.05703,29718.65234375,31306.46388,30297.935546875,34275.28517
2017-04-30 22:50:00,28964.26171875,28386.31179,29266.34765625,29213.68821,29630.486328125,29895.05703,30016.015625,31306.46388,30458.345703125,34275.28517,31097.62109375,36258.55513
2017-04-30 23:00:00,29521.982421875,29213.68821,29937.328125,29895.05703,30385.611328125,31306.46388,30878.673828125,34275.28517,31412.751953125,36258.55513,32097.40625,37012.92776
2017-04-30 23:10:00,30293.654296875,29895.05703,30834.59765625,31306.46388,31369.865234375,34275.28517,31959.220703125,36258.55513,32582.794921875,37012.92776,33306.0703125,37286.69202
2017-04-30 23:20:00,31325.126953125,31306.46388,31975.943359375,34275.28517,32571.1015625,36258.55513,33227.42578125,37012.92776,33891.03125,37286.69202,34628.03125,37347.52852
2017-04-30 23:30:00,32567.99609375,34275.28517,33328.81640625,36258.55513,33945.98046875,37012.92776,34641.18359375,37286.69202,35290.125,37347.52852,35994.80078125,37231.93916
2017-04-30 23:40:00,33896.4140625,36258.55513,34699.23828125,37012.92776,35300.88671875,37286.69202,35931.69921875,37347.52852,36490.125,37231.93916,37091.65234375,37037.26236
2017-04-30 23:50:00,35263.359375,37012.92776,36064.6640625,37286.69202,36596.15234375,37347.52852,37097.1015625,37231.93916,37513.62109375,37037.26236,37936.19140625,37274.52471
2017-05-01 00:00:00,36143.08984375,37286.69202,36851.18359375,37347.52852,37274.90234375,37231.93916,37581.56640625,37037.26236,37850.3125,37274.52471,38080.25,37231.93916
2017-05-01 00:10:00,36733.2109375,37347.52852,37329.26953125,37231.93916,37652.13671875,37037.26236,37801.21484375,37274.52471,37960.77734375,37231.93916,38041.81640625,37487.45247
2017-05-01 00:20:00,36971.16796875,37231.93916,37457.19921875,37037.26236,37682.484375,37274.52471,37716.86328125,37231.93916,37795.55859375,37487.45247,37751.9296875,37578.70722
2017-05-01 00:30:00,37155.4921875,37037.26236,37562.98828125,37274.52471,37721.48828125,37231.93916,37677.10546875,37487.45247,37706.0546875,37578.70722,37547.14453125,37901.14068
2017-05-01 00:40:00,37289.17578125,37274.52471,37622.14453125,37231.93916,37739.59375,37487.45247,37635.0390625,37578.70722,37615.5546875,37901.14068,37381.1796875,37846.38783
2017-05-01 00:50:00,37403.1953125,37231.93916,37669.33203125,37487.45247,37750.30859375,37578.70722,37619.703125,37901.14068,37567.44921875,37846.38783,37277.5,37846.38783
2017-05-01 01:00:00,37444.00390625,37487.45247,37655.05859375,37578.70722,37706.5078125,37901.14068,37548.49609375,37846.38783,37476.6171875,37846.38783,37133.0078125,37700.38023
2017-05-01 01:10:00,37503.80078125,37578.70722,37669.71484375,37901.14068,37685.73046875,37846.38783,37520.97265625,37846.38783,37438.7109375,37700.38023,37057.296875,37974.14449
2017-05-01 01:20:00,37535.57421875,37901.14068,37649.9375,37846.38783,37635.0546875,37846.38783,37441.96875,37700.38023,37358.671875,37974.14449,36943.46484375,38199.23954
2017-05-01 01:30:00,37574.80078125,37846.38783,37643.109375,37846.38783,37593.72265625,37700.38023,37372.12109375,37974.14449,37304.5,38199.23954,36859.1171875,37961.97719
2017-05-01 01:40:00,37623.85546875,37846.38783,37640.0703125,37700.38023,37568.46875,37974.14449,37309.53125,38199.23954,37222.1328125,37961.97719,36785.359375,37499.61977
2017-05-01 01:50:00,37641.58203125,37700.38023,37619.078125,37974.14449,37511.46875,38199.23954,37215.16015625,37961.97719,37133.1484375,37499.61977,36685.03125,37426.61597
2017-05-01 02:00:00,37606.14453125,37974.14449,37542.41015625,38199.23954,37405.359375,37961.97719,37065.24609375,37499.61977,36983.96484375,37426.61597,36529.62109375,37390.11407
2017-05-01 02:10:00,37577.46875,38199.23954,37479.6875,37961.97719,37306.12890625,37499.61977,36936.9921875,37426.61597,36853.08984375,37390.11407,36402.18359375,37019.01141
2017-05-01 02:20:00,37523.8828125,37961.97719,37391.8046875,37499.61977,37190.5859375,37426.61597,36783.0859375,37390.11407,36696.49609375,37019.01141,36266.24609375,36793.91635
2017-05-01 02:30:00,37469.0859375,37499.61977,37298.55078125,37426.61597,37075.703125,37390.11407,36639.72265625,37019.01141,36541.83984375,36793.91635,36130.1640625,36684.41065
2017-05-01 02:40:00,37376.109375,37426.61597,37167.88671875,37390.11407,36923.16796875,37019.01141,36458.92578125,36793.91635,36371.0625,36684.41065,35959.91796875,36380.22814
2017-05-01 02:50:00,37261.9609375,37390.11407,36999.53125,37019.01141,36738.32421875,36793.91635,36245.6640625,36684.41065,36160.2890625,36380.22814,35739.6796875,36203.80228
2017-05-01 03:00:00,37111.23828125,37019.01141,36800.28515625,36793.91635,36517.62890625,36684.41065,35993.41015625,36380.22814,35905.484375,36203.80228,35487.73828125,35674.52471
2017-05-01 03:10:00,36970.5625,36793.91635,36608.4921875,36684.41065,36313.9765625,36380.22814,35767.45703125,36203.80228,35670.12890625,35674.52471,35232.359375,35370.34221
2017-05-01 03:20:00,36762.6015625,36684.41065,36349.9765625,36380.22814,36035.609375,36203.80228,35460.421875,35674.52471,35337.34375,35370.34221,34887.8125,35035.74144
2017-05-01 03:30:00,36513.3515625,36380.22814,36049.21875,36203.80228,35723.6640625,35674.52471,35123.2890625,35370.34221,34974.32421875,35035.74144,34488.390625,34603.80228
2017-05-01 03:40:00,36232.0390625,36203.80228,35723.99609375,35674.52471,35374.59375,35370.34221,34746.94140625,35035.74144,34567.7578125,34603.80228,34059.68359375,33958.93536
2017-05-01 03:50:00,35923.32421875,35674.52471,35372.1640625,35370.34221,35020.65234375,35035.74144,34373.69921875,34603.80228,34153.86328125,33958.93536,33611.65234375,33277.56654
2017-05-01 04:00:00,35553.53515625,35370.34221,34982.51171875,35035.74144,34567.28515625,34603.80228,33900.6484375,33958.93536,33627.57421875,33277.56654,33063.95703125,32462.35741
2017-05-01 04:10:00,35136.52734375,35035.74144,34546.12890625,34603.80228,34078.22265625,33958.93536,33401.3046875,33277.56654,33095.83203125,32462.35741,32497.138671875,31689.73384
2017-05-01 04:20:00,34642.24609375,34603.80228,34029.67578125,33958.93536,33506.66796875,33277.56654,32836.765625,32462.35741,32467.40625,31689.73384,31848.82421875,31215.20913
2017-05-01 04:30:00,34180.0546875,33958.93536,33528.0546875,33277.56654,32982.35546875,32462.35741,32320.599609375,31689.73384,31885.828125,31215.20913,31231.810546875,30491.25475
2017-05-01 04:40:00,33632.28125,33277.56654,32956.71484375,32462.35741,32344.779296875,31689.73384,31699.0078125,31215.20913,31237.333984375,30491.25475,30576.24609375,29955.89354
2017-05-01 04:50:00,33079.8984375,32462.35741,32380.404296875,31689.73384,31764.888671875,31215.20913,31125.470703125,30491.25475,30626.482421875,29955.89354,29944.953125,29183.26996
2017-05-01 05:00:00,32431.169921875,31689.73384,31700.05859375,31215.20913,31054.359375,30491.25475,30437.09375,29955.89354,29915.763671875,29183.26996,29204.107421875,28313.30798
2017-05-01 05:10:00,31884.859375,31215.20913,31114.310546875,30491.25475,30477.201171875,29955.89354,29859.599609375,29183.26996,29332.53125,28313.30798,28595.568359375,27857.03422
2017-05-01 05:20:00,31187.103515625,30491.25475,30416.66015625,29955.89354,29729.134765625,29183.26996,29147.986328125,28313.30798,28633.81640625,27857.03422,27877.486328125,27327.75665
2017-05-01 05:30:00,30601.037109375,29955.89354,29794.677734375,29183.26996,29162.82421875,28313.30798,28583.236328125,27857.03422,28066.384765625,27327.75665,27295.388671875,26488.21293
2017-05-01 05:40:00,29870.251953125,29183.26996,29053.767578125,28313.30798,28404.107421875,27857.03422,27880.154296875,27327.75665,27390.896484375,26488.21293,26612.513671875,25788.59316
2017-05-01 05:50:00,29171.619140625,28313.30798,28361.216796875,27857.03422,27766.134765625,27327.75665,27259.47265625,26488.21293,26792.677734375,25788.59316,26038.90625,25295.81749
2017-05-01 06:00:00,28468.84765625,27857.03422,27661.126953125,27327.75665,27092.416015625,26488.21293,26625.498046875,25788.59316,26180.09375,25295.81749,25469.86328125,24863.87833
2017-05-01 06:10:00,27933.248046875,27327.75665,27138.927734375,26488.21293,26629.81640625,25788.59316,26205.28515625,25295.81749,25729.75,24863.87833,25078.251953125,24425.85551
2017-05-01 06:20:00,27125.36328125,26488.21293,26371.75390625,25788.59316,25916.490234375,25295.81749,25491.39453125,24863.87833,25072.66015625,24425.85551,24439.142578125,24109.5057
2017-05-01 06:30:00,26511.857421875,25788.59316,25814.91015625,25295.81749,25406.486328125,24863.87833,25032.84375,24425.85551,24615.37890625,24109.5057,24025.978515625,23829.65779
2017-05-01 06:40:00,25989.958984375,25295.81749,25346.0859375,24863.87833,24961.1875,24425.85551,24628.083984375,24109.5057,24200.37890625,23829.65779,23647.84375,23622.81369
2017-05-01 06:50:00,25530.689453125,24863.87833,24927.927734375,24425.85551,24604.25,24109.5057,24341.8359375,23829.65779,23914.365234375,23622.81369,23408.927734375,23105.70342
2017-05-01 07:00:00,25051.404296875,24425.85551,24521.41796875,24109.5057,24203.509765625,23829.65779,23987.083984375,23622.81369,23580.08984375,23105.70342,23139.556640625,23032.69962
2017-05-01 07:10:00,24738.150390625,24109.5057,24261.7578125,23829.65779,23956.328125,23622.81369,23785.890625,23105.70342,23390.73828125,23032.69962,22986.689453125,22789.35361
2017-05-01 07:20:00,24367.109375,23829.65779,23947.708984375,23622.81369,23656.826171875,23105.70342,23513.95703125,23032.69962,23155.265625,22789.35361,22796.986328125,22619.01141
2017-05-01 07:30:00,24128.23828125,23622.81369,23756.474609375,23105.70342,23507.744140625,23032.69962,23385.611328125,22789.35361,23039.109375,22619.01141,22715.671875,22205.32319
2017-05-01 07:40:00,23866.35546875,23105.70342,23539.162109375,23032.69962,23289.041015625,22789.35361,23170.4375,22619.01141,22863.173828125,22205.32319,22586.34375,22059.31559
2017-05-01 07:50:00,23658.17578125,23032.69962,23369.609375,22789.35361,23127.91796875,22619.01141,23042.25390625,22205.32319,22743.833984375,22059.31559,22504.423828125,22047.14829
2017-05-01 08:00:00,23465.375,22789.35361,23207.54296875,22619.01141,22969.79296875,22205.32319,22916.908203125,22059.31559,22631.58203125,22047.14829,22436.63671875,23026.61597
2017-05-01 08:10:00,23321.28515625,22619.01141,23078.884765625,22205.32319,22873.8515625,22059.31559,22824.4140625,22047.14829,22574.95703125,23026.61597,22385.78515625,23123.95437
2017-05-01 08:20:00,23185.037109375,22205.32319,22968.361328125,22059.31559,22785.8828125,22047.14829,22739.98828125,23026.61597,22497.1484375,23123.95437,22357.61328125,23050.95057
2017-05-01 08:30:00,23063.70703125,22059.31559,22880.796875,22047.14829,22712.63671875,23026.61597,22673.845703125,23123.95437,22435.875,23050.95057,22341.802734375,22844.10646
2017-05-01 08:40:00,22965.1953125,22047.14829,22788.3515625,23026.61597,22652.05859375,23123.95437,22619.982421875,23050.95057,22384.4296875,22844.10646,22314.09765625,22892.77567
2017-05-01 08:50:00,22876.970703125,23026.61597,22705.23046875,23123.95437,22600.953125,23050.95057,22569.97265625,22844.10646,22323.861328125,22892.77567,22274.626953125,22594.67681
2017-05-01 09:00:00,22826.1171875,23123.95437,22672.728515625,23050.95057,22591.341796875,22844.10646,22566.599609375,22892.77567,22301.44921875,22594.67681,22269.130859375,22053.23194
2017-05-01 09:10:00,22800.00390625,23050.95057,22652.216796875,22844.10646,22598.892578125,22892.77567,22574.365234375,22594.67681,22298.142578125,22053.23194,22279.2734375,22114.06844
2017-05-01 09:20:00,22774.29296875,22844.10646,22611.169921875,22892.77567,22577.451171875,22594.67681,22588.697265625,22053.23194,22287.78125,22114.06844,22274.26171875,22278.327
2017-05-01 09:30:00,22737.49609375,22892.77567,22559.529296875,22594.67681,22554.640625,22053.23194,22570.810546875,22114.06844,22274.568359375,22278.327,22250.833984375,22454.75285
2017-05-01 09:40:00,22719.166015625,22594.67681,22547.392578125,22053.23194,22557.0234375,22114.06844,22580.783203125,22278.327,22271.255859375,22454.75285,22241.349609375,22856.27376
2017-05-01 09:50:00,22717.28125,22053.23194,22548.275390625,22114.06844,22574.03125,22278.327,22615.484375,22454.75285,22286.158203125,22856.27376,22252.859375,22229.65779
2017-05-01 10:00:00,22712.064453125,22114.06844,22526.421875,22278.327,22567.875,22454.75285,22642.515625,22856.27376,22299.560546875,22229.65779,22246.19921875,21791.63498
2017-05-01 10:10:00,22673.0,22278.327,22474.646484375,22454.75285,22528.6328125,22856.27376,22601.03515625,22229.65779,22269.798828125,21791.63498,22215.34765625,21663.87833
2017-05-01 10:20:00,22650.466796875,22454.75285,22460.185546875,22856.27376,22526.318359375,22229.65779,22603.990234375,21791.63498,22285.40625,21663.87833,22223.654296875,21797.71863
2017-05-01 10:30:00,22624.228515625,22856.27376,22432.095703125,22229.65779,22521.337890625,21791.63498,22604.248046875,21663.87833,22295.8203125,21797.71863,22226.927734375,21596.95817
2017-05-01 10:40:00,22604.798828125,22229.65779,22406.2734375,21791.63498,22521.50390625,21663.87833,22604.822265625,21797.71863,22321.85546875,21596.95817,22254.099609375,21584.79087
2017-05-01 10:50:00,22580.828125,21791.63498,22392.36328125,21663.87833,22507.580078125,21797.71863,22591.28515625,21596.95817,22317.107421875,21584.79087,22261.65234375,21797.71863
2017-05-01 11:00:00,22548.87890625,21663.87833,22367.6875,21797.71863,22516.314453125,21596.95817,22592.4140625,21584.79087,22332.2578125,21797.71863,22270.658203125,22509.5057
2017-05-01 11:10:00,22524.85546875,21797.71863,22344.943359375,21596.95817,22503.953125,21584.79087,22584.6640625,21797.71863,22352.744140625,22509.5057,22294.216796875,22929.27757
2017-05-01 11:20:00,22473.47265625,21596.95817,22305.716796875,21584.79087,22486.177734375,21797.71863,22570.0078125,22509.5057,22354.880859375,22929.27757,22298.515625,22996.19772
2017-05-01 11:30:00,22406.84765625,21584.79087,22257.66015625,21797.71863,22446.658203125,22509.5057,22540.890625,22929.27757,22353.25,22996.19772,22296.16796875,22679.84791
2017-05-01 11:40:00,22404.005859375,21797.71863,22246.65234375,22509.5057,22452.91796875,22929.27757,22549.802734375,22996.19772,22394.90625,22679.84791,22334.08203125,23282.12928
2017-05-01 11:50:00,22366.794921875,22509.5057,22235.03515625,22929.27757,22453.515625,22996.19772,22557.01953125,22679.84791,22431.3359375,23282.12928,22377.638671875,23434.22053
2017-05-01 12:00:00,22399.283203125,22929.27757,22282.021484375,22996.19772,22530.5078125,22679.84791,22628.447265625,23282.12928,22546.33203125,23434.22053,22502.017578125,22758.93536
2017-05-01 12:10:00,22466.302734375,22996.19772,22366.400390625,22679.84791,22634.130859375,23282.12928,22758.9921875,23434.22053,22707.888671875,22758.93536,22684.283203125,21876.80608
2017-05-01 12:20:00,22491.998046875,22679.84791,22411.880859375,23282.12928,22689.4453125,23434.22053,22829.103515625,22758.93536,22830.6328125,21876.80608,22809.7734375,22132.31939
2017-05-01 12:30:00,22538.376953125,23282.12928,22481.591796875,23434.22053,22791.578125,22758.93536,22959.169921875,21876.80608,22977.201171875,22132.31939,22980.880859375,23780.98859
2017-05-01 12:40:00,22592.876953125,23434.22053,22569.41015625,22758.93536,22893.318359375,21876.80608,23089.29296875,22132.31939,23148.123046875,23780.98859,23165.080078125,23926.9962
2017-05-01 12:50:00,22835.697265625,22758.93536,22855.384765625,21876.80608,23219.998046875,22132.31939,23471.033203125,23780.98859,23563.13671875,23926.9962,23626.978515625,24346.76806
2017-05-01 13:00:00,22913.34375,21876.80608,22960.830078125,22132.31939,23338.04296875,23780.98859,23640.482421875,23926.9962,23752.85546875,24346.76806,23857.4765625,24292.01521
2017-05-01 13:10:00,23158.5234375,22132.31939,23246.65234375,23780.98859,23676.51953125,23926.9962,24001.9140625,24346.76806,24130.193359375,24292.01521,24276.294921875,24292.01521
2017-05-01 13:20:00,23404.306640625,23780.98859,23540.02734375,23926.9962,23966.333984375,24346.76806,24310.666015625,24292.01521,24461.23828125,24292.01521,24630.1953125,25393.15589
2017-05-01 13:30:00,23678.232421875,23926.9962,23850.7421875,24346.76806,24293.623046875,24292.01521,24689.42578125,24292.01521,24865.833984375,25393.15589,25099.880859375,26281.36882
2017-05-01 13:40:00,23876.203125,24346.76806,24109.775390625,24292.01521,24549.18359375,24292.01521,24992.302734375,25393.15589,25205.474609375,26281.36882,25455.587890625,26816.73004
2017-05-01 13:50:00,24334.044921875,24292.01521,24589.673828125,24292.01521,25082.3515625,25393.15589,25523.166015625,26281.36882,25756.966796875,26816.73004,26033.25390625,27157.41445
2017-05-01 14:00:00,24688.63671875,24292.01521,24979.89453125,25393.15589,25458.94921875,26281.36882,25918.396484375,26816.73004,26164.33203125,27157.41445,26473.15625,27473.76426
2017-05-01 14:10:00,25073.298828125,25393.15589,25406.40625,26281.36882,25908.185546875,26816.73004,26392.546875,27157.41445,26673.53515625,27473.76426,26987.521484375,28222.05323
2017-05-01 14:20:00,25537.685546875,26281.36882,25871.755859375,26816.73004,26369.693359375,27157.41445,26882.04296875,27473.76426,27152.71875,28222.05323,27492.052734375,29073.76426
2017-05-01 14:30:00,26207.103515625,26816.73004,26546.8125,27157.41445,27059.125,27473.76426,27553.982421875,28222.05323,27805.958984375,29073.76426,28146.451171875,28459.31559
2017-05-01 14:40:00,26652.6953125,27157.41445,26999.19921875,27473.76426,27493.693359375,28222.05323,28005.89453125,29073.76426,28268.591796875,28459.31559,28603.8828125,27717.11027
2017-05-01 14:50:00,27294.12890625,27473.76426,27640.12109375,28222.05323,28145.083984375,29073.76426,28633.306640625,28459.31559,28888.5703125,27717.11027,29223.982421875,28136.88213
2017-05-01 15:00:00,27851.96484375,28222.05323,28182.31640625,29073.76426,28682.525390625,28459.31559,29196.19140625,27717.11027,29400.337890625,28136.88213,29727.931640625,28660.07605
2017-05-01 15:10:00,28459.34765625,29073.76426,28783.4453125,28459.31559,29269.322265625,27717.11027,29744.376953125,28136.88213,29939.091796875,28660.07605,30237.255859375,28824.3346
2017-05-01 15:20:00,29087.60546875,28459.31559,29421.70703125,27717.11027,29899.689453125,28136.88213,30371.53515625,28660.07605,30539.57421875,28824.3346,30837.578125,29463.11787
2017-05-01 15:30:00,29630.703125,27717.11027,29945.02734375,28136.88213,30391.9453125,28660.07605,30822.099609375,28824.3346,30961.0,29463.11787,31240.953125,29858.55513
2017-05-01 15:40:00,30097.5546875,28136.88213,30410.7109375,28660.07605,30855.357421875,28824.3346,31275.08984375,29463.11787,31375.669921875,29858.55513,31627.794921875,30491.25475
2017-05-01 15:50:00,30538.4921875,28660.07605,30853.990234375,28824.3346,31237.408203125,29463.11787,31626.912109375,29858.55513,31713.423828125,30491.25475,31923.970703125,30996.19772
2017-05-01 16:00:00,30922.765625,28824.3346,31209.138671875,29463.11787,31572.701171875,29858.55513,31950.677734375,30491.25475,32005.4609375,30996.19772,32215.314453125,31245.62738
2017-05-01 16:10:00,31216.4921875,29463.11787,31462.70703125,29858.55513,31778.26171875,30491.25475,32126.447265625,30996.19772,32142.205078125,31245.62738,32334.76953125,31537.64259
2017-05-01 16:20:00,31556.275390625,29858.55513,31802.4140625,30491.25475,32074.041015625,30996.19772,32420.31640625,31245.62738,32387.564453125,31537.64259,32573.716796875,32030.41825
2017-05-01 16:30:00,31823.94140625,30491.25475,32068.734375,30996.19772,32303.021484375,31245.62738,32605.9921875,31537.64259,32553.302734375,32030.41825,32722.126953125,32249.42966
2017-05-01 16:40:00,32149.04296875,30996.19772,32368.130859375,31245.62738,32567.013671875,31537.64259,32842.73046875,32030.41825,32751.078125,32249.42966,32916.6875,32796.95817
2017-05-01 16:50:00,32311.1171875,31245.62738,32491.787109375,31537.64259,32643.533203125,32030.41825,32912.671875,32249.42966,32788.2265625,32796.95817,32945.25,33314.06844
2017-05-01 17:00:00,32578.599609375,31537.64259,32741.357421875,32030.41825,32859.50390625,32249.42966,33111.1953125,32796.95817,32941.19921875,33314.06844,33104.33984375,33344.48669
2017-05-01 17:10:00,32751.01953125,32030.41825,32888.60546875,32249.42966,32997.29296875,32796.95817,33210.5859375,33314.06844,33012.359375,33344.48669,33176.96875,33612.1673
2017-05-01 17:20:00,32970.7734375,32249.42966,33096.9765625,32796.95817,33162.94140625,33314.06844,33355.8515625,33344.48669,33134.7421875,33612.1673,33294.02734375,33928.51711
2017-05-01 17:30:00,33100.15625,32796.95817,33201.94921875,33314.06844,33253.09765625,33344.48669,33413.41015625,33612.1673,33171.71875,33928.51711,33329.921875,34123.19392
2017-05-01 17:40:00,33241.37109375,33314.06844,33289.50390625,33344.48669,33312.55859375,33612.1673,33463.1953125,33928.51711,33196.8515625,34123.19392,33359.62890625,34111.02662
2017-05-01 17:50:00,33311.80859375,33344.48669,33327.05859375,33612.1673,33336.62109375,33928.51711,33470.51171875,34123.19392,33178.23828125,34111.02662,33341.4296875,34031.93916
2017-05-01 18:00:00,33435.78515625,33612.1673,33417.6171875,33928.51711,33422.19921875,34123.19392,33528.3984375,34111.02662,33203.1796875,34031.93916,33389.01953125,34378.70722
2017-05-01 18:10:00,33527.03125,33928.51711,33485.91796875,34123.19392,33478.45703125,34111.02662,33569.6875,34031.93916,33238.14453125,34378.70722,33420.21875,34086.69202
2017-05-01 18:20:00,33644.3515625,34123.19392,33571.26171875,34111.02662,33576.7734375,34031.93916,33654.3359375,34378.70722,33269.37109375,34086.69202,33484.625,33916.34981
2017-05-01 18:30:00,33749.05859375,34111.02662,33645.39453125,34031.93916,33660.80078125,34378.70722,33717.08203125,34086.69202,33320.7421875,33916.34981,33565.62109375,33618.25095
2017-05-01 18:40:00,33932.87890625,34031.93916,33831.50390625,34378.70722,33839.5625,34086.69202,33879.91015625,33916.34981,33476.3671875,33618.25095,33732.95703125,33168.06084
2017-05-01 18:50:00,33918.37109375,34378.70722,33784.6796875,34086.69202,33807.27734375,33916.34981,33847.5234375,33618.25095,33417.28515625,33168.06084,33688.3046875,32955.13308
2017-05-01 19:00:00,34138.15234375,34086.69202,34001.96484375,33916.34981,34026.82421875,33618.25095,34063.6875,33168.06084,33622.80859375,32955.13308,33913.19140625,32772.62357
2017-05-01 19:10:00,34227.140625,33916.34981,34094.0625,33618.25095,34129.9765625,33168.06084,34161.984375,32955.13308,33706.91015625,32772.62357,34019.21875,32705.70342
2017-05-01 19:20:00,34314.94921875,33618.25095,34185.40234375,33168.06084,34212.28125,32955.13308,34252.70703125,32772.62357,33788.75,32705.70342,34117.984375,32620.53232
2017-05-01 19:30:00,34318.3203125,33168.06084,34179.0234375,32955.13308,34213.96875,32772.62357,34250.09375,32705.70342,33776.33984375,32620.53232,34139.30859375,32419.77186
2017-05-01 19:40:00,34400.2109375,32955.13308,34237.2734375,32772.62357,34266.96875,32705.70342,34309.0703125,32620.53232,33817.33203125,32419.77186,34186.59375,32060.8365
2017-05-01 19:50:00,34310.62109375,32772.62357,34117.55859375,32705.70342,34165.3515625,32620.53232,34220.0703125,32419.77186,33710.71875,32060.8365,34122.671875,31659.31559
2017-05-01 20:00:00,34285.6875,32705.70342,34083.09375,32620.53232,34108.453125,32419.77186,34140.33203125,32060.8365,33646.03125,31659.31559,34067.640625,31555.89354
2017-05-01 20:10:00,34111.859375,32620.53232,33893.33984375,32419.77186,33924.94921875,32060.8365,33987.0703125,31659.31559,33490.42578125,31555.89354,33953.85546875,31397.71863
2017-05-01 20:20:00,33997.4296875,32419.77186,33776.11328125,32060.8365,33800.765625,31659.31559,33857.375,31555.89354,33359.375,31397.71863,33855.3359375,31434.22053
2017-05-01 20:30:00,33791.7734375,32060.8365,33554.9609375,31659.31559,33583.59765625,31555.89354,33651.41015625,31397.71863,33181.58984375,31434.22053,33707.89453125,31774.90494
2017-05-01 20:40:00,33596.96875,31659.31559,33364.10546875,31555.89354,33403.1484375,31397.71863,33481.93359375,31434.22053,33030.81640625,31774.90494,33606.390625,31884.41065
2017-05-01 20:50:00,33358.87890625,31555.89354,33134.63671875,31397.71863,33170.62109375,31434.22053,33272.84765625,31774.90494,32841.671875,31884.41065,33468.23828125,31933.07985
2017-05-01 21:00:00,33173.828125,31397.71863,32944.89453125,31434.22053,32984.35546875,31774.90494,33083.92578125,31884.41065,32700.748046875,31933.07985,33342.1171875,31659.31559
2017-05-01 21:10:00,32903.265625,31434.22053,32687.8515625,31774.90494,32724.931640625,31884.41065,32853.59375,31933.07985,32524.451171875,31659.31559,33204.47265625,31440.30418
2017-05-01 21:20:00,32652.064453125,31774.90494,32469.896484375,31884.41065,32496.314453125,31933.07985,32656.11328125,31659.31559,32384.46875,31440.30418,33079.48828125,31063.11787
2017-05-01 21:30:00,32517.05078125,31884.41065,32361.4375,31933.07985,32396.935546875,31659.31559,32621.583984375,31440.30418,32435.92578125,31063.11787,33130.95703125,30947.52852
2017-05-01 21:40:00,32383.705078125,31933.07985,32249.15234375,31659.31559,32314.17578125,31440.30418,32582.9609375,31063.11787,32472.6015625,30947.52852,33182.05078125,31196.95817
2017-05-01 21:50:00,32238.044921875,31659.31559,32150.404296875,31440.30418,32232.078125,31063.11787,32590.275390625,30947.52852,32593.51171875,31196.95817,33323.14453125,30740.68441
2017-05-01 22:00:00,32246.8828125,31440.30418,32205.9140625,31063.11787,32323.587890625,30947.52852,32779.2578125,31196.95817,32879.921875,30740.68441,33604.67578125,30333.07985
2017-05-01 22:10:00,32265.16015625,31063.11787,32269.919921875,30947.52852,32417.669921875,31196.95817,32965.93359375,30740.68441,33172.796875,30333.07985,33895.63671875,30637.26236
2017-05-01 22:20:00,32367.56640625,30947.52852,32394.7421875,31196.95817,32585.90625,30740.68441,33231.70703125,30333.07985,33570.05859375,30637.26236,34324.18359375,31458.55513
2017-05-01 22:30:00,32568.703125,31196.95817,32680.982421875,30740.68441,32916.72265625,30333.07985,33691.73828125,30637.26236,34170.5234375,31458.55513,34934.953125,33496.57795
2017-05-01 22:40:00,33046.359375,30740.68441,33210.625,30333.07985,33537.984375,30637.26236,34423.390625,31458.55513,35061.6796875,33496.57795,35883.37109375,36106.46388
2017-05-01 22:50:00,33435.7421875,30333.07985,33674.62109375,30637.26236,34075.76171875,31458.55513,35065.0546875,33496.57795,35816.98828125,36106.46388,36668.43359375,38442.58555
2017-05-01 23:00:00,34069.40234375,30637.26236,34379.2734375,31458.55513,34859.21875,33496.57795,35942.46875,36106.46388,36830.9765625,38442.58555,37731.53125,39190.87452
2017-05-01 23:10:00,34737.8359375,31458.55513,35137.3671875,33496.57795,35680.34375,36106.46388,36848.171875,38442.58555,37840.640625,39190.87452,38743.29296875,39075.28517
2017-05-01 23:20:00,35517.97265625,33496.57795,35966.046875,36106.46388,36582.11328125,38442.58555,37809.07421875,39190.87452,38882.3125,39075.28517,39797.890625,39306.46388
2017-05-01 23:30:00,36589.94921875,36106.46388,37113.77734375,38442.58555,37790.875,39190.87452,39019.38671875,39075.28517,40091.9921875,39306.46388,40934.93359375,39269.96198
2017-05-01 23:40:00,37890.5078125,38442.58555,38487.32421875,39190.87452,39167.46875,39075.28517,40308.98828125,39306.46388,41305.67578125,39269.96198,42001.5859375,39294.29658
2017-05-01 23:50:00,39393.2421875,39190.87452,40032.47265625,39075.28517,40656.58984375,39306.46388,41548.75390625,39269.96198,42402.02734375,39294.29658,42811.171875,39142.20532
2017-05-02 00:00:00,40304.69921875,39075.28517,40945.95703125,39306.46388,41390.953125,39269.96198,41915.78125,39294.29658,42588.30859375,39142.20532,42706.953125,39184.79087
2017-05-02 00:10:00,40568.97265625,39306.46388,41156.34765625,39269.96198,41395.58984375,39294.29658,41571.91015625,39142.20532,42092.79296875,39184.79087,42014.4921875,38722.43346
2017-05-02 00:20:00,40518.9375,39269.96198,41066.2578125,39294.29658,41155.4453125,39142.20532,41130.24609375,39184.79087,41578.08984375,38722.43346,41375.37109375,38649.42966
2017-05-02 00:30:00,40399.546875,39294.29658,40897.171875,39142.20532,40867.09375,39184.79087,40727.3671875,38722.43346,41093.10546875,38649.42966,40821.32421875,39154.37262
2017-05-02 00:40:00,40324.2421875,39142.20532,40783.765625,39184.79087,40701.3359375,38722.43346,40489.80859375,38649.42966,40788.49609375,39154.37262,40480.26953125,39872.24335
2017-05-02 00:50:00,40324.05078125,39184.79087,40718.21484375,38722.43346,40592.4296875,38649.42966,40336.88671875,39154.37262,40571.05078125,39872.24335,40237.86328125,39683.65019
2017-05-02 01:00:00,40371.6484375,38722.43346,40706.94140625,38649.42966,40563.12109375,39154.37262,40281.9140625,39872.24335,40449.53125,39683.65019,40113.76953125,39385.55133
2017-05-02 01:10:00,40353.25,38649.42966,40620.6875,39154.37262,40448.203125,39872.24335,40149.12109375,39683.65019,40255.171875,39385.55133,39913.8359375,39415.96958
2017-05-02 01:20:00,40349.31640625,39154.37262,40558.08203125,39872.24335,40370.6640625,39683.65019,40062.0,39385.55133,40097.19140625,39415.96958,39771.05859375,39215.20913
2017-05-02 01:30:00,40283.46875,39872.24335,40419.54296875,39683.65019,40213.1015625,39385.55133,39882.51171875,39415.96958,39866.2421875,39215.20913,39534.48828125,39780.98859
2017-05-02 01:40:00,40288.59375,39683.65019,40352.1484375,39385.55133,40135.01171875,39415.96958,39774.125,39215.20913,39698.91015625,39780.98859,39379.33203125,39580.22814
2017-05-02 01:50:00,40222.86328125,39385.55133,40223.1328125,39415.96958,39989.671875,39215.20913,39603.58203125,39780.98859,39484.71875,39580.22814,39157.27734375,39428.13688
2017-05-02 02:00:00,40128.796875,39415.96958,40061.41015625,39215.20913,39808.88671875,39780.98859,39386.69921875,39580.22814,39215.58984375,39428.13688,38888.36328125,39081.36882
2017-05-02 02:10:00,39962.0703125,39215.20913,39825.30859375,39780.98859,39554.87109375,39580.22814,39097.890625,39428.13688,38913.40625,39081.36882,38557.26171875,38929.27757
2017-05-02 02:20:00,39849.3125,39780.98859,39644.171875,39580.22814,39359.85546875,39428.13688,38873.421875,39081.36882,38642.421875,38929.27757,38271.93359375,38393.91635
2017-05-02 02:30:00,39663.37109375,39580.22814,39398.890625,39428.13688,39091.61328125,39081.36882,38570.9765625,38929.27757,38319.21484375,38393.91635,37934.6484375,38144.48669
2017-05-02 02:40:00,39471.20703125,39428.13688,39146.91796875,39081.36882,38836.890625,38929.27757,38278.60546875,38393.91635,38006.97265625,38144.48669,37592.31640625,37949.80989
2017-05-02 02:50:00,39176.8671875,39081.36882,38776.84765625,38929.27757,38436.89453125,38393.91635,37856.0,38144.48669,37548.63671875,37949.80989,37130.76953125,37432.69962
2017-05-02 03:00:00,38865.55859375,38929.27757,38427.90234375,38393.91635,38082.453125,38144.48669,37473.23828125,37949.80989,37162.09375,37432.69962,36699.84375,36769.58175
2017-05-02 03:10:00,38551.7734375,38393.91635,38059.94140625,38144.48669,37677.515625,37949.80989,37064.73046875,37432.69962,36721.71484375,36769.58175,36230.73828125,36550.57034
2017-05-02 03:20:00,38187.80078125,38144.48669,37660.328125,37949.80989,37269.41015625,37432.69962,36649.89453125,36769.58175,36282.0234375,36550.57034,35770.30078125,35893.53612
2017-05-02 03:30:00,37746.171875,37949.80989,37167.125,37432.69962,36739.7265625,36769.58175,36103.76171875,36550.57034,35679.5234375,35893.53612,35146.01171875,35631.93916
2017-05-02 03:40:00,37372.76171875,37432.69962,36768.33203125,36769.58175,36303.59765625,36550.57034,35654.54296875,35893.53612,35229.26953125,35631.93916,34660.8828125,34761.97719
2017-05-02 03:50:00,36849.85546875,36769.58175,36201.46875,36550.57034,35689.8046875,35893.53612,35022.25390625,35631.93916,34529.1015625,34761.97719,33908.953125,34062.35741
2017-05-02 04:00:00,36444.41015625,36550.57034,35798.9296875,35893.53612,35220.79296875,35631.93916,34568.96875,34761.97719,34040.25,34062.35741,33370.1953125,33265.39924
2017-05-02 04:10:00,35967.09375,35893.53612,35291.5546875,35631.93916,34676.4375,34761.97719,34016.515625,34062.35741,33446.55078125,33265.39924,32737.2734375,32553.61217
2017-05-02 04:20:00,35554.15625,35631.93916,34874.953125,34761.97719,34210.171875,34062.35741,33552.26953125,33265.39924,32964.87109375,32553.61217,32300.236328125,31853.9924
2017-05-02 04:30:00,34876.9765625,34761.97719,34192.5390625,34062.35741,33457.51953125,33265.39924,32824.55078125,32553.61217,32222.583984375,31853.9924,31515.34765625,31136.12167
2017-05-02 04:40:00,34223.28125,34062.35741,33524.2109375,33265.39924,32801.44140625,32553.61217,32156.689453125,31853.9924,31562.78515625,31136.12167,30913.84765625,30460.8365
2017-05-02 04:50:00,33435.9375,33265.39924,32709.9453125,32553.61217,31953.005859375,31853.9924,31315.13671875,31136.12167,30765.46875,30460.8365,30041.283203125,29590.87452
2017-05-02 05:00:00,32804.00390625,32553.61217,32043.453125,31853.9924,31341.86328125,31136.12167,30707.669921875,30460.8365,30189.9765625,29590.87452,29500.119140625,28593.15589
2017-05-02 05:10:00,32128.078125,31853.9924,31300.486328125,31136.12167,30625.228515625,30460.8365,29981.486328125,29590.87452,29483.7109375,28593.15589,28786.142578125,27857.03422
2017-05-02 05:20:00,31374.701171875,31136.12167,30565.9140625,30460.8365,29905.87109375,29590.87452,29269.19921875,28593.15589,28820.564453125,27857.03422,28094.255859375,27169.58175
2017-05-02 05:30:00,30551.31640625,30460.8365,29722.734375,29590.87452,29127.12109375,28593.15589,28469.1953125,27857.03422,28118.349609375,27169.58175,27367.75,26488.21293
2017-05-02 05:40:00,29832.248046875,29590.87452,29023.546875,28593.15589,28466.275390625,27857.03422,27831.365234375,27169.58175,27492.10546875,26488.21293,26778.203125,25867.68061
2017-05-02 05:50:00,29129.8203125,28593.15589,28315.6484375,27857.03422,27781.955078125,27169.58175,27194.328125,26488.21293,26901.154296875,25867.68061,26198.89453125,25417.49049
2017-05-02 06:00:00,28484.91796875,27857.03422,27668.486328125,27169.58175,27198.00390625,26488.21293,26608.05859375,25867.68061,26340.701171875,25417.49049,25698.3046875,24967.30038
2017-05-02 06:10:00,27953.318359375,27169.58175,27142.173828125,26488.21293,26688.267578125,25867.68061,26171.6328125,25417.49049,25896.8125,24967.30038,25299.09765625,24523.19392
2017-05-02 06:20:00,27357.3671875,26488.21293,26595.677734375,25867.68061,26203.353515625,25417.49049,25682.640625,24967.30038,25425.259765625,24523.19392,24879.658203125,24206.84411
2017-05-02 06:30:00,26708.478515625,25867.68061,26020.4765625,25417.49049,25635.3359375,24967.30038,25131.419921875,24523.19392,24930.67578125,24206.84411,24383.70703125,24018.25095
2017-05-02 06:40:00,26216.873046875,25417.49049,25568.08203125,24967.30038,25234.0234375,24523.19392,24733.9140625,24206.84411,24562.818359375,24018.25095,24054.998046875,23628.89734
2017-05-02 06:50:00,25727.8359375,24967.30038,25154.13671875,24523.19392,24825.41015625,24206.84411,24360.9765625,24018.25095,24216.15625,23628.89734,23754.96484375,23312.54753
2017-05-02 07:00:00,25475.169921875,24523.19392,24919.861328125,24206.84411,24625.927734375,24018.25095,24206.54296875,23628.89734,24051.81640625,23312.54753,23631.634765625,23026.61597
2017-05-02 07:10:00,25065.576171875,24206.84411,24544.669921875,24018.25095,24288.91015625,23628.89734,23881.9921875,23312.54753,23758.3515625,23026.61597,23353.7890625,22807.60456
2017-05-02 07:20:00,24808.7734375,24018.25095,24350.50390625,23628.89734,24094.98828125,23312.54753,23734.029296875,23026.61597,23635.876953125,22807.60456,23264.943359375,22582.50951
2017-05-02 07:30:00,24460.068359375,23628.89734,24076.96484375,23312.54753,23831.42578125,23026.61597,23497.03515625,22807.60456,23408.6640625,22582.50951,23079.2734375,22473.0038
2017-05-02 07:40:00,24252.99609375,23312.54753,23901.94921875,23026.61597,23677.228515625,22807.60456,23361.587890625,22582.50951,23275.1875,22473.0038,22988.71484375,22363.4981
2017-05-02 07:50:00,23982.349609375,23026.61597,23695.91796875,22807.60456,23484.080078125,22582.50951,23186.505859375,22473.0038,23082.521484375,22363.4981,22839.90625,22010.64639
2017-05-02 08:00:00,23802.34765625,22807.60456,23539.9375,22582.50951,23315.765625,22473.0038,23102.1484375,22363.4981,22974.798828125,22010.64639,22772.990234375,21949.80989
2017-05-02 08:10:00,23598.166015625,22582.50951,23363.197265625,22473.0038,23185.216796875,22363.4981,22973.251953125,22010.64639,22874.39453125,21949.80989,22706.646484375,21955.89354
2017-05-02 08:20:00,23520.759765625,22473.0038,23285.12890625,22363.4981,23153.900390625,22010.64639,22941.740234375,21949.80989,22851.7734375,21955.89354,22723.791015625,21901.14068
2017-05-02 08:30:00,23338.306640625,22363.4981,23136.361328125,22010.64639,23021.10546875,21949.80989,22827.373046875,21955.89354,22706.828125,21901.14068,22609.41796875,21663.87833
2017-05-02 08:40:00,23245.853515625,22010.64639,23071.400390625,21949.80989,22973.2421875,21955.89354,22785.337890625,21901.14068,22671.591796875,21663.87833,22581.677734375,21590.87452
2017-05-02 08:50:00,23141.5625,21949.80989,22987.697265625,21955.89354,22903.267578125,21901.14068,22744.330078125,21663.87833,22592.990234375,21590.87452,22533.62890625,21183.26996
2017-05-02 09:00:00,23065.265625,21955.89354,22915.14453125,21901.14068,22847.212890625,21663.87833,22713.310546875,21590.87452,22542.166015625,21183.26996,22510.36328125,21055.51331
2017-05-02 09:10:00,23017.603515625,21901.14068,22828.3046875,21663.87833,22783.271484375,21590.87452,22686.302734375,21183.26996,22473.314453125,21055.51331,22443.048828125,20903.42205
2017-05-02 09:20:00,22927.671875,21663.87833,22754.99609375,21590.87452,22719.46484375,21183.26996,22621.6171875,21055.51331,22409.8515625,20903.42205,22412.830078125,20848.6692
2017-05-02 09:30:00,22866.720703125,21590.87452,22681.564453125,21183.26996,22670.10546875,21055.51331,22573.91015625,20903.42205,22339.751953125,20848.6692,22357.142578125,21055.51331
2017-05-02 09:40:00,22749.09375,21183.26996,22565.37890625,21055.51331,22558.349609375,20903.42205,22491.205078125,20848.6692,22228.26953125,21055.51331,22271.501953125,21061.59696
2017-05-02 09:50:00,22708.51171875,21055.51331,22526.0,20903.42205,22551.6328125,20848.6692,22450.65234375,21055.51331,22195.201171875,21061.59696,22229.427734375,21158.93536
2017-05-02 10:00:00,22665.67578125,20903.42205,22487.775390625,20848.6692,22508.73828125,21055.51331,22444.978515625,21061.59696,22160.93359375,21158.93536,22202.111328125,21341.44487
2017-05-02 10:10:00,22630.455078125,20848.6692,22443.87109375,21055.51331,22491.294921875,21061.59696,22419.251953125,21158.93536,22138.693359375,21341.44487,22180.818359375,21463.11787
2017-05-02 10:20:00,22559.19921875,21055.51331,22380.357421875,21061.59696,22429.439453125,21158.93536,22388.42578125,21341.44487,22088.49609375,21463.11787,22142.599609375,21590.87452
2017-05-02 10:30:00,22501.232421875,21061.59696,22337.83984375,21158.93536,22412.197265625,21341.44487,22338.1328125,21463.11787,22066.634765625,21590.87452,22113.447265625,21633.46008
2017-05-02 10:40:00,22412.150390625,21158.93536,22248.97265625,21341.44487,22325.75,21463.11787,22280.47265625,21590.87452,22002.439453125,21633.46008,22064.623046875,21669.96198
2017-05-02 10:50:00,22357.1953125,21341.44487,22195.703125,21463.11787,22299.796875,21590.87452,22230.771484375,21633.46008,22001.78515625,21669.96198,22027.7109375,21785.55133
2017-05-02 11:00:00,22312.7421875,21463.11787,22139.09765625,21590.87452,22247.8984375,21633.46008,22218.259765625,21669.96198,21975.962890625,21785.55133,22013.412109375,22326.9962
2017-05-02 11:10:00,22231.470703125,21590.87452,22065.078125,21633.46008,22194.9765625,21669.96198,22145.52734375,21785.55133,21945.779296875,22326.9962,21970.658203125,22795.43726
2017-05-02 11:20:00,22183.513671875,21633.46008,22001.3203125,21669.96198,22142.876953125,21785.55133,22115.3828125,22326.9962,21918.021484375,22795.43726,21960.001953125,22558.1749
2017-05-02 11:30:00,22076.978515625,21669.96198,21895.17578125,21785.55133,22061.486328125,22326.9962,22001.255859375,22795.43726,21851.111328125,22558.1749,21890.529296875,22831.93916
2017-05-02 11:40:00,22030.763671875,21785.55133,21847.5,22326.9962,22014.8125,22795.43726,22018.990234375,22558.1749,21859.892578125,22831.93916,21908.615234375,23044.86692
2017-05-02 11:50:00,22010.154296875,22326.9962,21814.84765625,22795.43726,21998.107421875,22558.1749,21995.263671875,22831.93916,21899.83984375,23044.86692,21910.15625,23166.53992
2017-05-02 12:00:00,21986.2421875,22795.43726,21807.408203125,22558.1749,21991.8359375,22831.93916,22041.857421875,23044.86692,21947.306640625,23166.53992,21995.1953125,23020.53232
2017-05-02 12:10:00,22003.00390625,22558.1749,21853.9921875,22831.93916,22049.814453125,23044.86692,22145.732421875,23166.53992,22104.650390625,23020.53232,22129.77734375,22320.91255
2017-05-02 12:20:00,22156.431640625,22831.93916,22036.408203125,23044.86692,22246.177734375,23166.53992,22425.0078125,23020.53232,22429.783203125,22320.91255,22474.587890625,22314.8289
2017-05-02 12:30:00,22179.431640625,23044.86692,22056.03515625,23166.53992,22279.41796875,23020.53232,22459.759765625,22320.91255,22530.71875,22314.8289,22583.505859375,22679.84791
2017-05-02 12:40:00,22232.57421875,23166.53992,22170.783203125,23020.53232,22417.48046875,22320.91255,22655.03125,22314.8289,22726.72265625,22679.84791,22820.861328125,22558.1749
2017-05-02 12:50:00,22329.31640625,23020.53232,22296.29296875,22320.91255,22587.373046875,22314.8289,22853.6875,22679.84791,22980.904296875,22558.1749,23058.25390625,22746.76806
2017-05-02 13:00:00,22316.580078125,22320.91255,22317.779296875,22314.8289,22680.140625,22679.84791,23008.5625,22558.1749,23140.92578125,22746.76806,23281.05078125,22339.1635
2017-05-02 13:10:00,22532.515625,22314.8289,22600.41796875,22679.84791,22956.6484375,22558.1749,23350.921875,22746.76806,23512.525390625,22339.1635,23670.65234375,22302.6616
2017-05-02 13:20:00,22890.80859375,22679.84791,23017.8984375,22558.1749,23430.896484375,22746.76806,23865.208984375,22339.1635,24066.34375,22302.6616,24241.107421875,23172.62357
2017-05-02 13:30:00,23168.05078125,22558.1749,23297.62109375,22746.76806,23722.2890625,22339.1635,24189.08203125,22302.6616,24407.9609375,23172.62357,24605.728515625,23878.327
2017-05-02 13:40:00,23490.02734375,22746.76806,23677.873046875,22339.1635,24156.869140625,22302.6616,24641.10546875,23172.62357,24897.646484375,23878.327,25120.80078125,24261.59696
2017-05-02 13:50:00,23826.84765625,22339.1635,24041.65234375,22302.6616,24528.177734375,23172.62357,25029.939453125,23878.327,25284.30078125,24261.59696,25515.40625,24395.43726
2017-05-02 14:00:00,24186.5078125,22302.6616,24455.9140625,23172.62357,24934.07421875,23878.327,25467.451171875,24261.59696,25742.96484375,24395.43726,26024.681640625,25095.05703
2017-05-02 14:10:00,24319.44921875,23172.62357,24602.646484375,23878.327,25046.201171875,24261.59696,25607.552734375,24395.43726,25878.51171875,25095.05703,26157.330078125,25545.24715
2017-05-02 14:20:00,24620.49609375,23878.327,24932.728515625,24261.59696,25393.787109375,24395.43726,25937.8671875,25095.05703,26234.419921875,25545.24715,26511.6640625,26275.28517
2017-05-02 14:30:00,24838.822265625,24261.59696,25168.568359375,24395.43726,25635.197265625,25095.05703,26175.251953125,25545.24715,26466.310546875,26275.28517,26718.388671875,27285.1711
2017-05-02 14:40:00,25266.51953125,24395.43726,25594.271484375,25095.05703,26060.23828125,25545.24715,26582.431640625,26275.28517,26899.57421875,27285.1711,27176.24609375,27911.78707
2017-05-02 14:50:00,25685.833984375,25095.05703,26024.671875,25545.24715,26474.982421875,26275.28517,26973.287109375,27285.1711,27302.49609375,27911.78707,27502.744140625,28441.06464
2017-05-02 15:00:00,26120.73828125,25545.24715,26452.6328125,26275.28517,26879.2578125,27285.1711,27390.810546875,27911.78707,27716.6171875,28441.06464,27928.9765625,28422.81369
2017-05-02 15:10:00,26561.21875,26275.28517,26906.9765625,27285.1711,27298.482421875,27911.78707,27809.048828125,28441.06464,28111.310546875,28422.81369,28306.892578125,28696.57795
2017-05-02 15:20:00,27007.154296875,27285.1711,27368.884765625,27911.78707,27761.1328125,28441.06464,28294.83984375,28422.81369,28585.287109375,28696.57795,28762.21875,29183.26996
2017-05-02 15:30:00,27566.10546875,27911.78707,27917.43359375,28441.06464,28266.005859375,28422.81369,28794.013671875,28696.57795,29049.662109375,29183.26996,29220.626953125,29901.14068
2017-05-02 15:40:00,28102.15234375,28441.06464,28443.658203125,28422.81369,28794.392578125,28696.57795,29292.974609375,29183.26996,29530.46875,29901.14068,29690.318359375,30521.673
2017-05-02 15:50:00,28583.634765625,28422.81369,28898.658203125,28696.57795,29192.87109375,29183.26996,29681.69921875,29901.14068,29892.46484375,30521.673,29991.705078125,30880.60837
2017-05-02 16:00:00,29140.361328125,28696.57795,29451.490234375,29183.26996,29743.310546875,29901.14068,30203.8046875,30521.673,30364.90625,30880.60837,30481.166015625,31154.37262
2017-05-02 16:10:00,29634.48828125,29183.26996,29899.1015625,29901.14068,30166.982421875,30521.673,30613.421875,30880.60837,30738.00390625,31154.37262,30840.3515625,31172.62357
2017-05-02 16:20:00,30066.15234375,29901.14068,30317.82421875,30521.673,30571.158203125,30880.60837,30987.50390625,31154.37262,31079.09375,31172.62357,31154.1015625,31586.31179
2017-05-02 16:30:00,30422.455078125,30521.673,30638.9609375,30880.60837,30860.09375,31154.37262,31249.634765625,31172.62357,31316.5546875,31586.31179,31389.345703125,31756.65399
2017-05-02 16:40:00,30836.84765625,30880.60837,31040.697265625,31154.37262,31253.49609375,31172.62357,31609.251953125,31586.31179,31645.58203125,31756.65399,31702.892578125,31975.6654
2017-05-02 16:50:00,31197.048828125,31154.37262,31367.50390625,31172.62357,31545.189453125,31586.31179,31876.423828125,31756.65399,31883.109375,31975.6654,31944.103515625,32292.01521
2017-05-02 17:00:00,31502.8984375,31172.62357,31640.048828125,31586.31179,31802.056640625,31756.65399,32104.375,31975.6654,32068.478515625,32292.01521,32134.6796875,32304.18251
2017-05-02 17:10:00,31848.2734375,31586.31179,31950.8515625,31756.65399,32077.03125,31975.6654,32335.3359375,32292.01521,32285.568359375,32304.18251,32338.44921875,32863.87833
2017-05-02 17:20:00,32138.255859375,31756.65399,32211.4609375,31975.6654,32317.2421875,32292.01521,32546.404296875,32304.18251,32473.90625,32863.87833,32504.119140625,32809.12548
2017-05-02 17:30:00,32375.609375,31975.6654,32422.314453125,32292.01521,32485.705078125,32304.18251,32694.296875,32863.87833,32603.62109375,32809.12548,32618.357421875,33028.13688
2017-05-02 17:40:00,32585.70703125,32292.01521,32603.65234375,32304.18251,32631.599609375,32863.87833,32817.4140625,32809.12548,32700.623046875,33028.13688,32707.53125,32869.96198
2017-05-02 17:50:00,32776.21875,32304.18251,32772.3984375,32863.87833,32766.912109375,32809.12548,32927.796875,33028.13688,32808.5625,32869.96198,32808.70703125,32365.01901
2017-05-02 18:00:00,32934.328125,32863.87833,32907.3671875,32809.12548,32863.8203125,33028.13688,32994.35546875,32869.96198,32856.0234375,32365.01901,32840.64453125,32425.85551
2017-05-02 18:10:00,33118.34765625,32809.12548,33071.515625,33028.13688,32995.1484375,32869.96198,33092.70703125,32365.01901,32956.35546875,32425.85551,32933.1328125,32492.77567
2017-05-02 18:20:00,33257.26171875,33028.13688,33171.953125,32869.96198,33093.1875,32365.01901,33141.40234375,32425.85551,32991.2734375,32492.77567,32962.88671875,32097.3384
2017-05-02 18:30:00,33356.8671875,32869.96198,33244.49609375,32365.01901,33127.76953125,32425.85551,33156.4296875,32492.77567,33007.12109375,32097.3384,32968.51171875,32279.84791
2017-05-02 18:40:00,33446.88671875,32365.01901,33305.91796875,32425.85551,33172.37890625,32492.77567,33182.53125,32097.3384,33018.1171875,32279.84791,32988.9765625,32371.10266
2017-05-02 18:50:00,33465.76953125,32425.85551,33300.37109375,32492.77567,33153.9765625,32097.3384,33146.06640625,32279.84791,32964.1015625,32371.10266,32943.046875,32024.3346
2017-05-02 19:00:00,33431.3984375,32492.77567,33226.03515625,32097.3384,33072.41796875,32279.84791,33038.44140625,32371.10266,32832.6796875,32024.3346,32817.84375,31847.90875
2017-05-02 19:10:00,33405.4296875,32097.3384,33179.09375,32279.84791,33010.640625,32371.10266,32947.125,32024.3346,32744.37890625,31847.90875,32731.4609375,31774.90494
2017-05-02 19:20:00,33323.98046875,32279.84791,33054.73046875,32371.10266,32892.18359375,32024.3346,32797.43359375,31847.90875,32587.123046875,31774.90494,32602.728515625,31981.74905
2017-05-02 19:30:00,33176.74609375,32371.10266,32883.56640625,32024.3346,32715.552734375,31847.90875,32605.216796875,31774.90494,32389.189453125,31981.74905,32425.42578125,31981.74905
2017-05-02 19:40:00,33030.54296875,32024.3346,32706.01171875,31847.90875,32543.3125,31774.90494,32418.19921875,31981.74905,32195.818359375,31981.74905,32256.611328125,31993.91635
2017-05-02 19:50:00,32870.7109375,31847.90875,32521.845703125,31774.90494,32359.828125,31981.74905,32219.11328125,31981.74905,32013.037109375,31993.91635,32095.16796875,31963.4981
2017-05-02 20:00:00,32658.03515625,31774.90494,32293.001953125,31981.74905,32141.748046875,31981.74905,31993.9140625,31993.91635,31787.673828125,31963.4981,31902.318359375,30588.59316
2017-05-02 20:10:00,32424.84765625,31981.74905,32043.953125,31981.74905,31899.111328125,31993.91635,31745.69140625,31963.4981,31569.037109375,30588.59316,31707.037109375,30917.11027
2017-05-02 20:20:00,32209.87109375,31981.74905,31824.501953125,31993.91635,31701.806640625,31963.4981,31550.853515625,30588.59316,31398.2421875,30917.11027,31565.671875,30619.01141
2017-05-02 20:30:00,31999.33203125,31993.91635,31623.318359375,31963.4981,31511.630859375,30588.59316,31381.658203125,30917.11027,31265.744140625,30619.01141,31463.90234375,30619.01141
2017-05-02 20:40:00,31793.4375,31963.4981,31424.865234375,30588.59316,31340.44921875,30917.11027,31227.056640625,30619.01141,31152.50390625,30619.01141,31396.109375,30564.25856
2017-05-02 20:50:00,31632.634765625,30588.59316,31292.294921875,30917.11027,31230.78125,30619.01141,31158.091796875,30619.01141,31138.626953125,30564.25856,31404.6171875,30594.67681
2017-05-02 21:00:00,31455.802734375,30917.11027,31139.873046875,30619.01141,31110.005859375,30619.01141,31083.947265625,30564.25856,31118.169921875,30594.67681,31418.013671875,30193.15589
2017-05-02 21:10:00,31292.880859375,30619.01141,31027.12109375,30619.01141,31017.935546875,30564.25856,31060.568359375,30594.67681,31163.939453125,30193.15589,31483.033203125,30466.92015
2017-05-02 21:20:00,31137.123046875,30619.01141,30927.013671875,30564.25856,30954.1328125,30594.67681,31080.279296875,30193.15589,31261.275390625,30466.92015,31606.875,30582.50951
2017-05-02 21:30:00,31077.9609375,30564.25856,30917.634765625,30594.67681,30976.16015625,30193.15589,31184.9609375,30466.92015,31457.26171875,30582.50951,31813.021484375,30971.86312
2017-05-02 21:40:00,31094.064453125,30594.67681,30987.310546875,30193.15589,31090.388671875,30466.92015,31384.06640625,30582.50951,31755.146484375,30971.86312,32143.046875,31209.12548
2017-05-02 21:50:00,31086.84765625,30193.15589,31050.94921875,30466.92015,31190.26953125,30582.50951,31575.21875,30971.86312,32019.361328125,31209.12548,32445.3515625,31300.38023
2017-05-02 22:00:00,31268.62109375,30466.92015,31312.4140625,30582.50951,31512.95703125,30971.86312,32024.44921875,31209.12548,32575.712890625,31300.38023,33042.56640625,31853.9924
2017-05-02 22:10:00,31567.759765625,30582.50951,31687.326171875,30971.86312,31937.779296875,31209.12548,32596.935546875,31300.38023,33249.72265625,31853.9924,33744.234375,32285.93156
2017-05-02 22:20:00,32023.134765625,30971.86312,32259.3203125,31209.12548,32568.671875,31300.38023,33361.109375,31853.9924,34132.515625,32285.93156,34671.69921875,33131.55894
2017-05-02 22:30:00,32559.271484375,31209.12548,32920.6484375,31300.38023,33310.640625,31853.9924,34258.19921875,32285.93156,35160.94921875,33131.55894,35736.33203125,34506.46388
2017-05-02 22:40:00,33099.48828125,31300.38023,33550.20703125,31853.9924,34016.41015625,32285.93156,35115.58984375,33131.55894,36104.6796875,34506.46388,36702.25390625,37134.60076
2017-05-02 22:50:00,33817.78515625,31853.9924,34362.9921875,32285.93156,34891.91796875,33131.55894,36124.640625,34506.46388,37173.1328125,37134.60076,37801.52734375,39884.41065
2017-05-02 23:00:00,34951.8671875,32285.93156,35623.49609375,33131.55894,36224.796875,34506.46388,37550.82421875,37134.60076,38651.2109375,39884.41065,39297.46875,40152.09125
2017-05-02 23:10:00,35982.46875,33131.55894,36739.3984375,34506.46388,37378.41796875,37134.60076,38739.3984375,39884.41065,39819.16015625,40152.09125,40417.08203125,40292.01521
2017-05-02 23:20:00,37093.80078125,34506.46388,37909.42578125,37134.60076,38577.73828125,39884.41065,39926.51953125,40152.09125,40939.94921875,40292.01521,41454.48828125,40298.09886
2017-05-02 23:30:00,38117.31640625,37134.60076,38942.34765625,39884.41065,39567.12109375,40152.09125,40781.34375,40292.01521,41663.41015625,40298.09886,42036.68359375,40164.25856
2017-05-02 23:40:00,39233.36328125,39884.41065,40084.2734375,40152.09125,40632.3828125,40292.01521,41578.75390625,40298.09886,42277.125,40164.25856,42487.6015625,40146.0076
2017-05-02 23:50:00,40031.75390625,40152.09125,40831.06640625,40292.01521,41218.32421875,40298.09886,41785.34375,40164.25856,42273.4609375,40146.0076,42330.74609375,40152.09125
2017-05-03 00:00:00,40425.7890625,40292.01521,41134.4375,40298.09886,41368.01171875,40164.25856,41628.625,40146.0076,42000.7734375,40152.09125,41930.84765625,40121.673
2017-05-03 00:10:00,40487.3671875,40298.09886,41087.42578125,40164.25856,41169.66796875,40146.0076,41229.90625,40152.09125,41504.98046875,40121.673,41336.03515625,39939.1635
2017-05-03 00:20:00,40506.18359375,40164.25856,41032.33203125,40146.0076,41027.85546875,40152.09125,40973.953125,40121.673,41168.62890625,39939.1635,40967.2265625,39963.4981
2017-05-03 00:30:00,40401.96484375,40146.0076,40861.37890625,40152.09125,40808.875,40121.673,40690.0234375,39939.1635,40818.62109375,39963.4981,40584.546875,40048.6692
2017-05-03 00:40:00,40436.015625,40152.09125,40811.3046875,40121.673,40721.4140625,39939.1635,40566.02734375,39963.4981,40639.87109375,40048.6692,40378.30859375,40024.3346
2017-05-03 00:50:00,40408.3515625,40121.673,40714.2734375,39939.1635,40604.1875,39963.4981,40435.1796875,40048.6692,40447.56640625,40024.3346,40189.36328125,39355.13308
2017-05-03 01:00:00,40440.515625,39939.1635,40677.0234375,39963.4981,40550.30078125,40048.6692,40374.0390625,40024.3346,40329.390625,39355.13308,40069.35546875,38996.19772
2017-05-03 01:10:00,40427.4765625,39963.4981,40598.48046875,40048.6692,40449.52734375,40024.3346,40263.48046875,39355.13308,40181.046875,38996.19772,39900.46875,38758.93536
2017-05-03 01:20:00,40455.59375,40048.6692,40565.9140625,40024.3346,40395.5234375,39355.13308,40199.4765625,38996.19772,40083.125,38758.93536,39785.75390625,38521.673
2017-05-03 01:30:00,40347.7109375,40024.3346,40380.94921875,39355.13308,40186.9765625,38996.19772,39963.97265625,38758.93536,39808.86328125,38521.673,39507.19921875,38941.44487
2017-05-03 01:40:00,40291.5859375,39355.13308,40252.8046875,38996.19772,40037.42578125,38758.93536,39782.58203125,38521.673,39591.13671875,38941.44487,39282.625,39081.36882
2017-05-03 01:50:00,40131.76171875,38996.19772,40028.27734375,38758.93536,39794.25390625,38521.673,39497.9296875,38941.44487,39284.6640625,39081.36882,38955.8359375,38831.93916
2017-05-03 02:00:00,39940.9375,38758.93536,39761.83984375,38521.673,39513.44140625,38941.44487,39173.21484375,39081.36882,38924.44140625,38831.93916,38591.80078125,38850.19011
2017-05-03 02:10:00,39673.3046875,38521.673,39424.984375,38941.44487,39163.98046875,39081.36882,38769.23828125,38831.93916,38509.9140625,38850.19011,38174.578125,38722.43346
2017-05-03 02:20:00,39525.90625,38941.44487,39203.6171875,39081.36882,38927.3203125,38831.93916,38493.1484375,38850.19011,38171.75,38722.43346,37832.765625,38466.92015
2017-05-03 02:30:00,39290.95703125,39081.36882,38909.765625,38831.93916,38600.16015625,38850.19011,38129.58203125,38722.43346,37803.0,38466.92015,37427.0859375,38065.39924
2017-05-03 02:40:00,38968.2265625,38831.93916,38518.18359375,38850.19011,38190.59375,38722.43346,37671.875,38466.92015,37311.53515625,38065.39924,36894.76953125,37371.86312
2017-05-03 02:50:00,38679.296875,38850.19011,38169.52734375,38722.43346,37823.34765625,38466.92015,37268.9765625,38065.39924,36904.70703125,37371.86312,36451.484375,36806.08365
2017-05-03 03:00:00,38352.07421875,38722.43346,37790.046875,38466.92015,37448.09765625,38065.39924,36859.58203125,37371.86312,36447.8984375,36806.08365,35944.5703125,36057.79468
2017-05-03 03:10:00,38052.6875,38466.92015,37434.10546875,38065.39924,37082.78515625,37371.86312,36474.12109375,36806.08365,36006.78125,36057.79468,35533.90234375,35680.60837
2017-05-03 03:20:00,37830.59765625,38065.39924,37166.0234375,37371.86312,36767.3359375,36806.08365,36142.49609375,36057.79468,35659.7265625,35680.60837,35114.94921875,35200.0
2017-05-03 03:30:00,37485.1640625,37371.86312,36765.78125,36806.08365,36367.27734375,36057.79468,35706.81640625,35680.60837,35192.02734375,35200.0,34638.2265625,34682.88973
2017-05-03 03:40:00,37080.8984375,36806.08365,36316.6875,36057.79468,35893.31640625,35680.60837,35221.13671875,35200.0,34691.6171875,34682.88973,34018.0390625,34062.35741
2017-05-03 03:50:00,36825.89453125,36057.79468,36014.703125,35680.60837,35568.7734375,35200.0,34889.625,34682.88973,34294.0859375,34062.35741,33562.25390625,33149.80989
2017-05-03 04:00:00,36395.62890625,35680.60837,35573.7265625,35200.0,35063.72265625,34682.88973,34374.7578125,34062.35741,33753.1484375,33149.80989,32946.35546875,32438.02281
2017-05-03 04:10:00,35862.62109375,35200.0,35044.06640625,34682.88973,34486.57421875,34062.35741,33805.4921875,33149.80989,33141.48828125,32438.02281,32300.759765625,31568.06084
2017-05-03 04:20:00,35318.76953125,34682.88973,34536.1171875,34062.35741,33904.09375,33149.80989,33224.1640625,32438.02281,32562.35546875,31568.06084,31715.099609375,30838.02281
2017-05-03 04:30:00,34603.4609375,34062.35741,33814.69921875,33149.80989,33151.48828125,32438.02281,32485.2734375,31568.06084,31821.14453125,30838.02281,30919.33984375,30205.32319
2017-05-03 04:40:00,33982.66796875,33149.80989,33179.63671875,32438.02281,32487.185546875,31568.06084,31840.4921875,30838.02281,31173.748046875,30205.32319,30268.896484375,29420.53232
2017-05-03 04:50:00,33440.296875,32438.02281,32609.638671875,31568.06084,31906.5625,30838.02281,31265.068359375,30205.32319,30600.650390625,29420.53232,29708.2109375,28410.64639
2017-05-03 05:00:00,32762.693359375,31568.06084,31941.7890625,30838.02281,31203.873046875,30205.32319,30586.931640625,29420.53232,29961.138671875,28410.64639,29036.509765625,27741.44487
2017-05-03 05:10:00,31937.435546875,30838.02281,31136.341796875,30205.32319,30413.107421875,29420.53232,29812.240234375,28410.64639,29236.47265625,27741.44487,28349.802734375,27254.75285
2017-05-03 05:20:00,31148.873046875,30205.32319,30326.52734375,29420.53232,29617.14453125,28410.64639,29040.3828125,27741.44487,28534.990234375,27254.75285,27614.841796875,26688.97338
2017-05-03 05:30:00,30374.279296875,29420.53232,29554.013671875,28410.64639,28893.20703125,27741.44487,28355.921875,27254.75285,27886.18359375,26688.97338,27059.576171875,26074.52471
2017-05-03 05:40:00,29721.40234375,28410.64639,28884.146484375,27741.44487,28258.25390625,27254.75285,27763.55859375,26688.97338,27328.00390625,26074.52471,26522.642578125,25636.5019
2017-05-03 05:50:00,29120.26171875,27741.44487,28305.85546875,27254.75285,27736.693359375,26688.97338,27254.1796875,26074.52471,26828.3515625,25636.5019,26128.912109375,25125.47529
2017-05-03 06:00:00,28526.16796875,27254.75285,27706.470703125,26688.97338,27191.884765625,26074.52471,26744.9296875,25636.5019,26344.880859375,25125.47529,25668.736328125,24827.37643
2017-05-03 06:10:00,27963.052734375,26688.97338,27187.97265625,26074.52471,26753.640625,25636.5019,26334.03515625,25125.47529,25902.986328125,24827.37643,25306.126953125,24395.43726
2017-05-03 06:20:00,27265.466796875,26074.52471,26515.466796875,25636.5019,26141.666015625,25125.47529,25731.962890625,24827.37643,25387.5078125,24395.43726,24736.751953125,23939.1635
2017-05-03 06:30:00,26726.455078125,25636.5019,26022.46484375,25125.47529,25692.86328125,24827.37643,25286.486328125,24395.43726,24974.908203125,23939.1635,24362.830078125,23586.31179
2017-05-03 06:40:00,26288.623046875,25125.47529,25588.96484375,24827.37643,25333.12890625,24395.43726,24902.73046875,23939.1635,24653.337890625,23586.31179,24010.25390625,23227.37643
2017-05-03 06:50:00,25940.849609375,24827.37643,25295.439453125,24395.43726,25075.265625,23939.1635,24665.328125,23586.31179,24427.646484375,23227.37643,23825.216796875,22984.03042
2017-05-03 07:00:00,25583.1875,24395.43726,24991.4765625,23939.1635,24812.671875,23586.31179,24406.98046875,23227.37643,24202.302734375,22984.03042,23602.998046875,22357.41445
2017-05-03 07:10:00,25308.830078125,23939.1635,24776.173828125,23586.31179,24608.365234375,23227.37643,24249.634765625,22984.03042,24034.564453125,22357.41445,23482.580078125,22132.31939
2017-05-03 07:20:00,25000.568359375,23586.31179,24522.080078125,23227.37643,24378.634765625,22984.03042,24025.99609375,22357.41445,23841.009765625,22132.31939,23310.9375,21980.22814
2017-05-03 07:30:00,24765.962890625,23227.37643,24338.271484375,22984.03042,24211.84765625,22357.41445,23887.427734375,22132.31939,23695.244140625,21980.22814,23211.654296875,21706.46388
2017-05-03 07:40:00,24555.099609375,22984.03042,24153.546875,22357.41445,24060.171875,22132.31939,23744.625,21980.22814,23581.697265625,21706.46388,23104.599609375,21420.53232
2017-05-03 07:50:00,24388.982421875,22357.41445,24027.927734375,22132.31939,23958.48828125,21980.22814,23659.2109375,21706.46388,23495.677734375,21420.53232,23062.255859375,21262.35741
2017-05-03 08:00:00,24184.05078125,22132.31939,23854.76953125,21980.22814,23796.5234375,21706.46388,23534.248046875,21420.53232,23376.759765625,21262.35741,22974.111328125,21238.02281
2017-05-03 08:10:00,24072.763671875,21980.22814,23754.58984375,21706.46388,23718.244140625,21420.53232,23482.623046875,21262.35741,23345.0234375,21238.02281,22966.26953125,21158.93536
2017-05-03 08:20:00,23919.5703125,21706.46388,23644.08984375,21420.53232,23610.169921875,21262.35741,23389.484375,21238.02281,23257.150390625,21158.93536,22931.4609375,21092.01521
2017-05-03 08:30:00,23853.494140625,21420.53232,23591.283203125,21262.35741,23558.8984375,21238.02281,23386.921875,21158.93536,23231.240234375,21092.01521,22959.84765625,20733.07985
2017-05-03 08:40:00,23724.9296875,21262.35741,23483.353515625,21238.02281,23459.16796875,21158.93536,23319.982421875,21092.01521,23146.26171875,20733.07985,22907.255859375,20696.57795
2017-05-03 08:50:00,23658.015625,21238.02281,23425.73828125,21158.93536,23419.5390625,21092.01521,23293.62109375,20733.07985,23089.85546875,20696.57795,22912.865234375,20562.73764
2017-05-03 09:00:00,23543.87890625,21158.93536,23326.58203125,21092.01521,23328.234375,20733.07985,23224.99609375,20696.57795,23005.65234375,20562.73764,22853.38671875,20617.49049
2017-05-03 09:10:00,23516.513671875,21092.01521,23309.259765625,20733.07985,23317.234375,20696.57795,23232.12890625,20562.73764,22963.11328125,20617.49049,22853.4453125,20647.90875
2017-05-03 09:20:00,23384.83203125,20733.07985,23202.681640625,20696.57795,23232.08984375,20562.73764,23137.365234375,20617.49049,22856.6328125,20647.90875,22768.642578125,20672.24335
2017-05-03 09:30:00,23316.20703125,20696.57795,23144.98828125,20562.73764,23175.0546875,20617.49049,23096.978515625,20647.90875,22781.6875,20672.24335,22721.439453125,20653.9924
2017-05-03 09:40:00,23192.958984375,20562.73764,23015.947265625,20617.49049,23067.740234375,20647.90875,22999.708984375,20672.24335,22673.333984375,20653.9924,22623.08203125,20550.57034
2017-05-03 09:50:00,23176.5234375,20617.49049,23013.453125,20647.90875,23065.19140625,20672.24335,23001.080078125,20653.9924,22673.9765625,20550.57034,22629.01953125,20568.82129
2017-05-03 10:00:00,23079.646484375,20647.90875,22908.01171875,20672.24335,22975.5234375,20653.9924,22923.966796875,20550.57034,22584.044921875,20568.82129,22554.578125,20696.57795
2017-05-03 10:10:00,23011.251953125,20672.24335,22843.275390625,20653.9924,22916.123046875,20550.57034,22865.685546875,20568.82129,22537.859375,20696.57795,22525.8359375,20763.4981
2017-05-03 10:20:00,22843.9453125,20653.9924,22689.791015625,20550.57034,22775.943359375,20568.82129,22733.8984375,20696.57795,22400.8984375,20763.4981,22402.373046875,20830.41825
2017-05-03 10:30:00,22805.482421875,20550.57034,22655.33984375,20568.82129,22730.060546875,20696.57795,22669.708984375,20763.4981,22387.94921875,20830.41825,22389.18359375,21006.84411
2017-05-03 10:40:00,22697.609375,20568.82129,22531.439453125,20696.57795,22619.873046875,20763.4981,22557.408203125,20830.41825,22266.94921875,21006.84411,22284.6015625,21000.76046
2017-05-03 10:50:00,22636.66015625,20696.57795,22462.7734375,20763.4981,22579.02734375,20830.41825,22508.685546875,21006.84411,22257.0625,21000.76046,22262.416015625,21152.85171
2017-05-03 11:00:00,22527.90625,20763.4981,22365.232421875,20830.41825,22494.947265625,21006.84411,22478.23828125,21000.76046,22219.36328125,21152.85171,22213.318359375,21949.80989
2017-05-03 11:10:00,22398.341796875,20830.41825,22243.1640625,21006.84411,22373.31640625,21000.76046,22347.677734375,21152.85171,22130.298828125,21949.80989,22149.296875,22637.26236
2017-05-03 11:20:00,22333.587890625,21006.84411,22194.126953125,21000.76046,22314.82421875,21152.85171,22308.0546875,21949.80989,22107.8046875,22637.26236,22157.498046875,22600.76046
2017-05-03 11:30:00,22324.5625,21000.76046,22198.06640625,21152.85171,22329.099609375,21949.80989,22324.36328125,22637.26236,22188.138671875,22600.76046,22212.283203125,22904.94297
2017-05-03 11:40:00,22180.619140625,21152.85171,22039.7109375,21949.80989,22211.11328125,22637.26236,22226.5,22600.76046,22088.109375,22904.94297,22142.296875,23178.70722
2017-05-03 11:50:00,22074.75,21949.80989,21953.55859375,22637.26236,22131.828125,22600.76046,22175.7421875,22904.94297,22069.251953125,23178.70722,22172.546875,23306.46388
2017-05-03 12:00:00,22050.853515625,22637.26236,21946.162109375,22600.76046,22150.845703125,22904.94297,22196.314453125,23178.70722,22120.908203125,23306.46388,22209.607421875,23093.53612
2017-05-03 12:10:00,22012.76953125,22600.76046,21920.333984375,22904.94297,22104.93359375,23178.70722,22191.435546875,23306.46388,22153.994140625,23093.53612,22289.974609375,22363.4981
2017-05-03 12:20:00,22017.919921875,22904.94297,21930.40234375,23178.70722,22171.84375,23306.46388,22305.4140625,23093.53612,22269.3125,22363.4981,22394.650390625,22339.1635
2017-05-03 12:30:00,22160.791015625,23178.70722,22061.72265625,23306.46388,22352.787109375,23093.53612,22520.154296875,22363.4981,22488.859375,22339.1635,22637.423828125,22929.27757
2017-05-03 12:40:00,22183.87109375,23306.46388,22124.05078125,23093.53612,22441.466796875,22363.4981,22664.60546875,22339.1635,22678.990234375,22929.27757,22858.66015625,23008.36502
2017-05-03 12:50:00,22425.740234375,23093.53612,22441.625,22363.4981,22750.869140625,22339.1635,23025.974609375,22929.27757,23072.685546875,23008.36502,23313.1796875,22923.19392
2017-05-03 13:00:00,22673.685546875,22363.4981,22727.134765625,22339.1635,23068.30859375,22929.27757,23356.912109375,23008.36502,23466.853515625,22923.19392,23730.47265625,22947.52852
2017-05-03 13:10:00,22947.51953125,22339.1635,23046.162109375,22929.27757,23394.03125,23008.36502,23741.21875,22923.19392,23834.56640625,22947.52852,24173.109375,22807.60456
2017-05-03 13:20:00,23280.353515625,22929.27757,23418.58984375,23008.36502,23824.927734375,22923.19392,24222.18359375,22947.52852,24361.869140625,22807.60456,24702.111328125,23604.56274
2017-05-03 13:30:00,23560.38671875,23008.36502,23733.744140625,22923.19392,24125.197265625,22947.52852,24534.361328125,22807.60456,24693.9765625,23604.56274,25043.982421875,24036.5019
2017-05-03 13:40:00,23845.853515625,22923.19392,24046.5234375,22947.52852,24443.359375,22807.60456,24870.103515625,23604.56274,25072.685546875,24036.5019,25416.755859375,24492.77567
2017-05-03 13:50:00,24258.470703125,22947.52852,24491.166015625,22807.60456,24857.857421875,23604.56274,25290.572265625,24036.5019,25515.74609375,24492.77567,25896.384765625,24815.20913
2017-05-03 14:00:00,24611.720703125,22807.60456,24863.060546875,23604.56274,25241.802734375,24036.5019,25686.158203125,24492.77567,25931.51171875,24815.20913,26269.90234375,25727.75665
2017-05-03 14:10:00,24974.98046875,23604.56274,25255.72265625,24036.5019,25603.97265625,24492.77567,26060.90625,24815.20913,26328.169921875,25727.75665,26682.6796875,26165.77947
2017-05-03 14:20:00,25259.556640625,24036.5019,25543.8203125,24492.77567,25876.822265625,24815.20913,26322.19140625,25727.75665,26634.37890625,26165.77947,26943.9375,26403.04183
2017-05-03 14:30:00,25744.068359375,24492.77567,26031.724609375,24815.20913,26342.30078125,25727.75665,26777.86328125,26165.77947,27106.681640625,26403.04183,27388.556640625,27053.9924
2017-05-03 14:40:00,26141.818359375,24815.20913,26434.9140625,25727.75665,26711.3125,26165.77947,27147.201171875,26403.04183,27495.25390625,27053.9924,27736.154296875,27412.92776
2017-05-03 14:50:00,26526.4921875,25727.75665,26833.265625,26165.77947,27067.77734375,26403.04183,27506.40234375,27053.9924,27846.3984375,27412.92776,28083.201171875,27948.28897
2017-05-03 15:00:00,27078.302734375,26165.77947,27358.466796875,26403.04183,27577.482421875,27053.9924,28007.189453125,27412.92776,28330.66796875,27948.28897,28489.208984375,28483.65019
2017-05-03 15:10:00,27454.90625,26403.04183,27729.849609375,27053.9924,27931.658203125,27412.92776,28345.880859375,27948.28897,28661.044921875,28483.65019,28819.78125,28410.64639
2017-05-03 15:20:00,27999.94921875,27053.9924,28239.28125,27412.92776,28423.900390625,27948.28897,28829.486328125,28483.65019,29124.341796875,28410.64639,29225.2578125,29128.51711
2017-05-03 15:30:00,28399.759765625,27412.92776,28633.392578125,27948.28897,28815.15234375,28483.65019,29202.68359375,28410.64639,29471.15234375,29128.51711,29553.08984375,29590.87452
2017-05-03 15:40:00,28821.65234375,27948.28897,29013.30859375,28483.65019,29162.08203125,28410.64639,29545.365234375,29128.51711,29770.58984375,29590.87452,29816.51171875,30363.4981
2017-05-03 15:50:00,29276.427734375,28483.65019,29474.5859375,28410.64639,29629.685546875,29128.51711,29990.033203125,29590.87452,30199.53125,30363.4981,30241.02734375,30698.09886
2017-05-03 16:00:00,29754.986328125,28410.64639,29901.587890625,29128.51711,30038.40234375,29590.87452,30368.73828125,30363.4981,30525.08984375,30698.09886,30536.98046875,30844.10646
2017-05-03 16:10:00,30120.912109375,29128.51711,30236.75390625,29590.87452,30373.478515625,30363.4981,30679.177734375,30698.09886,30797.658203125,30844.10646,30826.634765625,31318.63118
2017-05-03 16:20:00,30448.798828125,29590.87452,30513.298828125,30363.4981,30615.134765625,30698.09886,30911.6015625,30844.10646,30992.314453125,31318.63118,30997.60546875,31349.04943
2017-05-03 16:30:00,30794.275390625,30363.4981,30857.265625,30698.09886,30949.939453125,30844.10646,31218.521484375,31318.63118,31272.19140625,31349.04943,31278.24609375,31324.71483
2017-05-03 16:40:00,31119.62109375,30698.09886,31146.939453125,30844.10646,31233.77734375,31318.63118,31485.41796875,31349.04943,31511.8203125,31324.71483,31501.759765625,31823.57414
2017-05-03 16:50:00,31395.384765625,30844.10646,31426.029296875,31318.63118,31487.083984375,31349.04943,31718.927734375,31324.71483,31705.310546875,31823.57414,31696.76171875,32182.50951
2017-05-03 17:00:00,31649.533203125,31318.63118,31641.453125,31349.04943,31684.482421875,31324.71483,31900.900390625,31823.57414,31865.5546875,32182.50951,31847.3359375,32395.43726
2017-05-03 17:10:00,31865.671875,31349.04943,31836.369140625,31324.71483,31868.556640625,31823.57414,32057.017578125,32182.50951,31985.78125,32395.43726,31971.94140625,32285.93156
2017-05-03 17:20:00,32133.552734375,31324.71483,32096.650390625,31823.57414,32095.15625,32182.50951,32265.34765625,32395.43726,32181.431640625,32285.93156,32171.0546875,32383.26996
2017-05-03 17:30:00,32400.056640625,31823.57414,32366.310546875,32182.50951,32349.8671875,32395.43726,32480.912109375,32285.93156,32379.578125,32383.26996,32370.07421875,32456.27376
2017-05-03 17:40:00,32587.767578125,32182.50951,32521.94921875,32395.43726,32491.833984375,32285.93156,32610.701171875,32383.26996,32481.107421875,32456.27376,32444.873046875,32638.78327
2017-05-03 17:50:00,32712.55859375,32395.43726,32639.37109375,32285.93156,32570.185546875,32383.26996,32658.482421875,32456.27376,32518.08984375,32638.78327,32486.08984375,32346.76806
2017-05-03 18:00:00,32814.95703125,32285.93156,32719.400390625,32383.26996,32624.123046875,32456.27376,32696.720703125,32638.78327,32541.076171875,32346.76806,32512.109375,32322.43346
2017-05-03 18:10:00,32852.60546875,32383.26996,32713.109375,32456.27376,32606.302734375,32638.78327,32663.037109375,32346.76806,32465.65625,32322.43346,32454.005859375,32389.35361
2017-05-03 18:20:00,32974.640625,32456.27376,32807.15234375,32638.78327,32698.337890625,32346.76806,32741.46484375,32322.43346,32513.06640625,32389.35361,32525.625,32261.59696
2017-05-03 18:30:00,33086.4609375,32638.78327,32912.75,32346.76806,32799.52734375,32322.43346,32799.28125,32389.35361,32563.447265625,32261.59696,32593.31640625,32146.0076
2017-05-03 18:40:00,33181.234375,32346.76806,32982.90234375,32322.43346,32853.6015625,32389.35361,32850.73828125,32261.59696,32610.27734375,32146.0076,32625.67578125,32243.34601
2017-05-03 18:50:00,33161.5234375,32322.43346,32933.1484375,32389.35361,32816.6171875,32261.59696,32778.59765625,32146.0076,32510.890625,32243.34601,32557.6328125,31860.07605
2017-05-03 19:00:00,33246.8046875,32389.35361,33018.91015625,32261.59696,32881.12109375,32146.0076,32850.04296875,32243.34601,32562.63671875,31860.07605,32620.689453125,32231.17871
2017-05-03 19:10:00,33267.74609375,32261.59696,33013.41015625,32146.0076,32850.734375,32243.34601,32787.54296875,31860.07605,32530.861328125,32231.17871,32590.732421875,31829.65779
2017-05-03 19:20:00,33340.43359375,32146.0076,33083.953125,32243.34601,32894.375,31860.07605,32823.6953125,32231.17871,32586.73828125,31829.65779,32602.11328125,31701.90114
2017-05-03 19:30:00,33313.984375,32243.34601,33024.96875,31860.07605,32851.625,32231.17871,32751.333984375,31829.65779,32496.103515625,31701.90114,32530.482421875,31111.78707
2017-05-03 19:40:00,33285.81640625,31860.07605,32970.54296875,32231.17871,32780.546875,31829.65779,32662.640625,31701.90114,32385.2265625,31111.78707,32457.017578125,31689.73384
2017-05-03 19:50:00,33195.3984375,32231.17871,32841.296875,31829.65779,32690.923828125,31701.90114,32568.95703125,31111.78707,32253.19140625,31689.73384,32393.541015625,31428.13688
2017-05-03 20:00:00,33203.5,31829.65779,32847.9453125,31701.90114,32680.501953125,31111.78707,32534.388671875,31689.73384,32257.185546875,31428.13688,32410.02734375,31501.14068
2017-05-03 20:10:00,33079.3515625,31701.90114,32704.453125,31111.78707,32572.0546875,31689.73384,32424.328125,31428.13688,32155.845703125,31501.14068,32321.099609375,31403.80228
2017-05-03 20:20:00,32906.17578125,31111.78707,32529.447265625,31689.73384,32384.130859375,31428.13688,32223.37109375,31501.14068,31962.21875,31403.80228,32146.123046875,31032.69962
2017-05-03 20:30:00,32669.453125,31689.73384,32284.595703125,31428.13688,32155.296875,31501.14068,31978.865234375,31403.80228,31707.84375,31032.69962,31955.154296875,30953.61217
2017-05-03 20:40:00,32493.36328125,31428.13688,32133.66015625,31501.14068,32011.56640625,31403.80228,31859.931640625,31032.69962,31601.80859375,30953.61217,31856.2734375,31227.37643
2017-05-03 20:50:00,32230.5078125,31501.14068,31882.314453125,31403.80228,31755.552734375,31032.69962,31612.205078125,30953.61217,31400.56640625,31227.37643,31691.1171875,31020.53232
2017-05-03 21:00:00,32079.6328125,31403.80228,31723.4609375,31032.69962,31627.697265625,30953.61217,31527.32421875,31227.37643,31334.73828125,31020.53232,31654.724609375,30886.69202
2017-05-03 21:10:00,31899.517578125,31032.69962,31568.6015625,30953.61217,31528.390625,31227.37643,31469.703125,31020.53232,31333.50390625,30886.69202,31694.142578125,30771.10266
2017-05-03 21:20:00,31712.60546875,30953.61217,31397.7421875,31227.37643,31342.99609375,31020.53232,31312.2734375,30886.69202,31185.65234375,30771.10266,31572.416015625,30606.84411
2017-05-03 21:30:00,31568.794921875,31227.37643,31329.697265625,31020.53232,31308.419921875,30886.69202,31361.236328125,30771.10266,31300.376953125,30606.84411,31720.740234375,30783.26996
2017-05-03 21:40:00,31402.3046875,31020.53232,31163.244140625,30886.69202,31137.45703125,30771.10266,31218.052734375,30606.84411,31223.142578125,30783.26996,31623.34765625,30977.94677
2017-05-03 21:50:00,31481.74609375,30886.69202,31329.54296875,30771.10266,31366.888671875,30606.84411,31561.236328125,30783.26996,31632.91015625,30977.94677,32079.833984375,31282.12928
2017-05-03 22:00:00,31531.7578125,30771.10266,31429.513671875,30606.84411,31515.28125,30783.26996,31808.328125,30977.94677,31997.1484375,31282.12928,32487.84765625,31780.98859
2017-05-03 22:10:00,31674.458984375,30606.84411,31663.1171875,30783.26996,31810.64453125,30977.94677,32220.5546875,31282.12928,32498.380859375,31780.98859,33038.16796875,32279.84791
2017-05-03 22:20:00,32058.0703125,30783.26996,32081.703125,30977.94677,32260.373046875,31282.12928,32801.234375,31780.98859,33237.59375,32279.84791,33772.97265625,32717.87072
2017-05-03 22:30:00,32238.275390625,30977.94677,32322.447265625,31282.12928,32576.587890625,31780.98859,33199.49609375,32279.84791,33702.50390625,32717.87072,34316.38671875,34488.21293
2017-05-03 22:40:00,32893.39453125,31282.12928,33042.49609375,31780.98859,33369.92578125,32279.84791,34098.3671875,32717.87072,34716.23046875,34488.21293,35376.4296875,36793.91635
2017-05-03 22:50:00,33969.9453125,31780.98859,34228.64453125,32279.84791,34662.65234375,32717.87072,35518.765625,34488.21293,36273.69921875,36793.91635,37002.9296875,39458.55513
2017-05-03 23:00:00,34496.390625,32279.84791,34837.88671875,32717.87072,35307.52734375,34488.21293,36281.23828125,36793.91635,37148.96875,39458.55513,37878.06640625,40541.44487
2017-05-03 23:10:00,35286.515625,32717.87072,35671.3203125,34488.21293,36220.03515625,36793.91635,37226.66015625,39458.55513,38104.54296875,40541.44487,38830.8125,40748.28897
2017-05-03 23:20:00,36543.6171875,34488.21293,37023.45703125,36793.91635,37578.6328125,39458.55513,38578.578125,40541.44487,39486.48046875,40748.28897,40119.67578125,40535.36122
2017-05-03 23:30:00,37663.4609375,36793.91635,38167.3125,39458.55513,38676.3046875,40541.44487,39496.97265625,40748.28897,40323.98046875,40535.36122,40782.51953125,40492.77567
2017-05-03 23:40:00,38806.47265625,39458.55513,39384.2734375,40541.44487,39848.41015625,40748.28897,40526.0703125,40535.36122,41307.875,40492.77567,41598.08984375,40474.52471
2017-05-03 23:50:00,39606.5703125,40541.44487,40137.953125,40748.28897,40466.82421875,40535.36122,40820.18359375,40492.77567,41458.0234375,40474.52471,41510.2578125,39987.8327
2017-05-04 00:00:00,39855.06640625,40748.28897,40343.89453125,40535.36122,40523.3125,40492.77567,40630.57421875,40474.52471,41133.31640625,39987.8327,41026.64453125,40000.0
2017-05-04 00:10:00,39926.875,40535.36122,40382.5390625,40492.77567,40442.60546875,40474.52471,40389.7421875,39987.8327,40796.30859375,40000.0,40637.3828125,40042.58555
2017-05-04 00:20:00,39699.8046875,40492.77567,40087.3671875,40474.52471,40119.81640625,39987.8327,39996.16015625,40000.0,40349.1875,40042.58555,40144.23828125,40188.59316
2017-05-04 00:30:00,39763.30078125,40474.52471,40104.6328125,39987.8327,40101.46875,40000.0,39911.296875,40042.58555,40171.44140625,40188.59316,39939.5390625,40273.76426
2017-05-04 00:40:00,39890.73828125,39987.8327,40228.40234375,40000.0,40233.3828125,40042.58555,39979.65625,40188.59316,40181.66796875,40273.76426,39944.4140625,40206.84411
2017-05-04 00:50:00,39813.828125,40000.0,40117.3125,40042.58555,40099.46484375,40188.59316,39823.59765625,40273.76426,39994.03515625,40206.84411,39720.55078125,40146.0076
2017-05-04 01:00:00,39914.37109375,40042.58555,40159.49609375,40188.59316,40129.765625,40273.76426,39853.7109375,40206.84411,39961.5,40146.0076,39666.19921875,39866.1597
2017-05-04 01:10:00,39910.34375,40188.59316,40097.76953125,40273.76426,40046.64453125,40206.84411,39753.546875,40146.0076,39838.94921875,39866.1597,39531.16796875,39860.07605
2017-05-04 01:20:00,39830.22265625,40273.76426,39976.68359375,40206.84411,39911.078125,40146.0076,39598.98828125,39866.1597,39632.89453125,39860.07605,39324.70703125,39671.48289
2017-05-04 01:30:00,39850.5390625,40206.84411,39929.6875,40146.0076,39847.03515625,39866.1597,39512.5546875,39860.07605,39511.96484375,39671.48289,39212.1796875,39793.15589
2017-05-04 01:40:00,39681.75390625,40146.0076,39699.375,39866.1597,39626.484375,39860.07605,39279.66015625,39671.48289,39207.2265625,39793.15589,38920.41015625,39829.65779
2017-05-04 01:50:00,39685.58203125,39866.1597,39646.58203125,39860.07605,39555.43359375,39671.48289,39176.328125,39793.15589,39082.875,39829.65779,38809.62109375,39720.15209
2017-05-04 02:00:00,39482.5078125,39860.07605,39401.25,39671.48289,39288.0234375,39793.15589,38886.8515625,39829.65779,38766.58984375,39720.15209,38501.85546875,39391.63498
2017-05-04 02:10:00,39384.56640625,39671.48289,39226.66015625,39793.15589,39092.109375,39829.65779,38657.43359375,39720.15209,38522.04296875,39391.63498,38256.4921875,39148.28897
2017-05-04 02:20:00,39153.96875,39793.15589,38923.984375,39829.65779,38750.97265625,39720.15209,38305.9375,39391.63498,38165.7578125,39148.28897,37847.08203125,38807.60456
2017-05-04 02:30:00,38901.38671875,39829.65779,38606.00390625,39720.15209,38426.67578125,39391.63498,37932.4375,39148.28897,37744.81640625,38807.60456,37444.2421875,38326.9962
2017-05-04 02:40:00,38634.1328125,39720.15209,38280.23828125,39391.63498,38072.80859375,39148.28897,37570.8125,38807.60456,37374.6015625,38326.9962,37018.6875,37785.55133
2017-05-04 02:50:00,38497.80078125,39391.63498,38092.1484375,39148.28897,37864.42578125,38807.60456,37327.37109375,38326.9962,37096.625,37785.55133,36739.5,37481.36882
2017-05-04 03:00:00,38100.49609375,39148.28897,37641.75,38807.60456,37403.2421875,38326.9962,36851.90234375,37785.55133,36603.80078125,37481.36882,36203.26953125,36745.24715
2017-05-04 03:10:00,37912.953125,38807.60456,37425.59375,38326.9962,37162.875,37785.55133,36580.03515625,37481.36882,36311.5,36745.24715,35907.4296875,36331.55894
2017-05-04 03:20:00,37553.51171875,38326.9962,37001.40625,37785.55133,36724.30078125,37481.36882,36137.5859375,36745.24715,35831.5,36331.55894,35368.87890625,36051.71103
2017-05-04 03:30:00,37352.4921875,37785.55133,36788.19140625,37481.36882,36482.18359375,36745.24715,35885.93359375,36331.55894,35549.72265625,36051.71103,35102.66796875,35327.75665
2017-05-04 03:40:00,36930.8515625,37481.36882,36338.09765625,36745.24715,35983.2109375,36331.55894,35385.32421875,36051.71103,35029.5390625,35327.75665,34516.91796875,34713.30798
2017-05-04 03:50:00,36616.7890625,36745.24715,36009.125,36331.55894,35618.6015625,36051.71103,35019.6640625,35327.75665,34598.06640625,34713.30798,34095.98046875,34013.68821
2017-05-04 04:00:00,36157.98046875,36331.55894,35525.13671875,36051.71103,35064.64453125,35327.75665,34471.6484375,34713.30798,33997.36328125,34013.68821,33431.875,33131.55894
2017-05-04 04:10:00,35726.94140625,36051.71103,35094.18359375,35327.75665,34583.875,34713.30798,33988.3125,34013.68821,33475.34765625,33131.55894,32878.1015625,32164.25856
2017-05-04 04:20:00,35067.2421875,35327.75665,34406.48828125,34713.30798,33840.2890625,34013.68821,33247.5078125,33131.55894,32696.19140625,32164.25856,32041.455078125,31276.04563
2017-05-04 04:30:00,34533.90625,34713.30798,33876.17578125,34013.68821,33276.75,33131.55894,32695.2109375,32164.25856,32116.203125,31276.04563,31433.828125,30637.26236
2017-05-04 04:40:00,33898.91796875,34013.68821,33198.1171875,33131.55894,32578.38671875,32164.25856,31989.41796875,31276.04563,31404.83984375,30637.26236,30667.28515625,29913.30798
2017-05-04 04:50:00,33255.46484375,33131.55894,32558.75,32164.25856,31908.720703125,31276.04563,31323.677734375,30637.26236,30759.765625,29913.30798,29992.873046875,28958.1749
2017-05-04 05:00:00,32488.841796875,32164.25856,31757.357421875,31276.04563,31103.17578125,30637.26236,30529.556640625,29913.30798,29985.779296875,28958.1749,29168.1171875,28161.21673
2017-05-04 05:10:00,31769.2421875,31276.04563,31026.392578125,30637.26236,30387.685546875,29913.30798,29811.65625,28958.1749,29314.478515625,28161.21673,28485.486328125,27534.60076
2017-05-04 05:20:00,31088.279296875,30637.26236,30290.69921875,29913.30798,29668.328125,28958.1749,29106.4921875,28161.21673,28654.365234375,27534.60076,27816.443359375,26938.40304
2017-05-04 05:30:00,30464.8671875,29913.30798,29649.3359375,28958.1749,29059.67578125,28161.21673,28500.111328125,27534.60076,28092.279296875,26938.40304,27290.1796875,26287.45247
2017-05-04 05:40:00,29714.875,28958.1749,28893.048828125,28161.21673,28340.3828125,27534.60076,27812.7734375,26938.40304,27441.123046875,26287.45247,26617.73046875,26007.60456
2017-05-04 05:50:00,29108.873046875,28161.21673,28303.765625,27534.60076,27796.599609375,26938.40304,27266.80078125,26287.45247,26941.1640625,26007.60456,26145.244140625,25350.57034
2017-05-04 06:00:00,28476.3203125,27534.60076,27660.625,26938.40304,27215.7578125,26287.45247,26731.5390625,26007.60456,26419.771484375,25350.57034,25620.69921875,24949.04943
2017-05-04 06:10:00,27923.765625,26938.40304,27126.193359375,26287.45247,26723.322265625,26007.60456,26277.677734375,25350.57034,25948.9453125,24949.04943,25213.95703125,24663.11787
2017-05-04 06:20:00,27315.87890625,26287.45247,26551.451171875,26007.60456,26202.509765625,25350.57034,25760.619140625,24949.04943,25459.216796875,24663.11787,24757.314453125,24334.60076
2017-05-04 06:30:00,26812.970703125,26007.60456,26077.818359375,25350.57034,25767.02734375,24949.04943,25345.845703125,24663.11787,25061.7734375,24334.60076,24389.8046875,23872.24335
2017-05-04 06:40:00,26293.630859375,25350.57034,25616.2265625,24949.04943,25349.7265625,24663.11787,24922.2578125,24334.60076,24655.42578125,23872.24335,24025.9140625,23537.64259
2017-05-04 06:50:00,25888.232421875,24949.04943,25270.1484375,24663.11787,25015.80078125,24334.60076,24623.787109375,23872.24335,24377.66796875,23537.64259,23789.58984375,23403.80228
2017-05-04 07:00:00,25449.048828125,24663.11787,24908.130859375,24334.60076,24648.59765625,23872.24335,24307.685546875,23537.64259,24053.291015625,23403.80228,23529.091796875,23227.37643
2017-05-04 07:10:00,25167.759765625,24334.60076,24647.43359375,23872.24335,24416.48828125,23537.64259,24090.546875,23403.80228,23857.189453125,23227.37643,23355.412109375,22844.10646
2017-05-04 07:20:00,24838.060546875,23872.24335,24383.466796875,23537.64259,24167.525390625,23403.80228,23874.259765625,23227.37643,23636.701171875,22844.10646,23188.048828125,22339.1635
2017-05-04 07:30:00,24615.8515625,23537.64259,24191.935546875,23403.80228,23988.03515625,23227.37643,23735.150390625,22844.10646,23522.5546875,22339.1635,23093.5546875,21986.31179
2017-05-04 07:40:00,24306.681640625,23403.80228,23951.943359375,23227.37643,23746.162109375,22844.10646,23520.759765625,22339.1635,23311.984375,21986.31179,22939.0859375,21858.55513
2017-05-04 07:50:00,24115.896484375,23227.37643,23800.18359375,22844.10646,23621.62109375,22339.1635,23407.50390625,21986.31179,23186.107421875,21858.55513,22869.607421875,21669.96198
2017-05-04 08:00:00,23867.232421875,22844.10646,23589.341796875,22339.1635,23403.57421875,21986.31179,23250.05859375,21858.55513,23020.255859375,21669.96198,22757.419921875,21505.70342
2017-05-04 08:10:00,23739.734375,22339.1635,23485.125,21986.31179,23329.5,21858.55513,23190.904296875,21669.96198,22971.75,21505.70342,22728.181640625,21347.52852
2017-05-04 08:20:00,23533.59375,21986.31179,23322.123046875,21858.55513,23178.41015625,21669.96198,23073.958984375,21505.70342,22833.61328125,21347.52852,22652.75,21128.51711
2017-05-04 08:30:00,23441.609375,21858.55513,23237.92578125,21669.96198,23118.185546875,21505.70342,23025.435546875,21347.52852,22799.603515625,21128.51711,22647.734375,20988.59316
2017-05-04 08:40:00,23299.63671875,21669.96198,23109.818359375,21505.70342,23002.376953125,21347.52852,22938.16796875,21128.51711,22681.505859375,20988.59316,22578.181640625,21006.84411
2017-05-04 08:50:00,23240.29296875,21505.70342,23055.6796875,21347.52852,22970.6015625,21128.51711,22916.658203125,20988.59316,22642.265625,21006.84411,22567.59765625,21085.93156
2017-05-04 09:00:00,23086.59765625,21347.52852,22944.3515625,21128.51711,22866.244140625,20988.59316,22818.23046875,21006.84411,22556.6015625,21085.93156,22502.55859375,21025.09506
2017-05-04 09:10:00,23038.47265625,21128.51711,22907.76953125,20988.59316,22836.57421875,21006.84411,22790.759765625,21085.93156,22497.091796875,21025.09506,22469.392578125,20988.59316
2017-05-04 09:20:00,22898.572265625,20988.59316,22758.43359375,21006.84411,22717.716796875,21085.93156,22672.9296875,21025.09506,22386.404296875,20988.59316,22371.919921875,20970.34221
2017-05-04 09:30:00,22854.26953125,21006.84411,22714.966796875,21085.93156,22677.23828125,21025.09506,22647.919921875,20988.59316,22336.0234375,20970.34221,22350.5234375,21104.18251
2017-05-04 09:40:00,22769.4765625,21085.93156,22628.37109375,21025.09506,22607.96484375,20988.59316,22595.873046875,20970.34221,22262.5625,21104.18251,22296.265625,21098.09886
2017-05-04 09:50:00,22756.869140625,21025.09506,22600.451171875,20988.59316,22601.392578125,20970.34221,22595.876953125,21104.18251,22240.07421875,21098.09886,22290.09375,21244.10646
2017-05-04 10:00:00,22636.64453125,20988.59316,22497.69140625,20970.34221,22509.30078125,21104.18251,22484.5625,21098.09886,22123.8671875,21244.10646,22202.34375,21444.86692
2017-05-04 10:10:00,22595.828125,20970.34221,22465.03125,21104.18251,22482.646484375,21098.09886,22459.7734375,21244.10646,22106.083984375,21444.86692,22182.947265625,21621.29278
2017-05-04 10:20:00,22535.482421875,21104.18251,22386.73046875,21098.09886,22414.57421875,21244.10646,22394.591796875,21444.86692,22046.3671875,21621.29278,22125.44921875,21828.13688
2017-05-04 10:30:00,22512.57421875,21098.09886,22357.484375,21244.10646,22400.546875,21444.86692,22381.376953125,21621.29278,22039.310546875,21828.13688,22108.0078125,21919.39163
2017-05-04 10:40:00,22437.216796875,21244.10646,22271.126953125,21444.86692,22341.658203125,21621.29278,22327.078125,21828.13688,21989.234375,21919.39163,22049.685546875,21961.97719
2017-05-04 10:50:00,22351.45703125,21444.86692,22169.56640625,21621.29278,22265.689453125,21828.13688,22253.177734375,21919.39163,21939.5625,21961.97719,21997.787109375,22132.31939
2017-05-04 11:00:00,22197.0234375,21621.29278,22037.736328125,21828.13688,22140.1640625,21919.39163,22106.384765625,21961.97719,21826.73046875,22132.31939,21909.326171875,22679.84791
2017-05-04 11:10:00,22121.95703125,21828.13688,21975.3203125,21919.39163,22076.837890625,21961.97719,22031.994140625,22132.31939,21773.232421875,22679.84791,21877.037109375,23050.95057
2017-05-04 11:20:00,22062.533203125,21919.39163,21894.31640625,21961.97719,22020.65234375,22132.31939,21987.064453125,22679.84791,21744.5546875,23050.95057,21841.126953125,22673.76426
2017-05-04 11:30:00,21991.7890625,21961.97719,21808.244140625,22132.31939,21942.775390625,22679.84791,21930.513671875,23050.95057,21713.94140625,22673.76426,21814.994140625,22868.44106
2017-05-04 11:40:00,21908.67578125,22132.31939,21752.595703125,22679.84791,21897.400390625,23050.95057,21895.16796875,22673.76426,21710.130859375,22868.44106,21823.484375,23026.61597
2017-05-04 11:50:00,21880.34375,22679.84791,21731.185546875,23050.95057,21865.130859375,22673.76426,21902.83203125,22868.44106,21745.69921875,23026.61597,21871.505859375,23227.37643
2017-05-04 12:00:00,21847.939453125,23050.95057,21716.556640625,22673.76426,21865.521484375,22868.44106,21927.611328125,23026.61597,21801.6171875,23227.37643,21950.154296875,23002.28137
2017-05-04 12:10:00,21860.98828125,22673.76426,21745.48046875,22868.44106,21900.1953125,23026.61597,22005.986328125,23227.37643,21914.958984375,23002.28137,22081.794921875,22564.25856
2017-05-04 12:20:00,21882.25,22868.44106,21766.251953125,23026.61597,21978.611328125,23227.37643,22109.517578125,23002.28137,22052.052734375,22564.25856,22224.71875,22649.42966
2017-05-04 12:30:00,21932.1015625,23026.61597,21847.119140625,23227.37643,22057.59375,23002.28137,22243.93359375,22564.25856,22232.1953125,22649.42966,22436.443359375,22874.52471
2017-05-04 12:40:00,22005.666015625,23227.37643,21954.3671875,23002.28137,22214.166015625,22564.25856,22433.515625,22649.42966,22474.6796875,22874.52471,22693.787109375,22856.27376
2017-05-04 12:50:00,22183.404296875,23002.28137,22170.7265625,22564.25856,22439.796875,22649.42966,22716.27734375,22874.52471,22796.044921875,22856.27376,23057.197265625,22990.11407
2017-05-04 13:00:00,22378.529296875,22564.25856,22395.25390625,22649.42966,22717.998046875,22874.52471,23032.2890625,22856.27376,23137.755859375,22990.11407,23429.341796875,22704.18251
2017-05-04 13:10:00,22629.203125,22649.42966,22694.20703125,22874.52471,23045.6875,22856.27376,23401.345703125,22990.11407,23543.87109375,22704.18251,23865.330078125,22552.09125
2017-05-04 13:20:00,22924.509765625,22874.52471,23039.23046875,22856.27376,23428.576171875,22990.11407,23809.525390625,22704.18251,23988.974609375,22552.09125,24319.859375,23245.62738
2017-05-04 13:30:00,23358.3671875,22856.27376,23525.80859375,22990.11407,23891.578125,22704.18251,24321.017578125,22552.09125,24538.76953125,23245.62738,24911.01171875,23926.9962
2017-05-04 13:40:00,23698.791015625,22990.11407,23880.92578125,22704.18251,24286.861328125,22552.09125,24704.41796875,23245.62738,24944.572265625,23926.9962,25320.19140625,24559.69582
2017-05-04 13:50:00,24105.806640625,22704.18251,24339.15625,22552.09125,24739.791015625,23245.62738,25175.9453125,23926.9962,25448.408203125,24559.69582,25828.08984375,24869.96198
2017-05-04 14:00:00,24534.1015625,22552.09125,24783.693359375,23245.62738,25176.486328125,23926.9962,25609.62890625,24559.69582,25918.287109375,24869.96198,26295.046875,25654.75285
2017-05-04 14:10:00,24952.712890625,23245.62738,25229.4140625,23926.9962,25604.763671875,24559.69582,26039.140625,24869.96198,26368.2421875,25654.75285,26734.638671875,26074.52471
2017-05-04 14:20:00,25249.828125,23926.9962,25526.111328125,24559.69582,25891.23046875,24869.96198,26302.02734375,25654.75285,26649.0390625,26074.52471,26993.462890625,26676.80608
2017-05-04 14:30:00,25752.65234375,24559.69582,26043.427734375,24869.96198,26369.5859375,25654.75285,26772.421875,26074.52471,27138.412109375,26676.80608,27463.4609375,27437.26236
2017-05-04 14:40:00,26114.205078125,24869.96198,26407.52734375,25654.75285,26717.900390625,26074.52471,27105.529296875,26676.80608,27479.724609375,27437.26236,27770.216796875,27850.95057
2017-05-04 14:50:00,26628.04296875,25654.75285,26919.34765625,26074.52471,27202.845703125,26676.80608,27591.14453125,27437.26236,27961.30078125,27850.95057,28210.158203125,28434.98099
2017-05-04 15:00:00,27086.615234375,26074.52471,27360.533203125,26676.80608,27631.513671875,27437.26236,28008.787109375,27850.95057,28370.025390625,28434.98099,28593.4140625,28818.25095
2017-05-04 15:10:00,27622.359375,26676.80608,27889.76953125,27437.26236,28123.09375,27850.95057,28498.396484375,28434.98099,28832.208984375,28818.25095,29011.009765625,29311.02662
2017-05-04 15:20:00,28109.357421875,27437.26236,28358.572265625,27850.95057,28591.01953125,28434.98099,28965.64453125,28818.25095,29272.140625,29311.02662,29431.869140625,29864.63878
2017-05-04 15:30:00,28723.509765625,27850.95057,28948.36328125,28434.98099,29165.646484375,28818.25095,29531.3046875,29311.02662,29790.71875,29864.63878,29928.6796875,30387.8327
2017-05-04 15:40:00,29113.001953125,28434.98099,29302.408203125,28818.25095,29509.36328125,29311.02662,29854.66015625,29864.63878,30067.626953125,30387.8327,30191.189453125,30807.60456
2017-05-04 15:50:00,29623.75,28818.25095,29786.82421875,29311.02662,29980.484375,29864.63878,30311.30859375,30387.8327,30487.515625,30807.60456,30577.3984375,31184.79087
2017-05-04 16:00:00,29981.140625,29311.02662,30118.51953125,29864.63878,30300.701171875,30387.8327,30603.89453125,30807.60456,30748.892578125,31184.79087,30822.751953125,31385.55133
2017-05-04 16:10:00,30463.5625,29864.63878,30574.798828125,30387.8327,30751.078125,30807.60456,31032.3671875,31184.79087,31119.666015625,31385.55133,31182.908203125,31458.55513
2017-05-04 16:20:00,30752.453125,30387.8327,30833.578125,30807.60456,30980.80859375,31184.79087,31242.490234375,31385.55133,31293.48046875,31458.55513,31346.37890625,31154.37262
2017-05-04 16:30:00,31098.0546875,30807.60456,31152.794921875,31184.79087,31278.892578125,31385.55133,31518.35546875,31458.55513,31525.46875,31154.37262,31575.830078125,31787.07224
2017-05-04 16:40:00,31368.263671875,31184.79087,31397.59375,31385.55133,31514.751953125,31458.55513,31718.67578125,31154.37262,31694.185546875,31787.07224,31736.3515625,32006.08365
2017-05-04 16:50:00,31690.548828125,31385.55133,31716.611328125,31458.55513,31802.98046875,31154.37262,31981.314453125,31787.07224,31925.474609375,32006.08365,31948.703125,31884.41065
2017-05-04 17:00:00,31917.423828125,31458.55513,31915.5078125,31154.37262,31999.380859375,31787.07224,32153.009765625,32006.08365,32067.822265625,31884.41065,32095.212890625,31464.63878
2017-05-04 17:10:00,32145.984375,31154.37262,32119.322265625,31787.07224,32172.306640625,32006.08365,32312.35546875,31884.41065,32186.326171875,31464.63878,32211.212890625,31841.8251
2017-05-04 17:20:00,32295.541015625,31787.07224,32222.751953125,32006.08365,32284.353515625,31884.41065,32409.708984375,31464.63878,32237.068359375,31841.8251,32293.34765625,31799.23954
2017-05-04 17:30:00,32494.095703125,32006.08365,32425.283203125,31884.41065,32436.95703125,31464.63878,32538.30078125,31841.8251,32355.001953125,31799.23954,32402.306640625,31671.48289
2017-05-04 17:40:00,32599.009765625,31884.41065,32525.10546875,31464.63878,32514.232421875,31841.8251,32602.1640625,31799.23954,32388.205078125,31671.48289,32420.08203125,31714.06844
2017-05-04 17:50:00,32751.48828125,31464.63878,32651.236328125,31841.8251,32642.5390625,31799.23954,32696.48046875,31671.48289,32457.462890625,31714.06844,32503.369140625,31476.80608
2017-05-04 18:00:00,32767.736328125,31841.8251,32639.8828125,31799.23954,32575.78125,31671.48289,32622.392578125,31714.06844,32372.388671875,31476.80608,32406.251953125,31513.30798
2017-05-04 18:10:00,32811.09375,31799.23954,32680.03125,31671.48289,32603.353515625,31714.06844,32597.228515625,31476.80608,32349.255859375,31513.30798,32386.505859375,31269.96198
2017-05-04 18:20:00,32817.9375,31671.48289,32671.515625,31714.06844,32538.166015625,31476.80608,32527.333984375,31513.30798,32291.912109375,31269.96198,32307.849609375,31269.96198
2017-05-04 18:30:00,32836.0390625,31714.06844,32674.552734375,31476.80608,32537.94140625,31513.30798,32498.65234375,31269.96198,32238.283203125,31269.96198,32260.45703125,31555.89354
2017-05-04 18:40:00,32749.51171875,31476.80608,32549.478515625,31513.30798,32426.421875,31269.96198,32351.544921875,31269.96198,32083.7265625,31555.89354,32144.767578125,31586.31179
2017-05-04 18:50:00,32828.90625,31513.30798,32589.560546875,31269.96198,32476.42578125,31269.96198,32390.234375,31555.89354,32081.69140625,31586.31179,32169.05859375,31330.79848
2017-05-04 19:00:00,32724.69140625,31269.96198,32482.6484375,31269.96198,32370.6953125,31555.89354,32265.87890625,31586.31179,31960.09375,31330.79848,32063.751953125,31263.87833
2017-05-04 19:10:00,32705.994140625,31269.96198,32456.626953125,31555.89354,32338.0234375,31586.31179,32215.09765625,31330.79848,31916.384765625,31263.87833,32025.455078125,31136.12167
2017-05-04 19:20:00,32557.234375,31555.89354,32293.828125,31586.31179,32151.1328125,31330.79848,32015.26171875,31263.87833,31724.451171875,31136.12167,31803.005859375,31568.06084
2017-05-04 19:30:00,32409.638671875,31586.31179,32129.951171875,31330.79848,31970.771484375,31263.87833,31808.576171875,31136.12167,31519.947265625,31568.06084,31618.92578125,31586.31179
2017-05-04 19:40:00,32254.37890625,31330.79848,31969.138671875,31263.87833,31824.994140625,31136.12167,31655.849609375,31568.06084,31393.302734375,31586.31179,31507.5,31616.73004
2017-05-04 19:50:00,32054.80078125,31263.87833,31749.451171875,31136.12167,31595.46875,31568.06084,31407.208984375,31586.31179,31157.92578125,31616.73004,31275.685546875,31476.80608
2017-05-04 20:00:00,31957.130859375,31136.12167,31598.68359375,31568.06084,31487.63671875,31586.31179,31286.9765625,31616.73004,31057.5546875,31476.80608,31180.78515625,31342.96578
2017-05-04 20:10:00,31834.16796875,31568.06084,31476.478515625,31586.31179,31369.603515625,31616.73004,31188.31640625,31476.80608,30971.79296875,31342.96578,31139.771484375,31196.95817
2017-05-04 20:20:00,31653.724609375,31586.31179,31291.943359375,31616.73004,31204.5546875,31476.80608,31020.017578125,31342.96578,30812.859375,31196.95817,31034.64453125,30947.52852
2017-05-04 20:30:00,31546.890625,31616.73004,31189.59765625,31476.80608,31108.564453125,31342.96578,30950.919921875,31196.95817,30737.04296875,30947.52852,30995.154296875,30418.25095
2017-05-04 20:40:00,31347.72265625,31476.80608,30999.84765625,31342.96578,30934.078125,31196.95817,30792.5703125,30947.52852,30622.17578125,30418.25095,30886.244140625,31196.95817
2017-05-04 20:50:00,31316.857421875,31342.96578,30988.26171875,31196.95817,30948.09765625,30947.52852,30838.193359375,30418.25095,30684.40625,31196.95817,30992.306640625,32273.76426
2017-05-04 21:00:00,31155.806640625,31196.95817,30854.212890625,30947.52852,30839.35546875,30418.25095,30768.111328125,31196.95817,30655.138671875,32273.76426,31000.177734375,32237.26236
2017-05-04 21:10:00,31069.2265625,30947.52852,30800.115234375,30418.25095,30802.181640625,31196.95817,30778.10546875,32273.76426,30671.2421875,32237.26236,31081.47265625,31866.1597
2017-05-04 21:20:00,30999.65234375,30418.25095,30770.0859375,31196.95817,30802.62890625,32273.76426,30851.00390625,32237.26236,30821.01171875,31866.1597,31232.9921875,31793.15589
2017-05-04 21:30:00,31100.66015625,31196.95817,30902.08984375,32273.76426,30939.86328125,32237.26236,31047.8359375,31866.1597,31058.806640625,31793.15589,31507.107421875,31890.4943
2017-05-04 21:40:00,31229.17578125,32273.76426,31088.537109375,32237.26236,31196.47265625,31866.1597,31399.185546875,31793.15589,31477.583984375,31890.4943,31958.521484375,31817.49049
2017-05-04 21:50:00,31611.333984375,32237.26236,31493.09765625,31866.1597,31654.6328125,31793.15589,31916.5625,31890.4943,32000.759765625,31817.49049,32556.994140625,32036.5019
2017-05-04 22:00:00,32016.423828125,31866.1597,31967.482421875,31793.15589,32190.33984375,31890.4943,32563.615234375,31817.49049,32717.451171875,32036.5019,33284.42578125,32675.28517
2017-05-04 22:10:00,32567.33984375,31793.15589,32545.39453125,31890.4943,32806.80859375,31817.49049,33269.41015625,32036.5019,33499.32421875,32675.28517,34083.58984375,33393.15589
2017-05-04 22:20:00,33124.04296875,31890.4943,33132.65625,31817.49049,33421.7890625,32036.5019,33920.46484375,32675.28517,34218.625,33393.15589,34776.91015625,33898.09886
2017-05-04 22:30:00,33837.02734375,31817.49049,33878.28125,32036.5019,34223.46875,32675.28517,34745.0859375,33393.15589,35086.515625,33898.09886,35686.76953125,35260.8365
2017-05-04 22:40:00,34396.265625,32036.5019,34475.3359375,32675.28517,34866.0546875,33393.15589,35414.79296875,33898.09886,35808.6328125,35260.8365,36408.65234375,37767.30038
2017-05-04 22:50:00,34856.66796875,32675.28517,34966.76953125,33393.15589,35370.015625,33898.09886,35960.2578125,35260.8365,36402.2265625,37767.30038,37008.609375,40133.8403
2017-05-04 23:00:00,35472.11328125,33393.15589,35581.58203125,33898.09886,35987.6640625,35260.8365,36566.84375,37767.30038,37043.06640625,40133.8403,37560.5546875,40352.85171
2017-05-04 23:10:00,36044.44921875,33898.09886,36143.2578125,35260.8365,36541.52734375,37767.30038,37085.91015625,40133.8403,37548.8671875,40352.85171,38029.234375,40073.0038
2017-05-04 23:20:00,36758.78515625,35260.8365,36865.6171875,37767.30038,37263.6875,40133.8403,37728.21875,40352.85171,38187.88671875,40073.0038,38598.5859375,40170.34221
2017-05-04 23:30:00,37353.1015625,37767.30038,37460.16015625,40133.8403,37829.3046875,40352.85171,38207.30859375,40073.0038,38637.1953125,40170.34221,38984.7265625,40158.1749
2017-05-04 23:40:00,37973.1015625,40133.8403,38076.31640625,40352.85171,38375.88671875,40073.0038,38645.2265625,40170.34221,39052.30859375,40158.1749,39264.6328125,40279.84791
2017-05-04 23:50:00,38390.98046875,40352.85171,38482.03125,40073.0038,38693.70703125,40170.34221,38827.1640625,40158.1749,39190.50390625,40279.84791,39269.96875,40346.76806
2017-05-05 00:00:00,38826.69140625,40073.0038,38940.40625,40170.34221,39050.56640625,40158.1749,39036.82421875,40279.84791,39371.00390625,40346.76806,39296.5625,40194.67681
2017-05-05 00:10:00,38947.20703125,40170.34221,39078.3828125,40158.1749,39119.6953125,40279.84791,39012.46875,40346.76806,39326.7265625,40194.67681,39146.12109375,40225.09506
2017-05-05 00:20:00,39099.86328125,40158.1749,39257.53515625,40279.84791,39241.21875,40346.76806,39052.42578125,40194.67681,39330.23828125,40225.09506,39073.46484375,39902.6616
2017-05-05 00:30:00,39181.41015625,40279.84791,39357.5859375,40346.76806,39330.18359375,40194.67681,39094.109375,40225.09506,39348.43359375,39902.6616,39059.7734375,40060.8365
2017-05-05 00:40:00,39239.44921875,40346.76806,39407.97265625,40194.67681,39371.359375,40225.09506,39099.21875,39902.6616,39301.078125,40060.8365,38985.796875,39805.32319
2017-05-05 00:50:00,39287.18359375,40194.67681,39437.57421875,40225.09506,39391.41015625,39902.6616,39104.10546875,40060.8365,39270.0390625,39805.32319,38947.796875,39750.57034
2017-05-05 01:00:00,39305.5390625,40225.09506,39420.890625,39902.6616,39365.1328125,40060.8365,39056.421875,39805.32319,39171.84765625,39750.57034,38841.3359375,39519.39163
2017-05-05 01:10:00,39331.28125,39902.6616,39410.55859375,40060.8365,39349.40625,39805.32319,39019.1328125,39750.57034,39102.43359375,39519.39163,38776.66796875,39519.39163
2017-05-05 01:20:00,39328.8125,40060.8365,39367.8359375,39805.32319,39296.984375,39750.57034,38948.87109375,39519.39163,38984.0,39519.39163,38655.12109375,39215.20913
2017-05-05 01:30:00,39314.58203125,39805.32319,39311.265625,39750.57034,39229.4765625,39519.39163,38860.56640625,39519.39163,38868.953125,39215.20913,38536.6640625,39787.07224
2017-05-05 01:40:00,39264.3828125,39750.57034,39211.87109375,39519.39163,39103.7890625,39519.39163,38718.8359375,39215.20913,38689.4375,39787.07224,38347.1015625,39805.32319
2017-05-05 01:50:00,39164.51953125,39519.39163,39066.37890625,39519.39163,38938.34375,39215.20913,38518.58203125,39787.07224,38477.46875,39805.32319,38140.2734375,39714.06844
2017-05-05 02:00:00,39028.046875,39519.39163,38873.95703125,39215.20913,38718.63671875,39787.07224,38272.609375,39805.32319,38203.76171875,39714.06844,37861.75,39178.70722
2017-05-05 02:10:00,38845.26953125,39215.20913,38633.30859375,39787.07224,38458.69921875,39805.32319,37986.01171875,39714.06844,37901.96875,39178.70722,37559.796875,38819.77186
2017-05-05 02:20:00,38626.87890625,39787.07224,38354.83203125,39805.32319,38167.3671875,39714.06844,37665.50390625,39178.70722,37559.3671875,38819.77186,37211.5703125,38637.26236
2017-05-05 02:30:00,38441.26953125,39805.32319,38117.53515625,39714.06844,37921.15625,39178.70722,37396.78515625,38819.77186,37269.203125,38637.26236,36911.484375,38345.24715
2017-05-05 02:40:00,38202.703125,39714.06844,37832.69140625,39178.70722,37611.21484375,38819.77186,37064.51171875,38637.26236,36906.3046875,38345.24715,36543.4296875,38071.48289
2017-05-05 02:50:00,38002.59375,39178.70722,37594.921875,38819.77186,37362.2578125,38637.26236,36801.171875,38345.24715,36625.79296875,38071.48289,36252.55859375,37457.03422
2017-05-05 03:00:00,37722.359375,38819.77186,37267.1328125,38637.26236,37013.79296875,38345.24715,36433.6796875,38071.48289,36226.57421875,37457.03422,35839.75,36824.3346
2017-05-05 03:10:00,37483.07421875,38637.26236,36989.99609375,38345.24715,36713.5,38071.48289,36130.5390625,37457.03422,35888.3671875,36824.3346,35472.94140625,36337.64259
2017-05-05 03:20:00,37259.1953125,38345.24715,36734.3515625,38071.48289,36423.71875,37457.03422,35835.8125,36824.3346,35566.19140625,36337.64259,35130.84375,35680.60837
2017-05-05 03:30:00,36944.37109375,38071.48289,36383.55859375,37457.03422,36050.9296875,36824.3346,35451.0546875,36337.64259,35145.9765625,35680.60837,34684.3515625,35181.74905
2017-05-05 03:40:00,36611.34375,37457.03422,36020.296875,36824.3346,35647.48046875,36337.64259,35037.62890625,35680.60837,34680.98046875,35181.74905,34195.25390625,34445.62738
2017-05-05 03:50:00,36246.51171875,36824.3346,35649.2109375,36337.64259,35224.80859375,35680.60837,34618.19140625,35181.74905,34224.27734375,34445.62738,33685.64453125,33898.09886
2017-05-05 04:00:00,35783.35546875,36337.64259,35172.0546875,35680.60837,34691.47265625,35181.74905,34092.89453125,34445.62738,33634.97265625,33898.09886,33065.15625,33387.07224
2017-05-05 04:10:00,35318.83984375,35680.60837,34697.95703125,35181.74905,34173.0234375,34445.62738,33583.84375,33898.09886,33081.28515625,33387.07224,32472.30859375,32395.43726
2017-05-05 04:20:00,34864.265625,35181.74905,34226.07421875,34445.62738,33664.77734375,33898.09886,33085.83203125,33387.07224,32549.060546875,32395.43726,31905.416015625,31507.22433
2017-05-05 04:30:00,34293.87890625,34445.62738,33637.53515625,33898.09886,33040.46484375,33387.07224,32461.396484375,32395.43726,31902.07421875,31507.22433,31246.865234375,30758.93536
2017-05-05 04:40:00,33640.32421875,33898.09886,32962.65625,33387.07224,32335.845703125,32395.43726,31771.345703125,31507.22433,31204.84765625,30758.93536,30486.861328125,30028.89734
2017-05-05 04:50:00,33052.9609375,33387.07224,32350.517578125,32395.43726,31708.634765625,31507.22433,31136.349609375,30758.93536,30581.087890625,30028.89734,29838.55078125,28927.75665
2017-05-05 05:00:00,32332.3984375,32395.43726,31595.6875,31507.22433,30958.61328125,30758.93536,30395.982421875,30028.89734,29854.751953125,28927.75665,29081.509765625,28215.96958
2017-05-05 05:10:00,31722.11328125,31507.22433,30956.439453125,30758.93536,30321.724609375,30028.89734,29767.95703125,28927.75665,29258.87109375,28215.96958,28472.994140625,27485.93156
2017-05-05 05:20:00,31009.455078125,30758.93536,30203.390625,30028.89734,29602.091796875,28927.75665,29044.15234375,28215.96958,28574.353515625,27485.93156,27798.083984375,26877.56654
2017-05-05 05:30:00,30367.71484375,30028.89734,29556.6171875,28927.75665,28972.18359375,28215.96958,28441.427734375,27485.93156,28007.345703125,26877.56654,27224.96875,26482.12928
2017-05-05 05:40:00,29670.6484375,28927.75665,28838.642578125,28215.96958,28316.04296875,27485.93156,27794.140625,26877.56654,27402.890625,26482.12928,26649.060546875,26244.86692
2017-05-05 05:50:00,29048.6171875,28215.96958,28219.23828125,27485.93156,27722.712890625,26877.56654,27236.0859375,26482.12928,26864.921875,26244.86692,26116.52734375,25812.92776
2017-05-05 06:00:00,28449.29296875,27485.93156,27612.75390625,26877.56654,27196.27734375,26482.12928,26735.5234375,26244.86692,26374.134765625,25812.92776,25660.2734375,25314.06844
2017-05-05 06:10:00,27881.40625,26877.56654,27059.83984375,26482.12928,26683.962890625,26244.86692,26251.84765625,25812.92776,25879.11328125,25314.06844,25198.806640625,24876.04563
2017-05-05 06:20:00,27299.361328125,26482.12928,26517.384765625,26244.86692,26181.3203125,25812.92776,25757.357421875,25314.06844,25404.833984375,24876.04563,24751.201171875,24565.77947
2017-05-05 06:30:00,26712.04296875,26244.86692,25973.24609375,25812.92776,25684.845703125,25314.06844,25276.046875,24876.04563,24935.521484375,24565.77947,24323.37109375,24225.09506
2017-05-05 06:40:00,26223.91015625,25812.92776,25538.201171875,25314.06844,25265.62890625,24876.04563,24880.98828125,24565.77947,24541.78125,24225.09506,23974.193359375,23726.23574
2017-05-05 06:50:00,25761.98828125,25314.06844,25136.6328125,24876.04563,24880.146484375,24565.77947,24539.923828125,24225.09506,24214.7890625,23726.23574,23690.8828125,23647.14829
2017-05-05 07:00:00,25341.11328125,24876.04563,24795.09375,24565.77947,24540.580078125,24225.09506,24230.353515625,23726.23574,23914.794921875,23647.14829,23459.646484375,23440.30418
2017-05-05 07:10:00,24992.33203125,24565.77947,24498.2734375,24225.09506,24257.05859375,23726.23574,23972.05859375,23647.14829,23660.416015625,23440.30418,23241.70703125,23148.28897
2017-05-05 07:20:00,24679.91015625,24225.09506,24234.984375,23726.23574,24007.169921875,23647.14829,23752.701171875,23440.30418,23455.763671875,23148.28897,23082.017578125,22917.11027
2017-05-05 07:30:00,24381.48046875,23726.23574,23992.685546875,23647.14829,23763.40234375,23440.30418,23543.828125,23148.28897,23261.607421875,22917.11027,22943.44140625,22819.77186
2017-05-05 07:40:00,24113.8515625,23647.14829,23776.998046875,23440.30418,23555.580078125,23148.28897,23365.373046875,22917.11027,23089.513671875,22819.77186,22813.107421875,22643.34601
2017-05-05 07:50:00,23888.052734375,23440.30418,23592.12890625,23148.28897,23384.291015625,22917.11027,23214.4140625,22819.77186,22945.544921875,22643.34601,22721.69140625,22302.6616
2017-05-05 08:00:00,23660.51953125,23148.28897,23411.90625,22917.11027,23205.962890625,22819.77186,23081.298828125,22643.34601,22808.47265625,22302.6616,22632.958984375,22095.81749
2017-05-05 08:10:00,23486.55078125,22917.11027,23260.078125,22819.77186,23076.681640625,22643.34601,22961.904296875,22302.6616,22708.13671875,22095.81749,22559.974609375,21712.54753
2017-05-05 08:20:00,23321.115234375,22819.77186,23134.5,22643.34601,22957.40234375,22302.6616,22871.291015625,22095.81749,22617.91015625,21712.54753,22520.056640625,21432.69962
2017-05-05 08:30:00,23210.666015625,22643.34601,23037.025390625,22302.6616,22873.552734375,22095.81749,22805.70703125,21712.54753,22552.080078125,21432.69962,22492.08203125,21390.11407
2017-05-05 08:40:00,23063.869140625,22302.6616,22916.3046875,22095.81749,22770.30859375,21712.54753,22727.900390625,21432.69962,22457.818359375,21390.11407,22430.5859375,21231.93916
2017-05-05 08:50:00,22976.419921875,22095.81749,22856.091796875,21712.54753,22713.802734375,21432.69962,22667.65234375,21390.11407,22397.51953125,21231.93916,22409.41796875,21122.43346
2017-05-05 09:00:00,22889.392578125,21712.54753,22768.94921875,21432.69962,22647.96484375,21390.11407,22621.609375,21231.93916,22331.310546875,21122.43346,22372.70703125,21049.42966
2017-05-05 09:10:00,22778.609375,21432.69962,22705.744140625,21390.11407,22586.505859375,21231.93916,22558.6875,21122.43346,22255.611328125,21049.42966,22318.572265625,21043.34601
2017-05-05 09:20:00,22669.767578125,21390.11407,22577.576171875,21231.93916,22495.716796875,21122.43346,22464.19140625,21049.42966,22160.44140625,21043.34601,22223.66015625,21177.18631
2017-05-05 09:30:00,22535.99609375,21231.93916,22463.6953125,21122.43346,22411.84765625,21049.42966,22370.04296875,21043.34601,22069.44921875,21177.18631,22145.859375,21231.93916
2017-05-05 09:40:00,22524.814453125,21122.43346,22446.150390625,21049.42966,22375.53515625,21043.34601,22340.314453125,21177.18631,22025.888671875,21231.93916,22118.41015625,21098.09886
2017-05-05 09:50:00,22391.259765625,21049.42966,22306.953125,21043.34601,22284.8125,21177.18631,22246.8046875,21231.93916,21957.1015625,21098.09886,22058.9765625,21098.09886
2017-05-05 10:00:00,22369.55859375,21043.34601,22289.517578125,21177.18631,22252.634765625,21231.93916,22224.15625,21098.09886,21937.09765625,21098.09886,22036.958984375,21092.01521
2017-05-05 10:10:00,22228.68359375,21177.18631,22125.34375,21231.93916,22132.708984375,21098.09886,22096.580078125,21098.09886,21798.1875,21092.01521,21936.287109375,21268.44106
2017-05-05 10:20:00,22181.28125,21231.93916,22115.1875,21098.09886,22132.41796875,21098.09886,22068.35546875,21092.01521,21766.71484375,21268.44106,21903.36328125,21286.69202
2017-05-05 10:30:00,22082.998046875,21098.09886,22020.109375,21098.09886,22059.6875,21092.01521,22001.220703125,21268.44106,21692.970703125,21286.69202,21836.091796875,21341.44487
2017-05-05 10:40:00,21976.48046875,21098.09886,21902.109375,21092.01521,21954.60546875,21268.44106,21917.962890625,21286.69202,21668.09765625,21341.44487,21760.12890625,21657.79468
2017-05-05 10:50:00,21890.53515625,21092.01521,21800.109375,21268.44106,21876.611328125,21286.69202,21853.380859375,21341.44487,21539.68359375,21657.79468,21670.169921875,21828.13688
2017-05-05 11:00:00,21796.212890625,21268.44106,21729.853515625,21286.69202,21787.2421875,21341.44487,21765.17578125,21657.79468,21529.947265625,21828.13688,21642.76171875,22174.90494
2017-05-05 11:10:00,21784.099609375,21286.69202,21709.130859375,21341.44487,21792.13671875,21657.79468,21775.916015625,21828.13688,21501.2421875,22174.90494,21648.158203125,23050.95057
2017-05-05 11:20:00,21704.5078125,21341.44487,21626.208984375,21657.79468,21722.642578125,21828.13688,21706.07421875,22174.90494,21482.01953125,23050.95057,21651.265625,22947.52852
2017-05-05 11:30:00,21588.205078125,21657.79468,21529.177734375,21828.13688,21660.845703125,22174.90494,21661.0625,23050.95057,21406.658203125,22947.52852,21597.69140625,23099.61977
2017-05-05 11:40:00,21557.263671875,21828.13688,21485.044921875,22174.90494,21602.47265625,23050.95057,21592.3046875,22947.52852,21439.21484375,23099.61977,21621.431640625,23324.71483
2017-05-05 11:50:00,21503.6796875,22174.90494,21446.0078125,23050.95057,21586.28125,22947.52852,21629.2109375,23099.61977,21458.2109375,23324.71483,21646.4609375,23324.71483
2017-05-05 12:00:00,21420.7890625,23050.95057,21398.78125,22947.52852,21550.46484375,23099.61977,21664.677734375,23324.71483,21470.16015625,23324.71483,21702.111328125,23409.88593
2017-05-05 12:10:00,21390.93359375,22947.52852,21352.92578125,23099.61977,21548.951171875,23324.71483,21685.619140625,23324.71483,21553.96484375,23409.88593,21778.685546875,22923.19392
2017-05-05 12:20:00,21352.5703125,23099.61977,21317.68359375,23324.71483,21528.61328125,23324.71483,21709.111328125,23409.88593,21575.466796875,22923.19392,21850.201171875,22673.76426
2017-05-05 12:30:00,21432.400390625,23324.71483,21436.966796875,23324.71483,21688.056640625,23409.88593,21878.833984375,22923.19392,21814.39453125,22673.76426,22093.83984375,23063.11787
2017-05-05 12:40:00,21577.359375,23324.71483,21599.033203125,23409.88593,21878.017578125,22923.19392,22131.408203125,22673.76426,22078.001953125,23063.11787,22406.498046875,23349.04943
2017-05-05 12:50:00,21763.005859375,23409.88593,21818.19921875,22923.19392,22150.41015625,22673.76426,22436.78125,23063.11787,22449.30078125,23349.04943,22790.86328125,23172.62357
2017-05-05 13:00:00,21980.380859375,22923.19392,22083.990234375,22673.76426,22428.623046875,23063.11787,22785.6171875,23349.04943,22813.572265625,23172.62357,23200.853515625,22771.10266
2017-05-05 13:10:00,22219.833984375,22673.76426,22351.990234375,23063.11787,22724.55078125,23349.04943,23092.701171875,23172.62357,23191.580078125,22771.10266,23588.591796875,22448.6692
2017-05-05 13:20:00,22554.9765625,23063.11787,22725.955078125,23349.04943,23105.80859375,23172.62357,23506.806640625,22771.10266,23614.365234375,22448.6692,24073.466796875,22886.69202
2017-05-05 13:30:00,22824.69140625,23349.04943,23041.443359375,23172.62357,23455.1484375,22771.10266,23885.3203125,22448.6692,24030.5703125,22886.69202,24501.869140625,23701.90114
2017-05-05 13:40:00,23254.224609375,23172.62357,23508.138671875,22771.10266,23911.55078125,22448.6692,24372.2890625,22886.69202,24538.4765625,23701.90114,25039.38671875,24358.93536
2017-05-05 13:50:00,23584.7421875,22771.10266,23854.736328125,22448.6692,24260.01171875,22886.69202,24716.419921875,23701.90114,24920.220703125,24358.93536,25423.830078125,25344.48669
2017-05-05 14:00:00,24014.87890625,22448.6692,24329.8671875,22886.69202,24690.763671875,23701.90114,25153.486328125,24358.93536,25377.748046875,25344.48669,25897.6171875,25648.6692
2017-05-05 14:10:00,24299.4140625,22886.69202,24615.5546875,23701.90114,24963.796875,24358.93536,25406.884765625,25344.48669,25663.220703125,25648.6692,26163.91796875,26171.86312
2017-05-05 14:20:00,24740.994140625,23701.90114,25103.326171875,24358.93536,25405.451171875,25344.48669,25846.59765625,25648.6692,26125.44921875,26171.86312,26603.021484375,27139.1635
2017-05-05 14:30:00,25188.310546875,24358.93536,25563.2578125,25344.48669,25814.8359375,25648.6692,26232.630859375,26171.86312,26547.3828125,27139.1635,26956.923828125,28057.79468
2017-05-05 14:40:00,25550.880859375,25344.48669,25940.431640625,25648.6692,26161.705078125,26171.86312,26571.259765625,27139.1635,26902.33984375,28057.79468,27278.734375,28228.13688
2017-05-05 14:50:00,25927.208984375,25648.6692,26319.607421875,26171.86312,26511.927734375,27139.1635,26898.056640625,28057.79468,27232.580078125,28228.13688,27542.681640625,28939.92395
2017-05-05 15:00:00,26388.3359375,26171.86312,26787.46484375,27139.1635,26938.259765625,28057.79468,27314.322265625,28228.13688,27662.529296875,28939.92395,27929.103515625,29225.85551
2017-05-05 15:10:00,26791.2578125,27139.1635,27171.66015625,28057.79468,27303.236328125,28228.13688,27648.265625,28939.92395,27987.15234375,29225.85551,28207.267578125,29408.36502
2017-05-05 15:20:00,27334.267578125,28057.79468,27712.2109375,28228.13688,27813.115234375,28939.92395,28159.52734375,29225.85551,28475.193359375,29408.36502,28647.291015625,29846.38783
2017-05-05 15:30:00,27773.763671875,28228.13688,28130.869140625,28939.92395,28198.8984375,29225.85551,28538.73828125,29408.36502,28841.21875,29846.38783,28978.89453125,30107.98479
2017-05-05 15:40:00,28312.63671875,28939.92395,28659.607421875,29225.85551,28724.59375,29408.36502,29057.009765625,29846.38783,29312.927734375,30107.98479,29417.66796875,30473.0038
2017-05-05 15:50:00,28792.962890625,29225.85551,29106.330078125,29408.36502,29149.447265625,29846.38783,29466.41015625,30107.98479,29681.099609375,30473.0038,29736.330078125,31422.05323
2017-05-05 16:00:00,29318.35546875,29408.36502,29598.763671875,29846.38783,29635.19140625,30107.98479,29926.794921875,30473.0038,30109.77734375,31422.05323,30148.701171875,31488.97338
2017-05-05 16:10:00,29769.990234375,29846.38783,30012.681640625,30107.98479,30049.69921875,30473.0038,30306.544921875,31422.05323,30439.677734375,31488.97338,30465.8828125,31531.55894
2017-05-05 16:20:00,30200.984375,30107.98479,30416.314453125,30473.0038,30427.580078125,31422.05323,30655.677734375,31488.97338,30765.01953125,31531.55894,30762.822265625,31574.14449
2017-05-05 16:30:00,30596.751953125,30473.0038,30774.369140625,31422.05323,30791.267578125,31488.97338,30981.302734375,31531.55894,31043.24609375,31574.14449,31045.712890625,32158.1749
2017-05-05 16:40:00,30933.84765625,31422.05323,31076.025390625,31488.97338,31090.12109375,31531.55894,31256.8046875,31574.14449,31274.89453125,32158.1749,31269.103515625,32577.94677
2017-05-05 16:50:00,31176.732421875,31488.97338,31276.28515625,31531.55894,31260.5234375,31574.14449,31404.615234375,32158.1749,31400.529296875,32577.94677,31389.822265625,32444.10646
2017-05-05 17:00:00,31497.619140625,31531.55894,31573.59765625,31574.14449,31560.1015625,32158.1749,31673.373046875,32577.94677,31636.44140625,32444.10646,31621.01171875,32480.60837
2017-05-05 17:10:00,31720.3125,31574.14449,31755.80859375,32158.1749,31719.755859375,32577.94677,31820.103515625,32444.10646,31754.08984375,32480.60837,31721.119140625,32371.10266
2017-05-05 17:20:00,31998.49609375,32158.1749,32020.216796875,32577.94677,31969.1328125,32444.10646,32040.458984375,32480.60837,31940.404296875,32371.10266,31902.28125,31525.47529
2017-05-05 17:30:00,32146.3046875,32577.94677,32132.40234375,32444.10646,32066.796875,32480.60837,32117.294921875,32371.10266,31996.05078125,31525.47529,31951.90234375,31239.54373
2017-05-05 17:40:00,32307.1015625,32444.10646,32268.47265625,32480.60837,32175.51953125,32371.10266,32205.259765625,31525.47529,32055.732421875,31239.54373,32003.009765625,31038.78327
2017-05-05 17:50:00,32468.017578125,32480.60837,32399.697265625,32371.10266,32305.06640625,31525.47529,32312.505859375,31239.54373,32135.578125,31038.78327,32091.8515625,30436.5019
2017-05-05 18:00:00,32619.375,32371.10266,32526.8984375,31525.47529,32415.12890625,31239.54373,32400.685546875,31038.78327,32194.8671875,30436.5019,32151.33203125,30272.24335
2017-05-05 18:10:00,32756.5703125,31525.47529,32643.568359375,31239.54373,32520.21875,31038.78327,32482.1484375,30436.5019,32263.00390625,30272.24335,32218.048828125,30235.74144
2017-05-05 18:20:00,32858.97265625,31239.54373,32727.712890625,31038.78327,32599.705078125,30436.5019,32528.2265625,30272.24335,32291.521484375,30235.74144,32248.775390625,30819.77186
2017-05-05 18:30:00,32861.1015625,31038.78327,32700.8515625,30436.5019,32558.119140625,30272.24335,32467.4140625,30235.74144,32212.3671875,30819.77186,32179.216796875,30844.10646
2017-05-05 18:40:00,32866.49609375,30436.5019,32683.8828125,30272.24335,32520.427734375,30235.74144,32397.408203125,30819.77186,32134.958984375,30844.10646,32109.845703125,30722.43346
2017-05-05 18:50:00,32785.2421875,30272.24335,32574.888671875,30235.74144,32411.11328125,30819.77186,32253.916015625,30844.10646,31988.029296875,30722.43346,31982.3984375,30801.52091
2017-05-05 19:00:00,32649.8984375,30235.74144,32415.255859375,30819.77186,32237.919921875,30844.10646,32033.447265625,30722.43346,31777.71484375,30801.52091,31789.6484375,30904.94297
2017-05-05 19:10:00,32444.861328125,30819.77186,32176.5390625,30844.10646,31992.798828125,30722.43346,31758.02734375,30801.52091,31507.8984375,30904.94297,31539.357421875,30533.8403
2017-05-05 19:20:00,32206.115234375,30844.10646,31912.671875,30722.43346,31726.958984375,30801.52091,31450.5,30904.94297,31208.765625,30533.8403,31268.328125,30211.40684
2017-05-05 19:30:00,31924.01953125,30722.43346,31607.337890625,30801.52091,31426.77734375,30904.94297,31135.603515625,30533.8403,30897.44921875,30211.40684,30988.123046875,30333.07985
2017-05-05 19:40:00,31662.27734375,30801.52091,31334.595703125,30904.94297,31165.466796875,30533.8403,30853.595703125,30211.40684,30631.5,30333.07985,30753.23828125,30381.74905
2017-05-05 19:50:00,31389.845703125,30904.94297,31051.0625,30533.8403,30901.9140625,30211.40684,30592.341796875,30333.07985,30384.302734375,30381.74905,30549.8984375,30619.01141
2017-05-05 20:00:00,31152.66796875,30533.8403,30818.70703125,30211.40684,30688.677734375,30333.07985,30380.6796875,30381.74905,30196.486328125,30619.01141,30387.369140625,30771.10266
2017-05-05 20:10:00,30898.634765625,30211.40684,30571.98046875,30333.07985,30471.794921875,30381.74905,30185.05078125,30619.01141,30022.443359375,30771.10266,30256.517578125,30892.77567
2017-05-05 20:20:00,30715.146484375,30333.07985,30409.576171875,30381.74905,30326.212890625,30619.01141,30070.0,30771.10266,29938.6328125,30892.77567,30189.40234375,30996.19772
2017-05-05 20:30:00,30489.994140625,30381.74905,30208.00390625,30619.01141,30144.669921875,30771.10266,29939.453125,30892.77567,29838.361328125,30996.19772,30121.970703125,31318.63118
2017-05-05 20:40:00,30319.486328125,30619.01141,30068.330078125,30771.10266,30035.5859375,30892.77567,29869.212890625,30996.19772,29809.12109375,31318.63118,30124.728515625,31008.36502
2017-05-05 20:50:00,30215.951171875,30771.10266,30000.421875,30892.77567,29989.52734375,30996.19772,29897.818359375,31318.63118,29876.787109375,31008.36502,30221.939453125,30947.52852
2017-05-05 21:00:00,30183.97265625,30892.77567,30008.609375,30996.19772,30028.931640625,31318.63118,29993.86328125,31008.36502,30025.4140625,30947.52852,30400.79296875,30904.94297
2017-05-05 21:10:00,30177.28515625,30996.19772,30042.26953125,31318.63118,30079.3984375,31008.36502,30138.134765625,30947.52852,30216.1953125,30904.94297,30595.1484375,30990.11407
2017-05-05 21:20:00,30219.603515625,31318.63118,30138.853515625,31008.36502,30201.427734375,30947.52852,30342.9609375,30904.94297,30461.810546875,30990.11407,30865.849609375,30673.76426
2017-05-05 21:30:00,30264.349609375,31008.36502,30221.744140625,30947.52852,30300.326171875,30904.94297,30530.3828125,30990.11407,30695.666015625,30673.76426,31115.2109375,30819.77186
2017-05-05 21:40:00,30637.697265625,30947.52852,30673.7421875,30904.94297,30818.35546875,30990.11407,31144.18359375,30673.76426,31414.193359375,30819.77186,31893.240234375,31269.96198
2017-05-05 21:50:00,31099.603515625,30904.94297,31210.08984375,30990.11407,31411.576171875,30673.76426,31835.30078125,30819.77186,32192.990234375,31269.96198,32687.673828125,30886.69202
2017-05-05 22:00:00,31517.064453125,30990.11407,31692.869140625,30673.76426,31960.119140625,30819.77186,32452.86328125,31269.96198,32868.0078125,30886.69202,33412.5859375,30758.93536
2017-05-05 22:10:00,32032.123046875,30673.76426,32256.326171875,30819.77186,32566.853515625,31269.96198,33162.64453125,30886.69202,33623.81640625,30758.93536,34196.08203125,31300.38023
2017-05-05 22:20:00,32461.072265625,30819.77186,32738.15625,31269.96198,33105.40625,30886.69202,33753.19921875,30758.93536,34278.53125,31300.38023,34900.54296875,32097.3384
2017-05-05 22:30:00,33351.9765625,31269.96198,33697.39453125,30886.69202,34104.1796875,30758.93536,34808.20703125,31300.38023,35409.67578125,32097.3384,36013.66796875,33666.92015
2017-05-05 22:40:00,34069.5703125,30886.69202,34433.07421875,30758.93536,34878.6875,31300.38023,35612.10546875,32097.3384,36249.828125,33666.92015,36827.546875,36416.73004
2017-05-05 22:50:00,34623.8671875,30758.93536,34984.546875,31300.38023,35453.69921875,32097.3384,36189.6796875,33666.92015,36811.1171875,36416.73004,37351.5078125,38935.36122
2017-05-05 23:00:00,35198.01171875,31300.38023,35568.88671875,32097.3384,36036.18359375,33666.92015,36794.2265625,36416.73004,37427.51953125,38935.36122,37968.49609375,39385.55133
2017-05-05 23:10:00,35621.34375,32097.3384,36004.66796875,33666.92015,36474.98828125,36416.73004,37209.83203125,38935.36122,37855.875,39385.55133,38354.23046875,39312.54753
2017-05-05 23:20:00,36406.76171875,33666.92015,36821.63671875,36416.73004,37281.5625,38935.36122,37980.9453125,39385.55133,38622.10546875,39312.54753,39069.03515625,38935.36122
2017-05-05 23:30:00,37134.203125,36416.73004,37541.3046875,38935.36122,37980.3125,39385.55133,38595.5546875,39312.54753,39215.07421875,38935.36122,39575.95703125,38868.44106
2017-05-05 23:40:00,37803.25,38935.36122,38222.53515625,39385.55133,38605.96875,39312.54753,39088.87890625,38935.36122,39603.4375,38868.44106,39902.8984375,39038.78327
2017-05-05 23:50:00,38432.49609375,39385.55133,38809.12109375,39312.54753,39091.08984375,38935.36122,39394.77734375,38868.44106,39814.1796875,39038.78327,39942.15234375,39148.28897
2017-05-06 00:00:00,38886.11328125,39312.54753,39253.97265625,38935.36122,39413.57421875,38868.44106,39554.28125,39038.78327,39883.33984375,39148.28897,39878.578125,39111.78707
2017-05-06 00:10:00,38960.66796875,38935.36122,39253.5703125,38868.44106,39319.30859375,39038.78327,39321.55078125,39148.28897,39586.5625,39111.78707,39424.55859375,39251.71103
2017-05-06 00:20:00,38944.34765625,38868.44106,39225.73828125,39038.78327,39229.2265625,39148.28897,39161.27734375,39111.78707,39360.0703125,39251.71103,39162.125,39391.63498
2017-05-06 00:30:00,38851.87109375,39038.78327,39102.07421875,39148.28897,39068.5859375,39111.78707,38928.7265625,39251.71103,39109.6796875,39391.63498,38816.92578125,38789.35361
2017-05-06 00:40:00,39055.84765625,39148.28897,39293.4140625,39111.78707,39237.08984375,39251.71103,39050.734375,39391.63498,39173.3671875,38789.35361,38846.4453125,38339.1635
2017-05-06 00:50:00,39077.23046875,39111.78707,39288.4921875,39251.71103,39211.15625,39391.63498,39003.703125,38789.35361,39089.7421875,38339.1635,38739.0546875,38053.23194
2017-05-06 01:00:00,39087.8359375,39251.71103,39250.04296875,39391.63498,39154.17578125,38789.35361,38929.8671875,38339.1635,38979.0,38053.23194,38593.9765625,37888.97338
2017-05-06 01:10:00,39104.0859375,39391.63498,39207.13671875,38789.35361,39088.18359375,38339.1635,38853.77734375,38053.23194,38871.1640625,37888.97338,38477.91015625,38107.98479
2017-05-06 01:20:00,39053.41796875,38789.35361,39114.1328125,38339.1635,38989.82421875,38053.23194,38725.5078125,37888.97338,38710.1796875,38107.98479,38328.0234375,37907.22433
2017-05-06 01:30:00,39045.515625,38339.1635,39049.6171875,38053.23194,38911.96875,37888.97338,38621.3828125,38107.98479,38555.7265625,37907.22433,38188.515625,38381.74905
2017-05-06 01:40:00,39052.3046875,38053.23194,39004.1171875,37888.97338,38856.78515625,38107.98479,38535.34765625,37907.22433,38446.22265625,38381.74905,38084.7734375,38381.74905
2017-05-06 01:50:00,38942.0859375,37888.97338,38832.234375,38107.98479,38672.91796875,37907.22433,38319.42578125,38381.74905,38191.78125,38381.74905,37830.875,38302.6616
2017-05-06 02:00:00,38903.83984375,38107.98479,38738.72265625,37907.22433,38545.29296875,38381.74905,38161.02734375,38381.74905,38048.40234375,38302.6616,37656.17578125,38260.07605
2017-05-06 02:10:00,38678.04296875,37907.22433,38452.015625,38381.74905,38240.03515625,38381.74905,37825.46484375,38302.6616,37664.78125,38260.07605,37272.109375,38065.39924
2017-05-06 02:20:00,38546.1640625,38381.74905,38265.85546875,38381.74905,38011.984375,38302.6616,37555.81640625,38260.07605,37393.109375,38065.39924,36997.7890625,38010.64639
2017-05-06 02:30:00,38192.97265625,38381.74905,37847.734375,38302.6616,37580.67578125,38260.07605,37093.27734375,38065.39924,36904.3515625,38010.64639,36473.45703125,37767.30038
2017-05-06 02:40:00,37982.4375,38302.6616,37580.55078125,38260.07605,37302.9296875,38065.39924,36763.4921875,38010.64639,36570.046875,37767.30038,36161.33203125,36842.58555
2017-05-06 02:50:00,37664.78515625,38260.07605,37211.28515625,38065.39924,36923.2421875,38010.64639,36369.0859375,37767.30038,36134.69921875,36842.58555,35692.6171875,36282.88973
2017-05-06 03:00:00,37447.7421875,38065.39924,36938.28515625,38010.64639,36634.890625,37767.30038,36036.42578125,36842.58555,35798.3515625,36282.88973,35363.1484375,35601.52091
2017-05-06 03:10:00,37138.328125,38010.64639,36571.99609375,37767.30038,36247.21484375,36842.58555,35653.859375,36282.88973,35384.3828125,35601.52091,34893.2890625,35352.09125
2017-05-06 03:20:00,36924.69140625,37767.30038,36319.52734375,36842.58555,35981.16796875,36282.88973,35366.82421875,35601.52091,35061.01171875,35352.09125,34568.10546875,35102.6616
2017-05-06 03:30:00,36631.0859375,36842.58555,35975.0859375,36282.88973,35630.37109375,35601.52091,35019.9375,35352.09125,34685.21875,35102.6616,34138.74609375,34761.97719
2017-05-06 03:40:00,36408.80078125,36282.88973,35752.140625,35601.52091,35361.078125,35352.09125,34734.68359375,35102.6616,34386.43359375,34761.97719,33846.19921875,34086.69202
2017-05-06 03:50:00,35905.9921875,35601.52091,35217.39453125,35352.09125,34802.15234375,35102.6616,34170.14453125,34761.97719,33769.64453125,34086.69202,33197.05078125,33575.6654
2017-05-06 04:00:00,35572.3828125,35352.09125,34879.91796875,35102.6616,34409.91015625,34761.97719,33779.2265625,34086.69202,33342.96875,33575.6654,32766.8671875,32924.71483
2017-05-06 04:10:00,35000.77734375,35102.6616,34273.59765625,34761.97719,33769.2578125,34086.69202,33154.30859375,33575.6654,32660.501953125,32924.71483,32043.15625,32042.58555
2017-05-06 04:20:00,34605.7734375,34761.97719,33880.9921875,34086.69202,33315.81640625,33575.6654,32707.69921875,32924.71483,32192.361328125,32042.58555,31568.43359375,31714.06844
2017-05-06 04:30:00,33926.0703125,34086.69202,33168.33984375,33575.6654,32582.38671875,32924.71483,31986.970703125,32042.58555,31432.181640625,31714.06844,30751.095703125,30886.69202
2017-05-06 04:40:00,33440.2421875,33575.6654,32685.234375,32924.71483,32063.537109375,32042.58555,31468.552734375,31714.06844,30908.978515625,30886.69202,30208.294921875,30053.23194
2017-05-06 04:50:00,32667.978515625,32924.71483,31879.1640625,32042.58555,31248.37890625,31714.06844,30666.619140625,30886.69202,30109.423828125,30053.23194,29361.69140625,29292.77567
2017-05-06 05:00:00,32132.486328125,32042.58555,31337.876953125,31714.06844,30695.001953125,30886.69202,30111.171875,30053.23194,29569.296875,29292.77567,28807.025390625,28824.3346
2017-05-06 05:10:00,31404.6875,31714.06844,30575.818359375,30886.69202,29951.08984375,30053.23194,29393.205078125,29292.77567,28863.548828125,28824.3346,28107.607421875,28185.55133
2017-05-06 05:20:00,30808.435546875,30886.69202,29964.84765625,30053.23194,29346.31640625,29292.77567,28792.724609375,28824.3346,28305.38671875,28185.55133,27547.7265625,27619.77186
2017-05-06 05:30:00,30050.037109375,30053.23194,29190.650390625,29292.77567,28603.59375,28824.3346,28083.087890625,28185.55133,27628.65234375,27619.77186,26892.81640625,27035.74144
2017-05-06 05:40:00,29470.923828125,29292.77567,28622.6328125,28824.3346,28060.953125,28185.55133,27565.9375,27619.77186,27138.09765625,27035.74144,26432.890625,26500.38023
2017-05-06 05:50:00,28821.30859375,28824.3346,27972.1015625,28185.55133,27461.279296875,27619.77186,27005.591796875,27035.74144,26571.203125,26500.38023,25907.623046875,25885.93156
2017-05-06 06:00:00,28348.7734375,28185.55133,27490.8671875,27619.77186,27034.65234375,27035.74144,26605.630859375,26500.38023,26164.025390625,25885.93156,25547.44921875,25551.3308
2017-05-06 06:10:00,27772.5,27619.77186,26930.3984375,27035.74144,26526.322265625,26500.38023,26134.23828125,25885.93156,25675.83984375,25551.3308,25121.626953125,24991.63498
2017-05-06 06:20:00,27161.83203125,27035.74144,26362.310546875,26500.38023,25987.052734375,25885.93156,25604.98828125,25551.3308,25186.732421875,24991.63498,24635.017578125,24474.52471
2017-05-06 06:30:00,26520.685546875,26500.38023,25758.05078125,25885.93156,25439.009765625,25551.3308,25068.703125,24991.63498,24669.52734375,24474.52471,24165.5078125,24231.17871
2017-05-06 06:40:00,26061.443359375,25885.93156,25347.095703125,25551.3308,25057.775390625,24991.63498,24682.109375,24474.52471,24310.923828125,24231.17871,23822.25,23726.23574
2017-05-06 06:50:00,25556.01953125,25551.3308,24900.373046875,24991.63498,24633.142578125,24474.52471,24297.521484375,24231.17871,23941.275390625,23726.23574,23507.513671875,23105.70342
2017-05-06 07:00:00,25175.640625,24991.63498,24597.806640625,24474.52471,24344.66015625,24231.17871,24021.01953125,23726.23574,23685.166015625,23105.70342,23300.755859375,22874.52471
2017-05-06 07:10:00,24780.470703125,24474.52471,24269.19140625,24231.17871,24018.939453125,23726.23574,23732.240234375,23105.70342,23408.037109375,22874.52471,23070.05859375,22600.76046
2017-05-06 07:20:00,24470.255859375,24231.17871,24032.623046875,23726.23574,23778.546875,23105.70342,23530.73046875,22874.52471,23225.2734375,22600.76046,22926.58203125,22387.8327
2017-05-06 07:30:00,24160.810546875,23726.23574,23785.2890625,23105.70342,23530.69921875,22874.52471,23320.4609375,22600.76046,23017.935546875,22387.8327,22785.87109375,22333.07985
2017-05-06 07:40:00,23903.029296875,23105.70342,23595.91796875,22874.52471,23342.048828125,22600.76046,23164.181640625,22387.8327,22864.408203125,22333.07985,22676.853515625,22065.39924
2017-05-06 07:50:00,23654.615234375,22874.52471,23402.990234375,22600.76046,23157.259765625,22387.8327,23005.44140625,22333.07985,22696.37109375,22065.39924,22573.111328125,21864.63878
2017-05-06 08:00:00,23454.75,22600.76046,23252.96484375,22387.8327,23007.9765625,22333.07985,22893.09765625,22065.39924,22577.314453125,21864.63878,22494.28515625,21913.30798
2017-05-06 08:10:00,23258.439453125,22387.8327,23093.904296875,22333.07985,22868.029296875,22065.39924,22770.099609375,21864.63878,22476.521484375,21913.30798,22420.09765625,21657.79468
2017-05-06 08:20:00,23110.361328125,22333.07985,22980.529296875,22065.39924,22770.234375,21864.63878,22682.583984375,21913.30798,22382.85546875,21657.79468,22380.2890625,21329.27757
2017-05-06 08:30:00,22973.1328125,22065.39924,22884.3046875,21864.63878,22677.158203125,21913.30798,22616.84375,21657.79468,22318.6328125,21329.27757,22347.49609375,21207.60456
2017-05-06 08:40:00,22867.568359375,21864.63878,22809.44140625,21913.30798,22605.97265625,21657.79468,22566.064453125,21329.27757,22256.78515625,21207.60456,22311.783203125,21152.85171
2017-05-06 08:50:00,22750.115234375,21913.30798,22708.142578125,21657.79468,22513.82421875,21329.27757,22492.810546875,21207.60456,22173.494140625,21152.85171,22268.396484375,21031.17871
2017-05-06 09:00:00,22666.73046875,21657.79468,22646.0078125,21329.27757,22459.693359375,21207.60456,22451.947265625,21152.85171,22129.7109375,21031.17871,22248.806640625,21025.09506
2017-05-06 09:10:00,22561.724609375,21329.27757,22556.375,21207.60456,22393.728515625,21152.85171,22387.412109375,21031.17871,22048.7890625,21025.09506,22189.263671875,21000.76046
2017-05-06 09:20:00,22489.296875,21207.60456,22490.30078125,21152.85171,22354.408203125,21031.17871,22339.26171875,21025.09506,22001.646484375,21000.76046,22144.771484375,20976.42586
2017-05-06 09:30:00,22397.685546875,21152.85171,22391.306640625,21031.17871,22277.259765625,21025.09506,22260.943359375,21000.76046,21904.869140625,20976.42586,22072.15234375,20873.0038
2017-05-06 09:40:00,22334.3984375,21031.17871,22325.26953125,21025.09506,22229.8203125,21000.76046,22207.74609375,20976.42586,21849.70703125,20873.0038,22028.55078125,20903.42205
2017-05-06 09:50:00,22272.083984375,21025.09506,22254.595703125,21000.76046,22180.388671875,20976.42586,22160.091796875,20873.0038,21787.46484375,20903.42205,21973.169921875,20854.75285
2017-05-06 10:00:00,22210.33984375,21000.76046,22194.111328125,20976.42586,22140.90234375,20873.0038,22102.765625,20903.42205,21733.64453125,20854.75285,21918.970703125,20842.58555
2017-05-06 10:10:00,22152.1875,20976.42586,22117.513671875,20873.0038,22086.59375,20903.42205,22041.94140625,20854.75285,21672.3671875,20842.58555,21867.6328125,20903.42205
2017-05-06 10:20:00,22082.369140625,20873.0038,22047.126953125,20903.42205,22027.94140625,20854.75285,21977.359375,20842.58555,21612.857421875,20903.42205,21811.07421875,20994.67681
2017-05-06 10:30:00,22027.455078125,20903.42205,21966.361328125,20854.75285,21969.46484375,20842.58555,21906.84375,20903.42205,21561.603515625,20994.67681,21747.447265625,21146.76806
2017-05-06 10:40:00,21961.484375,20854.75285,21888.91015625,20842.58555,21908.93359375,20903.42205,21851.3359375,20994.67681,21510.0703125,21146.76806,21704.150390625,21231.93916
2017-05-06 10:50:00,21891.2890625,20842.58555,21836.806640625,20903.42205,21860.34375,20994.67681,21803.697265625,21146.76806,21468.15625,21231.93916,21664.50390625,21627.37643
2017-05-06 11:00:00,21790.068359375,20903.42205,21731.640625,20994.67681,21774.46875,21146.76806,21718.599609375,21231.93916,21409.34765625,21627.37643,21605.46875,21767.30038
2017-05-06 11:10:00,21724.212890625,20994.67681,21672.931640625,21146.76806,21716.9375,21231.93916,21647.205078125,21627.37643,21356.908203125,21767.30038,21582.96875,22308.74525
2017-05-06 11:20:00,21649.787109375,21146.76806,21610.52734375,21231.93916,21658.552734375,21627.37643,21594.08984375,21767.30038,21320.3203125,22308.74525,21554.80859375,22229.65779
2017-05-06 11:30:00,21598.798828125,21231.93916,21553.146484375,21627.37643,21618.38671875,21767.30038,21563.203125,22308.74525,21311.77734375,22229.65779,21536.966796875,22278.327
2017-05-06 11:40:00,21511.919921875,21627.37643,21461.46484375,21767.30038,21531.712890625,22308.74525,21517.54296875,22229.65779,21281.9609375,22278.327,21523.0859375,22308.74525
2017-05-06 11:50:00,21435.654296875,21767.30038,21387.873046875,22308.74525,21467.31640625,22229.65779,21464.23046875,22278.327,21250.103515625,22308.74525,21503.75,22546.0076
2017-05-06 12:00:00,21393.634765625,22308.74525,21336.34375,22229.65779,21439.45703125,22278.327,21451.546875,22308.74525,21253.5390625,22546.0076,21527.59765625,22156.65399
2017-05-06 12:10:00,21342.48046875,22229.65779,21279.24609375,22278.327,21402.517578125,22308.74525,21451.626953125,22546.0076,21287.15234375,22156.65399,21563.46484375,21335.36122
2017-05-06 12:20:00,21314.896484375,22278.327,21249.419921875,22308.74525,21390.87109375,22546.0076,21465.03125,22156.65399,21321.251953125,21335.36122,21631.201171875,20939.92395
2017-05-06 12:30:00,21301.083984375,22308.74525,21251.86328125,22546.0076,21406.615234375,22156.65399,21511.05859375,21335.36122,21406.97265625,20939.92395,21723.328125,21365.77947
2017-05-06 12:40:00,21377.052734375,22546.0076,21326.681640625,22156.65399,21502.046875,21335.36122,21641.734375,20939.92395,21553.404296875,21365.77947,21917.7578125,20958.1749
2017-05-06 12:50:00,21436.3828125,22156.65399,21401.79296875,21335.36122,21611.91796875,20939.92395,21819.533203125,21365.77947,21746.05859375,20958.1749,22132.427734375,21177.18631
2017-05-06 13:00:00,21601.716796875,21335.36122,21609.45703125,20939.92395,21832.037109375,21365.77947,22077.994140625,20958.1749,22035.6953125,21177.18631,22464.669921875,21189.35361
2017-05-06 13:10:00,21777.416015625,20939.92395,21805.42578125,21365.77947,22066.5234375,20958.1749,22359.81640625,21177.18631,22365.3515625,21189.35361,22822.310546875,21061.59696
2017-05-06 13:20:00,22020.212890625,21365.77947,22103.474609375,20958.1749,22369.17578125,21177.18631,22684.654296875,21189.35361,22732.12890625,21061.59696,23240.3359375,21706.46388
2017-05-06 13:30:00,22275.44140625,20958.1749,22377.24609375,21177.18631,22676.53125,21189.35361,23008.6875,21061.59696,23079.958984375,21706.46388,23601.806640625,22296.57795
2017-05-06 13:40:00,22639.2890625,21177.18631,22793.779296875,21189.35361,23099.89453125,21061.59696,23463.947265625,21706.46388,23589.201171875,22296.57795,24117.0859375,22783.26996
2017-05-06 13:50:00,22926.546875,21189.35361,23113.572265625,21061.59696,23432.93359375,21706.46388,23803.783203125,22296.57795,23974.22265625,22783.26996,24493.5,23221.29278
2017-05-06 14:00:00,23137.15625,21061.59696,23358.572265625,21706.46388,23677.669921875,22296.57795,24052.748046875,22783.26996,24273.220703125,23221.29278,24779.5703125,23756.65399
2017-05-06 14:10:00,23457.1796875,21706.46388,23699.4375,22296.57795,23999.947265625,22783.26996,24384.623046875,23221.29278,24620.345703125,23756.65399,25132.544921875,24012.1673
2017-05-06 14:20:00,23803.205078125,22296.57795,24059.0625,22783.26996,24330.416015625,23221.29278,24701.603515625,23756.65399,24980.9609375,24012.1673,25468.619140625,24693.53612
2017-05-06 14:30:00,24234.6875,22783.26996,24523.259765625,23221.29278,24778.662109375,23756.65399,25167.5234375,24012.1673,25468.525390625,24693.53612,25910.2890625,25411.40684
2017-05-06 14:40:00,24670.578125,23221.29278,24971.59375,23756.65399,25198.37890625,24012.1673,25564.3671875,24693.53612,25905.166015625,25411.40684,26285.70703125,26713.30798
2017-05-06 14:50:00,25211.595703125,23756.65399,25536.439453125,24012.1673,25754.08203125,24693.53612,26111.30859375,25411.40684,26462.2890625,26713.30798,26800.509765625,27187.8327
2017-05-06 15:00:00,25726.189453125,24012.1673,26051.103515625,24693.53612,26266.55078125,25411.40684,26598.048828125,26713.30798,26962.556640625,27187.8327,27244.78125,27358.1749
2017-05-06 15:10:00,26157.05078125,24693.53612,26501.85546875,25411.40684,26691.02734375,26713.30798,27018.923828125,27187.8327,27366.001953125,27358.1749,27599.404296875,27741.44487
2017-05-06 15:20:00,26698.544921875,25411.40684,27037.2109375,26713.30798,27201.04296875,27187.8327,27523.412109375,27358.1749,27889.9921875,27741.44487,28081.705078125,28483.65019
2017-05-06 15:30:00,27207.330078125,26713.30798,27555.63671875,27187.8327,27708.1171875,27358.1749,28020.52734375,27741.44487,28346.33984375,28483.65019,28505.037109375,28921.673
2017-05-06 15:40:00,27782.75,27187.8327,28127.14453125,27358.1749,28255.169921875,27741.44487,28556.130859375,28483.65019,28828.896484375,28921.673,28954.849609375,29244.10646
2017-05-06 15:50:00,28353.42578125,27358.1749,28689.146484375,27741.44487,28782.314453125,28483.65019,29069.779296875,28921.673,29313.40234375,29244.10646,29382.083984375,29767.30038
2017-05-06 16:00:00,28867.349609375,27741.44487,29175.4921875,28483.65019,29243.623046875,28921.673,29504.755859375,29244.10646,29684.173828125,29767.30038,29728.626953125,30004.56274
2017-05-06 16:10:00,29394.568359375,28483.65019,29667.73046875,28921.673,29753.080078125,29244.10646,29990.3359375,29767.30038,30133.052734375,30004.56274,30150.423828125,30400.0
2017-05-06 16:20:00,29844.150390625,28921.673,30068.75390625,29244.10646,30112.146484375,29767.30038,30312.625,30004.56274,30402.5546875,30400.0,30394.615234375,30454.75285
2017-05-06 16:30:00,30210.05859375,29244.10646,30412.1875,29767.30038,30455.357421875,30004.56274,30645.71484375,30400.0,30684.09375,30454.75285,30666.798828125,30612.92776
2017-05-06 16:40:00,30505.97265625,29767.30038,30656.236328125,30004.56274,30689.935546875,30400.0,30854.07421875,30454.75285,30855.02734375,30612.92776,30826.244140625,30898.85932
2017-05-06 16:50:00,30768.72265625,30004.56274,30887.9140625,30400.0,30909.908203125,30454.75285,31049.544921875,30612.92776,31022.341796875,30898.85932,30983.224609375,30655.51331
2017-05-06 17:00:00,31008.4296875,30400.0,31079.451171875,30454.75285,31096.232421875,30612.92776,31204.80859375,30898.85932,31142.72265625,30655.51331,31097.23828125,30892.77567
2017-05-06 17:10:00,31201.62890625,30454.75285,31253.505859375,30612.92776,31253.951171875,30898.85932,31351.603515625,30655.51331,31264.4921875,30892.77567,31195.61328125,30594.67681
2017-05-06 17:20:00,31452.283203125,30612.92776,31459.548828125,30898.85932,31465.58984375,30655.51331,31530.927734375,30892.77567,31408.25390625,30594.67681,31343.171875,30479.08745
2017-05-06 17:30:00,31662.857421875,30898.85932,31665.125,30655.51331,31660.33984375,30892.77567,31714.044921875,30594.67681,31566.27734375,30479.08745,31495.431640625,30466.92015
2017-05-06 17:40:00,31825.052734375,30655.51331,31804.697265625,30892.77567,31788.140625,30594.67681,31809.828125,30479.08745,31640.8359375,30466.92015,31567.65234375,30466.92015
2017-05-06 17:50:00,31951.783203125,30892.77567,31905.19921875,30594.67681,31889.220703125,30479.08745,31898.6796875,30466.92015,31690.900390625,30466.92015,31617.458984375,30466.92015
2017-05-06 18:00:00,32075.08203125,30594.67681,32006.142578125,30479.08745,31983.7109375,30466.92015,31964.333984375,30466.92015,31721.25,30466.92015,31662.111328125,30649.42966
2017-05-06 18:10:00,32122.43359375,30479.08745,32036.64453125,30466.92015,31995.576171875,30466.92015,31954.9765625,30466.92015,31703.02734375,30649.42966,31634.65625,30856.27376
2017-05-06 18:20:00,32183.841796875,30466.92015,32073.375,30466.92015,32024.71484375,30466.92015,31947.6015625,30649.42966,31678.962890625,30856.27376,31622.025390625,30892.77567
2017-05-06 18:30:00,32130.580078125,30466.92015,32004.5859375,30466.92015,31929.33984375,30649.42966,31830.505859375,30856.27376,31552.2734375,30892.77567,31494.33203125,31020.53232
2017-05-06 18:40:00,32115.529296875,30466.92015,31972.873046875,30649.42966,31880.869140625,30856.27376,31741.83984375,30892.77567,31460.357421875,31020.53232,31412.380859375,31087.45247
2017-05-06 18:50:00,32047.4140625,30649.42966,31886.921875,30856.27376,31776.572265625,30892.77567,31604.8515625,31020.53232,31326.8125,31087.45247,31285.177734375,31020.53232
2017-05-06 19:00:00,31954.888671875,30856.27376,31768.978515625,30892.77567,31656.806640625,31020.53232,31451.546875,31087.45247,31169.18359375,31020.53232,31140.22265625,30911.02662
2017-05-06 19:10:00,31818.693359375,30892.77567,31609.3515625,31020.53232,31488.427734375,31087.45247,31253.169921875,31020.53232,30972.529296875,30911.02662,30961.064453125,30758.93536
2017-05-06 19:20:00,31725.068359375,31020.53232,31485.533203125,31087.45247,31367.59765625,31020.53232,31107.998046875,30911.02662,30823.046875,30758.93536,30828.9921875,30898.85932
2017-05-06 19:30:00,31555.3203125,31087.45247,31292.544921875,31020.53232,31177.5,30911.02662,30893.240234375,30758.93536,30613.396484375,30898.85932,30641.869140625,30898.85932
2017-05-06 19:40:00,31405.119140625,31020.53232,31119.58984375,30911.02662,31002.779296875,30758.93536,30703.11328125,30898.85932,30433.595703125,30898.85932,30472.673828125,31014.44867
2017-05-06 19:50:00,31239.29296875,30911.02662,30940.892578125,30758.93536,30829.634765625,30898.85932,30520.431640625,30898.85932,30260.78515625,31014.44867,30319.513671875,30856.27376
2017-05-06 20:00:00,31068.662109375,30758.93536,30759.076171875,30898.85932,30656.7890625,30898.85932,30338.90234375,31014.44867,30091.240234375,30856.27376,30168.26171875,30929.27757
2017-05-06 20:10:00,30883.19140625,30898.85932,30571.8046875,30898.85932,30475.958984375,31014.44867,30155.9375,30856.27376,29933.724609375,30929.27757,30024.0703125,30777.18631
2017-05-06 20:20:00,30739.34375,30898.85932,30418.529296875,31014.44867,30334.775390625,30856.27376,30015.619140625,30929.27757,29806.646484375,30777.18631,29921.30078125,29968.06084
2017-05-06 20:30:00,30556.54296875,31014.44867,30232.62890625,30856.27376,30159.603515625,30929.27757,29849.7109375,30777.18631,29667.125,29968.06084,29798.666015625,29907.22433
2017-05-06 20:40:00,30426.080078125,30856.27376,30095.45703125,30929.27757,30036.640625,30777.18631,29735.88671875,29968.06084,29576.80859375,29907.22433,29736.51953125,30114.06844
2017-05-06 20:50:00,30264.083984375,30929.27757,29939.49609375,30777.18631,29888.5234375,29968.06084,29615.689453125,29907.22433,29485.251953125,30114.06844,29655.544921875,29974.14449
2017-05-06 21:00:00,30144.384765625,30777.18631,29830.33203125,29968.06084,29791.166015625,29907.22433,29546.146484375,30114.06844,29435.453125,29974.14449,29627.408203125,29822.05323
2017-05-06 21:10:00,29976.01171875,29968.06084,29680.626953125,29907.22433,29650.267578125,30114.06844,29441.42578125,29974.14449,29350.861328125,29822.05323,29569.544921875,29943.72624
2017-05-06 21:20:00,29873.71484375,29907.22433,29600.25390625,30114.06844,29581.125,29974.14449,29414.1796875,29822.05323,29347.861328125,29943.72624,29581.12890625,29779.46768
2017-05-06 21:30:00,29703.984375,30114.06844,29458.982421875,29974.14449,29453.2734375,29822.05323,29327.623046875,29943.72624,29298.36328125,29779.46768,29563.083984375,29767.30038
2017-05-06 21:40:00,29561.12890625,29974.14449,29352.931640625,29822.05323,29366.92578125,29943.72624,29303.853515625,29779.46768,29318.02734375,29767.30038,29614.44140625,29712.54753
2017-05-06 21:50:00,29491.291015625,29822.05323,29327.0390625,29943.72624,29362.181640625,29779.46768,29365.28515625,29767.30038,29417.2578125,29712.54753,29749.69921875,30065.39924
2017-05-06 22:00:00,29417.65234375,29943.72624,29302.634765625,29779.46768,29371.298828125,29767.30038,29455.623046875,29712.54753,29569.69140625,30065.39924,29939.15234375,30302.6616
2017-05-06 22:10:00,29421.392578125,29779.46768,29382.099609375,29767.30038,29497.716796875,29712.54753,29671.99609375,30065.39924,29861.546875,30302.6616,30272.44921875,30582.50951
2017-05-06 22:20:00,29569.658203125,29767.30038,29610.205078125,29712.54753,29785.669921875,30065.39924,30069.908203125,30302.6616,30364.802734375,30582.50951,30811.517578125,31117.87072
2017-05-06 22:30:00,29850.12890625,29712.54753,30014.326171875,30065.39924,30278.0390625,30302.6616,30681.05078125,30582.50951,31085.705078125,31117.87072,31584.263671875,32912.54753
2017-05-06 22:40:00,30280.36328125,30065.39924,30538.37109375,30302.6616,30882.11328125,30582.50951,31418.271484375,31117.87072,31941.10546875,32912.54753,32481.875,35412.92776
2017-05-06 22:50:00,30735.953125,30302.6616,31107.693359375,30582.50951,31534.34765625,31117.87072,32166.177734375,32912.54753,32789.59765625,35412.92776,33381.55078125,37615.20913
2017-05-06 23:00:00,31468.833984375,30582.50951,31975.560546875,31117.87072,32493.927734375,32912.54753,33245.98046875,35412.92776,33977.8046875,37615.20913,34628.71875,38661.59696
2017-05-06 23:10:00,32369.84765625,31117.87072,33009.8984375,32912.54753,33601.55078125,35412.92776,34460.5859375,37615.20913,35282.5703125,38661.59696,35953.296875,39111.78707
2017-05-06 23:20:00,33380.27734375,32912.54753,34120.3125,35412.92776,34768.46484375,37615.20913,35680.8671875,38661.59696,36525.828125,39111.78707,37202.04296875,38898.85932
2017-05-06 23:30:00,34641.82421875,35412.92776,35465.73046875,37615.20913,36120.2421875,38661.59696,37041.96875,39111.78707,37864.765625,38898.85932,38457.4765625,38789.35361
2017-05-06 23:40:00,35901.2265625,37615.20913,36747.30078125,38661.59696,37382.515625,39111.78707,38206.59375,38898.85932,38932.18359375,38789.35361,39393.75,38552.09125
2017-05-06 23:50:00,37084.16015625,38661.59696,37882.15625,39111.78707,38436.609375,38898.85932,39048.75390625,38789.35361,39596.515625,38552.09125,39866.328125,38588.59316
2017-05-07 00:00:00,37820.84765625,39111.78707,38516.50390625,38898.85932,38922.22265625,38789.35361,39283.2890625,38552.09125,39646.703125,38588.59316,39744.03125,38333.07985
2017-05-07 00:10:00,38185.37109375,38898.85932,38771.96875,38789.35361,39047.16796875,38552.09125,39206.39453125,38588.59316,39443.29296875,38333.07985,39412.94140625,38333.07985
2017-05-07 00:20:00,38347.27734375,38789.35361,38840.37109375,38552.09125,39000.17578125,38588.59316,39027.9453125,38333.07985,39167.43359375,38333.07985,39044.44140625,38205.32319
2017-05-07 00:30:00,38468.7578125,38552.09125,38888.84765625,38588.59316,38981.32421875,38333.07985,38911.8359375,38333.07985,38996.4921875,38205.32319,38793.328125,38454.75285
2017-05-07 00:40:00,38468.84375,38588.59316,38818.640625,38333.07985,38873.87890625,38333.07985,38750.06640625,38205.32319,38785.61328125,38454.75285,38529.16796875,38424.3346
2017-05-07 00:50:00,38521.0078125,38333.07985,38803.11328125,38333.07985,38839.84765625,38205.32319,38691.5078125,38454.75285,38685.83984375,38424.3346,38395.01953125,38369.58175
2017-05-07 01:00:00,38568.91015625,38333.07985,38797.4296875,38205.32319,38815.875,38454.75285,38643.0703125,38424.3346,38609.4140625,38369.58175,38288.9609375,38278.327
2017-05-07 01:10:00,38614.6875,38205.32319,38781.43359375,38454.75285,38774.16796875,38424.3346,38595.734375,38369.58175,38531.21484375,38278.327,38194.80859375,38211.40684
2017-05-07 01:20:00,38625.11328125,38454.75285,38729.515625,38424.3346,38689.53515625,38369.58175,38492.4375,38278.327,38412.81640625,38211.40684,38039.296875,38016.73004
2017-05-07 01:30:00,38609.5390625,38424.3346,38658.87890625,38369.58175,38599.8984375,38278.327,38366.4921875,38211.40684,38279.71484375,38016.73004,37900.0546875,38126.23574
2017-05-07 01:40:00,38624.640625,38369.58175,38622.875,38278.327,38535.2578125,38211.40684,38277.9140625,38016.73004,38162.0859375,38126.23574,37786.51953125,37791.63498
2017-05-07 01:50:00,38576.328125,38278.327,38519.33203125,38211.40684,38400.390625,38016.73004,38101.30078125,38126.23574,37987.828125,37791.63498,37586.71484375,37414.44867
2017-05-07 02:00:00,38509.55078125,38211.40684,38400.70703125,38016.73004,38265.58984375,38126.23574,37938.87109375,37791.63498,37792.4609375,37414.44867,37399.375,37213.68821
2017-05-07 02:10:00,38414.1640625,38016.73004,38256.86328125,38126.23574,38088.24609375,37791.63498,37717.9140625,37414.44867,37570.5234375,37213.68821,37180.5625,36873.0038
2017-05-07 02:20:00,38280.19140625,38126.23574,38065.00390625,37791.63498,37877.48828125,37414.44867,37474.41796875,37213.68821,37299.09765625,36873.0038,36921.13671875,36714.8289
2017-05-07 02:30:00,38131.7421875,37791.63498,37858.56640625,37414.44867,37645.17578125,37213.68821,37201.8046875,36873.0038,37018.83984375,36714.8289,36653.6171875,36489.73384
2017-05-07 02:40:00,37962.83984375,37414.44867,37627.640625,37213.68821,37395.00390625,36873.0038,36927.421875,36714.8289,36736.87109375,36489.73384,36342.23046875,36307.22433
2017-05-07 02:50:00,37763.703125,37213.68821,37368.76171875,36873.0038,37115.1328125,36714.8289,36610.62890625,36489.73384,36410.91796875,36307.22433,36013.859375,36112.54753
2017-05-07 03:00:00,37529.3828125,36873.0038,37073.60546875,36714.8289,36805.5390625,36489.73384,36273.55859375,36307.22433,36053.08984375,36112.54753,35622.8671875,35516.34981
2017-05-07 03:10:00,37309.0078125,36714.8289,36801.44140625,36489.73384,36508.8515625,36307.22433,35949.7109375,36112.54753,35714.85546875,35516.34981,35263.6484375,35139.1635
2017-05-07 03:20:00,37011.703125,36489.73384,36446.4140625,36307.22433,36169.19140625,36112.54753,35586.1015625,35516.34981,35318.8515625,35139.1635,34830.890625,34883.65019
2017-05-07 03:30:00,36705.34375,36307.22433,36100.80078125,36112.54753,35791.3671875,35516.34981,35186.96875,35139.1635,34888.47265625,34883.65019,34397.91796875,34488.21293
2017-05-07 03:40:00,36383.48828125,36112.54753,35735.9375,35516.34981,35405.32421875,35139.1635,34777.95703125,34883.65019,34455.66796875,34488.21293,33901.15234375,34019.77186
2017-05-07 03:50:00,35995.0546875,35516.34981,35320.1328125,35139.1635,34944.16796875,34883.65019,34300.3203125,34488.21293,33938.71875,34019.77186,33372.4609375,33393.15589
2017-05-07 04:00:00,35576.53125,35139.1635,34860.46484375,34883.65019,34456.91796875,34488.21293,33808.5546875,34019.77186,33404.61328125,33393.15589,32777.50390625,32967.30038
2017-05-07 04:10:00,35126.73828125,34883.65019,34394.33984375,34488.21293,33913.78125,34019.77186,33278.33984375,33393.15589,32815.02734375,32967.30038,32171.078125,32444.10646
2017-05-07 04:20:00,34589.77734375,34488.21293,33828.98046875,34019.77186,33311.171875,33393.15589,32682.6171875,32967.30038,32181.171875,32444.10646,31498.2421875,31361.21673
2017-05-07 04:30:00,34013.8046875,34019.77186,33235.98828125,33393.15589,32663.703125,32967.30038,32052.814453125,32444.10646,31521.1484375,31361.21673,30822.921875,30740.68441
2017-05-07 04:40:00,33480.4453125,33393.15589,32685.228515625,32967.30038,32096.1484375,32444.10646,31483.962890625,31361.21673,30933.736328125,30740.68441,30212.82421875,30095.81749
2017-05-07 04:50:00,32921.32421875,32967.30038,32100.572265625,32444.10646,31463.8671875,31361.21673,30869.875,30740.68441,30306.73046875,30095.81749,29570.736328125,29098.09886
2017-05-07 05:00:00,32443.03515625,32444.10646,31596.751953125,31361.21673,30963.896484375,30740.68441,30362.833984375,30095.81749,29810.23046875,29098.09886,29058.58984375,28550.57034
2017-05-07 05:10:00,31912.40625,31361.21673,31029.830078125,30740.68441,30380.138671875,30095.81749,29796.212890625,29098.09886,29231.873046875,28550.57034,28504.53125,28027.37643
2017-05-07 05:20:00,31365.0625,30740.68441,30475.927734375,30095.81749,29849.884765625,29098.09886,29248.43359375,28550.57034,28690.94140625,28027.37643,27974.83203125,27394.67681
2017-05-07 05:30:00,30671.904296875,30095.81749,29772.736328125,29098.09886,29155.345703125,28550.57034,28556.15234375,28027.37643,28029.478515625,27394.67681,27325.818359375,26476.04563
2017-05-07 05:40:00,30014.35546875,29098.09886,29112.90234375,28550.57034,28544.66015625,28027.37643,27972.8125,27394.67681,27463.2734375,26476.04563,26777.353515625,25855.51331
2017-05-07 05:50:00,29258.0,28550.57034,28371.638671875,28027.37643,27802.5859375,27394.67681,27298.056640625,26476.04563,26816.140625,25855.51331,26145.04296875,25277.56654
2017-05-07 06:00:00,28768.970703125,28027.37643,27869.345703125,27394.67681,27375.123046875,26476.04563,26864.251953125,25855.51331,26378.09375,25277.56654,25772.42578125,24809.12548
2017-05-07 06:10:00,28180.802734375,27394.67681,27318.193359375,26476.04563,26853.603515625,25855.51331,26381.7890625,25277.56654,25865.6484375,24809.12548,25358.548828125,24316.34981
2017-05-07 06:20:00,27379.982421875,26476.04563,26568.208984375,25855.51331,26147.0546875,25277.56654,25717.611328125,24809.12548,25253.302734375,24316.34981,24726.0859375,23823.57414
2017-05-07 06:30:00,26680.744140625,25855.51331,25924.822265625,25277.56654,25546.7421875,24809.12548,25128.30859375,24316.34981,24715.3359375,23823.57414,24219.3984375,23647.14829
2017-05-07 06:40:00,26152.30859375,25277.56654,25436.28125,24809.12548,25108.796875,24316.34981,24713.748046875,23823.57414,24303.494140625,23647.14829,23818.794921875,23373.38403
2017-05-07 06:50:00,25633.564453125,24809.12548,24992.90625,24316.34981,24667.392578125,23823.57414,24327.1015625,23647.14829,23951.421875,23373.38403,23533.091796875,23032.69962
2017-05-07 07:00:00,25194.583984375,24316.34981,24637.2421875,23823.57414,24325.669921875,23647.14829,24016.94921875,23373.38403,23640.099609375,23032.69962,23276.62890625,22728.51711
2017-05-07 07:10:00,24779.2734375,23823.57414,24305.759765625,23647.14829,23999.771484375,23373.38403,23742.025390625,23032.69962,23380.4765625,22728.51711,23054.427734375,22436.5019
2017-05-07 07:20:00,24429.525390625,23647.14829,24031.25,23373.38403,23728.884765625,23032.69962,23495.41015625,22728.51711,23148.6875,22436.5019,22884.509765625,22071.48289
2017-05-07 07:30:00,24093.37109375,23373.38403,23772.49609375,23032.69962,23482.8046875,22728.51711,23276.72265625,22436.5019,22927.849609375,22071.48289,22733.572265625,21992.39544
2017-05-07 07:40:00,23856.001953125,23032.69962,23594.787109375,22728.51711,23288.22265625,22436.5019,23145.154296875,22071.48289,22797.65625,21992.39544,22641.78125,21663.87833
2017-05-07 07:50:00,23604.6015625,22728.51711,23406.470703125,22436.5019,23105.125,22071.48289,22982.865234375,21992.39544,22626.78515625,21663.87833,22545.005859375,21450.95057
2017-05-07 08:00:00,23422.666015625,22436.5019,23267.85546875,22071.48289,22973.958984375,21992.39544,22880.203125,21663.87833,22528.619140625,21450.95057,22474.62109375,21377.94677
2017-05-07 08:10:00,23174.744140625,22071.48289,23068.9921875,21992.39544,22802.095703125,21663.87833,22727.908203125,21450.95057,22403.328125,21377.94677,22367.818359375,21213.68821
2017-05-07 08:20:00,23048.666015625,21992.39544,22973.046875,21663.87833,22720.767578125,21450.95057,22650.97265625,21377.94677,22327.0078125,21213.68821,22348.916015625,20769.58175
2017-05-07 08:30:00,22902.646484375,21663.87833,22869.404296875,21450.95057,22622.31640625,21377.94677,22583.31640625,21213.68821,22239.74609375,20769.58175,22309.123046875,20453.23194
2017-05-07 08:40:00,22812.611328125,21450.95057,22783.142578125,21377.94677,22556.041015625,21213.68821,22549.458984375,20769.58175,22196.3515625,20453.23194,22293.48828125,20453.23194
2017-05-07 08:50:00,22653.302734375,21377.94677,22651.359375,21213.68821,22427.84375,20769.58175,22441.673828125,20453.23194,22072.798828125,20453.23194,22191.658203125,20453.23194
2017-05-07 09:00:00,22589.83203125,21213.68821,22618.466796875,20769.58175,22423.1640625,20453.23194,22413.681640625,20453.23194,22066.31640625,20453.23194,22196.470703125,20313.30798
2017-05-07 09:10:00,22481.568359375,20769.58175,22539.51171875,20453.23194,22352.140625,20453.23194,22347.40625,20453.23194,21974.173828125,20313.30798,22142.548828125,20124.71483
2017-05-07 09:20:00,22387.38671875,20453.23194,22439.5625,20453.23194,22287.896484375,20453.23194,22280.31640625,20313.30798,21906.779296875,20124.71483,22076.177734375,20063.87833
2017-05-07 09:30:00,22328.287109375,20453.23194,22366.205078125,20453.23194,22219.55859375,20313.30798,22236.626953125,20124.71483,21825.755859375,20063.87833,22029.875,20069.96198
2017-05-07 09:40:00,22260.87109375,20453.23194,22304.83203125,20313.30798,22189.076171875,20124.71483,22179.916015625,20063.87833,21772.603515625,20069.96198,21993.08203125,20149.04943
2017-05-07 09:50:00,22161.09375,20313.30798,22204.720703125,20124.71483,22114.228515625,20063.87833,22095.24609375,20069.96198,21678.939453125,20149.04943,21894.330078125,20191.63498
2017-05-07 10:00:00,22106.857421875,20124.71483,22146.625,20063.87833,22082.044921875,20069.96198,22025.2265625,20149.04943,21630.759765625,20191.63498,21840.126953125,20234.22053
2017-05-07 10:10:00,22014.390625,20063.87833,22037.80859375,20069.96198,21997.119140625,20149.04943,21930.77734375,20191.63498,21543.048828125,20234.22053,21772.2734375,20209.88593
2017-05-07 10:20:00,21958.3046875,20069.96198,21987.01171875,20149.04943,21950.404296875,20191.63498,21886.376953125,20234.22053,21509.162109375,20209.88593,21748.392578125,20264.63878
2017-05-07 10:30:00,21875.0625,20149.04943,21874.65625,20191.63498,21865.26171875,20234.22053,21797.16796875,20209.88593,21444.45703125,20264.63878,21672.037109375,20301.14068
2017-05-07 10:40:00,21829.158203125,20191.63498,21822.03515625,20234.22053,21826.228515625,20209.88593,21757.37109375,20264.63878,21419.75,20301.14068,21661.646484375,20532.31939
2017-05-07 10:50:00,21716.232421875,20234.22053,21725.314453125,20209.88593,21734.228515625,20264.63878,21657.12890625,20301.14068,21330.759765625,20532.31939,21584.904296875,20587.07224
2017-05-07 11:00:00,21670.849609375,20209.88593,21658.05078125,20264.63878,21689.212890625,20301.14068,21606.853515625,20532.31939,21300.61328125,20587.07224,21548.0625,20885.1711
2017-05-07 11:10:00,21594.759765625,20264.63878,21577.1796875,20301.14068,21616.01171875,20532.31939,21540.833984375,20587.07224,21248.650390625,20885.1711,21515.216796875,21682.12928
2017-05-07 11:20:00,21513.302734375,20301.14068,21502.7265625,20532.31939,21546.080078125,20587.07224,21475.5625,20885.1711,21189.87890625,21682.12928,21473.3828125,21408.36502
2017-05-07 11:30:00,21418.40625,20532.31939,21413.169921875,20587.07224,21463.314453125,20885.1711,21406.3984375,21682.12928,21136.30078125,21408.36502,21432.55078125,21396.19772
2017-05-07 11:40:00,21393.591796875,20587.07224,21379.7734375,20885.1711,21439.462890625,21682.12928,21401.86328125,21408.36502,21154.75390625,21396.19772,21456.876953125,21536.12167
2017-05-07 11:50:00,21309.431640625,20885.1711,21295.80078125,21682.12928,21365.998046875,21408.36502,21337.96875,21396.19772,21104.4140625,21536.12167,21428.3359375,21329.27757
2017-05-07 12:00:00,21267.505859375,21682.12928,21271.314453125,21408.36502,21345.779296875,21396.19772,21333.0234375,21536.12167,21117.259765625,21329.27757,21461.30078125,20806.08365
2017-05-07 12:10:00,21232.41796875,21408.36502,21227.322265625,21396.19772,21318.98046875,21536.12167,21327.87109375,21329.27757,21134.896484375,20806.08365,21485.888671875,19747.52852
2017-05-07 12:20:00,21194.85546875,21396.19772,21187.072265625,21536.12167,21304.94140625,21329.27757,21343.455078125,20806.08365,21164.9609375,19747.52852,21536.39453125,18743.72624
2017-05-07 12:30:00,21170.7890625,21536.12167,21194.15625,21329.27757,21308.083984375,20806.08365,21401.94921875,19747.52852,21241.66796875,18743.72624,21645.291015625,18536.88213
2017-05-07 12:40:00,21288.986328125,21329.27757,21313.06640625,20806.08365,21463.017578125,19747.52852,21601.15234375,18743.72624,21470.9765625,18536.88213,21886.349609375,18196.19772
2017-05-07 12:50:00,21327.765625,20806.08365,21372.228515625,19747.52852,21538.26171875,18743.72624,21719.138671875,18536.88213,21610.03515625,18196.19772,22075.59375,18263.11787
2017-05-07 13:00:00,21412.533203125,19747.52852,21489.4609375,18743.72624,21676.5859375,18536.88213,21876.951171875,18196.19772,21794.044921875,18263.11787,22290.66796875,18421.29278
2017-05-07 13:10:00,21579.095703125,18743.72624,21655.416015625,18536.88213,21882.94921875,18196.19772,22110.82421875,18263.11787,22057.107421875,18421.29278,22573.341796875,18536.88213
2017-05-07 13:20:00,21670.583984375,18536.88213,21770.416015625,18196.19772,22028.1796875,18263.11787,22261.244140625,18421.29278,22248.171875,18536.88213,22794.91015625,18786.31179
2017-05-07 13:30:00,21846.96484375,18196.19772,21958.068359375,18263.11787,22219.23828125,18421.29278,22475.91015625,18536.88213,22483.41015625,18786.31179,23038.87109375,18774.14449
2017-05-07 13:40:00,22041.35546875,18263.11787,22151.8671875,18421.29278,22435.744140625,18536.88213,22697.9453125,18786.31179,22742.4375,18774.14449,23334.482421875,19291.25475
2017-05-07 13:50:00,22213.4375,18421.29278,22350.041015625,18536.88213,22622.494140625,18786.31179,22875.810546875,18774.14449,22941.01171875,19291.25475,23527.716796875,19589.35361
2017-05-07 14:00:00,22411.51171875,18536.88213,22573.62109375,18786.31179,22836.423828125,18774.14449,23082.109375,19291.25475,23186.806640625,19589.35361,23776.658203125,19930.03802
2017-05-07 14:10:00,22745.0625,18786.31179,22934.70703125,18774.14449,23189.65234375,19291.25475,23427.05859375,19589.35361,23579.36328125,19930.03802,24119.1875,20343.72624
2017-05-07 14:20:00,22920.59765625,18774.14449,23120.884765625,19291.25475,23356.751953125,19589.35361,23580.947265625,19930.03802,23764.705078125,20343.72624,24294.423828125,21079.84791
2017-05-07 14:30:00,23159.4921875,19291.25475,23353.1015625,19589.35361,23579.33203125,19930.03802,23802.44140625,20343.72624,24015.318359375,21079.84791,24505.138671875,21815.96958
2017-05-07 14:40:00,23507.564453125,19589.35361,23736.048828125,19930.03802,23946.755859375,20343.72624,24178.84765625,21079.84791,24453.125,21815.96958,24891.951171875,22643.34601
2017-05-07 14:50:00,23887.603515625,19930.03802,24122.9375,20343.72624,24299.087890625,21079.84791,24522.09765625,21815.96958,24835.80859375,22643.34601,25220.015625,23160.45627
2017-05-07 15:00:00,24244.404296875,20343.72624,24509.359375,21079.84791,24671.53125,21815.96958,24904.22265625,22643.34601,25235.08203125,23160.45627,25576.3046875,23616.73004
2017-05-07 15:10:00,24813.884765625,21079.84791,25089.0390625,21815.96958,25232.513671875,22643.34601,25447.7421875,23160.45627,25772.271484375,23616.73004,26039.17578125,24103.42205
2017-05-07 15:20:00,25295.900390625,21815.96958,25590.10546875,22643.34601,25724.759765625,23160.45627,25928.046875,23616.73004,26256.392578125,24103.42205,26464.19921875,24492.77567
2017-05-07 15:30:00,25875.75,22643.34601,26177.625,23160.45627,26302.748046875,23616.73004,26496.115234375,24103.42205,26825.490234375,24492.77567,26940.0703125,25052.47148
2017-05-07 15:40:00,26197.4921875,23160.45627,26514.81640625,23616.73004,26641.876953125,24103.42205,26838.484375,24492.77567,27148.443359375,25052.47148,27226.990234375,25508.74525
2017-05-07 15:50:00,26691.970703125,23616.73004,27006.109375,24103.42205,27119.953125,24492.77567,27306.578125,25052.47148,27594.693359375,25508.74525,27647.0,25782.50951
2017-05-07 16:00:00,27145.341796875,24103.42205,27452.673828125,24492.77567,27548.083984375,25052.47148,27736.525390625,25508.74525,27989.248046875,25782.50951,28006.43359375,25989.35361
2017-05-07 16:10:00,27611.119140625,24492.77567,27919.208984375,25052.47148,27967.259765625,25508.74525,28158.9375,25782.50951,28350.826171875,25989.35361,28338.16796875,26530.79848
2017-05-07 16:20:00,28142.81640625,25052.47148,28441.2421875,25508.74525,28478.85546875,25782.50951,28679.818359375,25989.35361,28825.400390625,26530.79848,28776.134765625,27023.57414
2017-05-07 16:30:00,28496.990234375,25508.74525,28773.330078125,25782.50951,28774.474609375,25989.35361,28955.134765625,26530.79848,29056.0234375,27023.57414,28980.53515625,27315.58935
2017-05-07 16:40:00,28820.453125,25782.50951,29059.95703125,25989.35361,29051.474609375,26530.79848,29231.181640625,27023.57414,29291.078125,27315.58935,29191.25,27698.85932
2017-05-07 16:50:00,29155.79296875,25989.35361,29359.25,26530.79848,29332.68359375,27023.57414,29494.89453125,27315.58935,29519.923828125,27698.85932,29389.59375,27936.12167
2017-05-07 17:00:00,29370.798828125,26530.79848,29542.439453125,27023.57414,29477.87109375,27315.58935,29636.130859375,27698.85932,29629.947265625,27936.12167,29477.400390625,28130.79848
2017-05-07 17:10:00,29600.666015625,27023.57414,29742.125,27315.58935,29666.95703125,27698.85932,29794.376953125,27936.12167,29780.26171875,28130.79848,29607.345703125,28398.47909
2017-05-07 17:20:00,29745.0078125,27315.58935,29855.474609375,27698.85932,29770.548828125,27936.12167,29882.576171875,28130.79848,29856.5703125,28398.47909,29665.501953125,28574.90494
2017-05-07 17:30:00,29902.505859375,27698.85932,29981.90625,27936.12167,29869.208984375,28130.79848,29958.634765625,28398.47909,29909.666015625,28574.90494,29715.0625,28684.41065
2017-05-07 17:40:00,30013.171875,27936.12167,30057.921875,28130.79848,29943.99609375,28398.47909,30013.01953125,28574.90494,29960.083984375,28684.41065,29752.068359375,28739.1635
2017-05-07 17:50:00,30145.8203125,28130.79848,30159.173828125,28398.47909,30035.65625,28574.90494,30083.408203125,28684.41065,30034.595703125,28739.1635,29822.3984375,28684.41065
2017-05-07 18:00:00,30210.3515625,28398.47909,30187.818359375,28574.90494,30059.716796875,28684.41065,30093.220703125,28739.1635,30036.7109375,28684.41065,29808.255859375,28331.55894
2017-05-07 18:10:00,30285.63671875,28574.90494,30239.140625,28684.41065,30103.138671875,28739.1635,30131.03515625,28684.41065,30065.64453125,28331.55894,29820.775390625,28696.57795
2017-05-07 18:20:00,30330.130859375,28684.41065,30257.208984375,28739.1635,30115.03125,28684.41065,30130.009765625,28331.55894,30064.353515625,28696.57795,29811.16796875,28818.25095
2017-05-07 18:30:00,30395.892578125,28739.1635,30303.892578125,28684.41065,30153.859375,28331.55894,30156.15234375,28696.57795,30085.638671875,28818.25095,29829.326171875,28806.08365
2017-05-07 18:40:00,30395.388671875,28684.41065,30280.68359375,28331.55894,30128.66015625,28696.57795,30108.560546875,28818.25095,30041.310546875,28806.08365,29783.396484375,28532.31939
2017-05-07 18:50:00,30447.9921875,28331.55894,30305.94140625,28696.57795,30146.326171875,28818.25095,30102.25,28806.08365,30053.37109375,28532.31939,29777.99609375,28477.56654
2017-05-07 19:00:00,30444.5390625,28696.57795,30278.392578125,28818.25095,30118.251953125,28806.08365,30054.92578125,28532.31939,30006.576171875,28477.56654,29729.650390625,28386.31179
2017-05-07 19:10:00,30459.818359375,28818.25095,30274.5859375,28806.08365,30104.05078125,28532.31939,30025.001953125,28477.56654,29979.046875,28386.31179,29701.81640625,28398.47909
2017-05-07 19:20:00,30434.78515625,28806.08365,30228.931640625,28532.31939,30059.330078125,28477.56654,29948.568359375,28386.31179,29906.0390625,28398.47909,29632.841796875,28520.15209
2017-05-07 19:30:00,30390.5078125,28532.31939,30159.12890625,28477.56654,29983.412109375,28386.31179,29840.435546875,28398.47909,29802.68359375,28520.15209,29532.619140625,28459.31559
2017-05-07 19:40:00,30335.43359375,28477.56654,30079.8203125,28386.31179,29905.572265625,28398.47909,29743.298828125,28520.15209,29708.974609375,28459.31559,29453.64453125,28544.48669
2017-05-07 19:50:00,30237.58203125,28386.31179,29963.484375,28398.47909,29776.470703125,28520.15209,29588.611328125,28459.31559,29565.990234375,28544.48669,29317.861328125,28599.23954
2017-05-07 20:00:00,30098.181640625,28398.47909,29807.22265625,28520.15209,29628.623046875,28459.31559,29410.05859375,28544.48669,29392.484375,28599.23954,29164.806640625,28447.14829
2017-05-07 20:10:00,29986.443359375,28520.15209,29683.138671875,28459.31559,29495.87109375,28544.48669,29252.78125,28599.23954,29242.986328125,28447.14829,29035.8125,28495.81749
2017-05-07 20:20:00,29818.130859375,28459.31559,29500.916015625,28544.48669,29315.173828125,28599.23954,29049.23828125,28447.14829,29054.171875,28495.81749,28868.32421875,27996.95817
2017-05-07 20:30:00,29636.521484375,28544.48669,29316.013671875,28599.23954,29131.263671875,28447.14829,28835.44140625,28495.81749,28851.505859375,27996.95817,28703.2578125,27990.87452
2017-05-07 20:40:00,29425.322265625,28599.23954,29098.103515625,28447.14829,28914.248046875,28495.81749,28603.40625,27996.95817,28633.611328125,27990.87452,28518.994140625,27887.45247
2017-05-07 20:50:00,29233.408203125,28447.14829,28910.833984375,28495.81749,28734.71875,27996.95817,28417.66796875,27990.87452,28456.890625,27887.45247,28382.2109375,27583.26996
2017-05-07 21:00:00,29084.791015625,28495.81749,28767.345703125,27996.95817,28600.0234375,27990.87452,28293.416015625,27887.45247,28339.951171875,27583.26996,28295.619140625,27692.77567
2017-05-07 21:10:00,28919.634765625,27996.95817,28618.087890625,27990.87452,28464.451171875,27887.45247,28159.712890625,27583.26996,28220.197265625,27692.77567,28205.517578125,27656.27376
2017-05-07 21:20:00,28778.501953125,27990.87452,28496.462890625,27887.45247,28358.763671875,27583.26996,28074.810546875,27692.77567,28141.326171875,27656.27376,28160.390625,27668.44106
2017-05-07 21:30:00,28639.119140625,27887.45247,28378.423828125,27583.26996,28253.556640625,27692.77567,27996.46875,27656.27376,28076.32421875,27668.44106,28120.876953125,27735.36122
2017-05-07 21:40:00,28466.466796875,27583.26996,28238.734375,27692.77567,28125.42578125,27656.27376,27900.609375,27668.44106,27991.302734375,27735.36122,28072.625,27735.36122
2017-05-07 21:50:00,28322.177734375,27692.77567,28130.44140625,27656.27376,28040.41015625,27668.44106,27843.25,27735.36122,27958.125,27735.36122,28074.869140625,28021.29278
2017-05-07 22:00:00,28203.2265625,27656.27376,28053.458984375,27668.44106,27984.1640625,27735.36122,27831.2265625,27735.36122,27958.0390625,28021.29278,28107.712890625,28629.65779
2017-05-07 22:10:00,28117.33984375,27668.44106,28011.33984375,27735.36122,27969.169921875,27735.36122,27858.23046875,28021.29278,28014.9609375,28629.65779,28191.3125,29055.51331
2017-05-07 22:20:00,28116.208984375,27735.36122,28065.380859375,27735.36122,28066.29296875,28021.29278,28001.13671875,28629.65779,28188.505859375,29055.51331,28407.763671875,29755.13308
2017-05-07 22:30:00,28184.9375,27735.36122,28199.4140625,28021.29278,28246.5703125,28629.65779,28240.015625,29055.51331,28462.1328125,29755.13308,28716.9453125,31227.37643
2017-05-07 22:40:00,28376.23046875,28021.29278,28466.322265625,28629.65779,28574.9453125,29055.51331,28653.42578125,29755.13308,28910.001953125,31227.37643,29213.1015625,33508.74525
2017-05-07 22:50:00,28649.8984375,28629.65779,28825.79296875,29055.51331,28996.03515625,29755.13308,29163.58203125,31227.37643,29463.53125,33508.74525,29814.3046875,36222.05323
2017-05-07 23:00:00,29094.611328125,29055.51331,29361.267578125,29755.13308,29599.849609375,31227.37643,29846.85546875,33508.74525,30188.861328125,36222.05323,30585.150390625,36970.34221
2017-05-07 23:10:00,29729.453125,29755.13308,30096.20703125,31227.37643,30413.568359375,33508.74525,30748.103515625,36222.05323,31134.79296875,36970.34221,31574.794921875,37079.84791
2017-05-07 23:20:00,30591.4296875,31227.37643,31073.837890625,33508.74525,31461.662109375,36222.05323,31879.818359375,36970.34221,32279.515625,37079.84791,32749.25,37165.01901
2017-05-07 23:30:00,31659.3046875,33508.74525,32222.599609375,36222.05323,32652.1171875,36970.34221,33099.85546875,37079.84791,33472.578125,37165.01901,33933.65625,37274.52471
2017-05-07 23:40:00,32858.35546875,36222.05323,33510.3203125,36970.34221,33944.2578125,37079.84791,34412.796875,37165.01901,34715.125,37274.52471,35120.23828125,37304.94297
2017-05-07 23:50:00,34093.16796875,36970.34221,34723.33984375,37079.84791,35138.10546875,37165.01901,35503.73828125,37274.52471,35678.76953125,37304.94297,35990.0390625,37560.45627
2017-05-08 00:00:00,35169.37109375,37079.84791,35721.42578125,37165.01901,36095.6875,37274.52471,36339.734375,37304.94297,36399.28125,37560.45627,36560.17578125,37536.12167
2017-05-08 00:10:00,35855.55859375,37165.01901,36307.46484375,37274.52471,36623.3359375,37304.94297,36731.40234375,37560.45627,36710.27734375,37536.12167,36735.65625,37517.87072
2017-05-08 00:20:00,36304.6171875,37274.52471,36663.87890625,37304.94297,36923.25390625,37560.45627,36931.3203125,37536.12167,36857.546875,37517.87072,36765.1796875,37736.88213
2017-05-08 00:30:00,36586.34765625,37304.94297,36888.93359375,37560.45627,37100.77734375,37536.12167,37042.14453125,37517.87072,36938.30859375,37736.88213,36746.19921875,37761.21673
2017-05-08 00:40:00,36773.4765625,37560.45627,37008.4375,37536.12167,37187.9921875,37517.87072,37084.65625,37736.88213,36958.48828125,37761.21673,36683.44140625,37955.89354
2017-05-08 00:50:00,36908.3984375,37536.12167,37090.1484375,37517.87072,37235.59765625,37736.88213,37106.4140625,37761.21673,36963.22265625,37955.89354,36629.45703125,37627.37643
2017-05-08 01:00:00,37032.0234375,37517.87072,37162.89453125,37736.88213,37278.98046875,37761.21673,37127.91015625,37955.89354,36981.54296875,37627.37643,36599.47265625,38132.31939
2017-05-08 01:10:00,37110.84765625,37736.88213,37201.77734375,37761.21673,37280.125,37955.89354,37119.265625,37627.37643,36971.3046875,38132.31939,36551.203125,38004.56274
2017-05-08 01:20:00,37187.37109375,37761.21673,37228.75,37955.89354,37270.109375,37627.37643,37097.234375,38132.31939,36956.9140625,38004.56274,36500.72265625,37974.14449
2017-05-08 01:30:00,37229.72265625,37955.89354,37233.03515625,37627.37643,37232.04296875,38132.31939,37040.890625,38004.56274,36917.2109375,37974.14449,36435.8984375,38041.06464
2017-05-08 01:40:00,37297.5546875,37627.37643,37259.97265625,38132.31939,37226.43359375,38004.56274,37006.5703125,37974.14449,36890.30859375,38041.06464,36407.5078125,37828.13688
2017-05-08 01:50:00,37321.68359375,38132.31939,37249.5625,38004.56274,37171.69921875,37974.14449,36924.6953125,38041.06464,36820.7421875,37828.13688,36340.0859375,37584.79087
2017-05-08 02:00:00,37329.9296875,38004.56274,37216.453125,37974.14449,37102.68359375,38041.06464,36821.89453125,37828.13688,36723.69921875,37584.79087,36253.62890625,37578.70722
2017-05-08 02:10:00,37310.76953125,37974.14449,37169.94921875,38041.06464,37021.59375,37828.13688,36711.78515625,37584.79087,36611.390625,37578.70722,36162.68359375,37274.52471
2017-05-08 02:20:00,37279.26171875,38041.06464,37100.921875,37828.13688,36928.64453125,37584.79087,36585.7578125,37578.70722,36490.12890625,37274.52471,36052.25390625,36720.91255
2017-05-08 02:30:00,37213.05078125,37828.13688,37001.8828125,37584.79087,36801.79296875,37578.70722,36428.296875,37274.52471,36328.109375,36720.91255,35909.2265625,36337.64259
2017-05-08 02:40:00,37142.39453125,37584.79087,36897.9140625,37578.70722,36673.04296875,37274.52471,36272.3984375,36720.91255,36184.75390625,36337.64259,35767.60546875,36009.12548
2017-05-08 02:50:00,37027.87890625,37578.70722,36746.37109375,37274.52471,36499.51171875,36720.91255,36072.46484375,36337.64259,35988.00390625,36009.12548,35565.109375,35619.77186
2017-05-08 03:00:00,36934.54296875,37274.52471,36609.37890625,36720.91255,36346.8046875,36337.64259,35888.53125,36009.12548,35809.08984375,35619.77186,35380.7265625,35248.6692
2017-05-08 03:10:00,36782.54296875,36720.91255,36408.4765625,36337.64259,36139.73046875,36009.12548,35651.55078125,35619.77186,35559.05859375,35248.6692,35123.29296875,34987.07224
2017-05-08 03:20:00,36620.00390625,36337.64259,36197.01953125,36009.12548,35917.328125,35619.77186,35394.28515625,35248.6692,35292.36328125,34987.07224,34849.90625,34597.71863
2017-05-08 03:30:00,36399.984375,36009.12548,35930.96875,35619.77186,35639.09765625,35248.6692,35089.94921875,34987.07224,34964.74609375,34597.71863,34487.953125,34220.53232
2017-05-08 03:40:00,36159.203125,35619.77186,35648.67578125,35248.6692,35340.06640625,34987.07224,34754.125,34597.71863,34607.32421875,34220.53232,34118.07421875,33520.91255
2017-05-08 03:50:00,35863.56640625,35248.6692,35311.1640625,34987.07224,34979.80078125,34597.71863,34366.4296875,34220.53232,34174.80859375,33520.91255,33643.6171875,32991.63498
2017-05-08 04:00:00,35530.47265625,34987.07224,34945.98046875,34597.71863,34579.08203125,34220.53232,33945.3046875,33520.91255,33702.40234375,32991.63498,33145.30078125,32109.5057
2017-05-08 04:10:00,35103.52734375,34597.71863,34498.359375,34220.53232,34080.328125,33520.91255,33438.67578125,32991.63498,33140.390625,32109.5057,32552.25,31166.53992
2017-05-08 04:20:00,34632.65625,34220.53232,34008.30078125,33520.91255,33546.46484375,32991.63498,32893.78125,32109.5057,32533.603515625,31166.53992,31927.705078125,30485.1711
2017-05-08 04:30:00,34126.66015625,33520.91255,33469.36328125,32991.63498,32959.4375,32109.5057,32305.748046875,31166.53992,31892.685546875,30485.1711,31259.533203125,29730.79848
2017-05-08 04:40:00,33556.6640625,32991.63498,32886.7578125,32109.5057,32332.5703125,31166.53992,31691.87109375,30485.1711,31241.03515625,29730.79848,30570.38671875,28909.5057
2017-05-08 04:50:00,32984.75390625,32109.5057,32278.224609375,31166.53992,31698.478515625,30485.1711,31071.228515625,29730.79848,30573.5,28909.5057,29865.81640625,28258.55513
2017-05-08 05:00:00,32396.259765625,31166.53992,31663.21484375,30485.1711,31042.8359375,29730.79848,30433.859375,28909.5057,29915.5546875,28258.55513,29175.595703125,27583.26996
2017-05-08 05:10:00,31818.9140625,30485.1711,31064.37890625,29730.79848,30434.705078125,28909.5057,29838.7109375,28258.55513,29314.173828125,27583.26996,28566.0625,27047.90875
2017-05-08 05:20:00,31173.873046875,29730.79848,30387.861328125,28909.5057,29762.505859375,28258.55513,29193.763671875,27583.26996,28665.00390625,27047.90875,27907.03515625,26396.95817
2017-05-08 05:30:00,30517.5703125,28909.5057,29723.1171875,28258.55513,29094.837890625,27583.26996,28574.888671875,27047.90875,28036.390625,26396.95817,27279.736328125,25739.92395
2017-05-08 05:40:00,29820.689453125,28258.55513,29015.7109375,27583.26996,28429.921875,27047.90875,27936.556640625,26396.95817,27412.9296875,25739.92395,26684.57421875,25009.88593
2017-05-08 05:50:00,29149.5,27583.26996,28353.38671875,27047.90875,27791.01171875,26396.95817,27346.630859375,25739.92395,26805.951171875,25009.88593,26099.013671875,24474.52471
2017-05-08 06:00:00,28534.064453125,27047.90875,27750.740234375,26396.95817,27229.509765625,25739.92395,26825.5546875,25009.88593,26276.2890625,24474.52471,25614.548828125,24042.58555
2017-05-08 06:10:00,27961.54296875,26396.95817,27191.13671875,25739.92395,26732.841796875,25009.88593,26366.603515625,24474.52471,25796.7109375,24042.58555,25199.623046875,23695.81749
2017-05-08 06:20:00,27174.69140625,25739.92395,26455.0859375,25009.88593,26037.669921875,24474.52471,25693.865234375,24042.58555,25153.537109375,23695.81749,24556.857421875,23312.54753
2017-05-08 06:30:00,26440.28125,25009.88593,25784.60546875,24474.52471,25401.69140625,24042.58555,25094.962890625,23695.81749,24583.71484375,23312.54753,24041.1875,22947.52852
2017-05-08 06:40:00,25986.46484375,24474.52471,25359.759765625,24042.58555,25018.3203125,23695.81749,24725.400390625,23312.54753,24224.79296875,22947.52852,23711.990234375,22722.43346
2017-05-08 06:50:00,25451.45703125,24042.58555,24894.2421875,23695.81749,24590.74609375,23312.54753,24342.96484375,22947.52852,23860.130859375,22722.43346,23396.12109375,22442.58555
2017-05-08 07:00:00,25051.2890625,23695.81749,24540.947265625,23312.54753,24255.1875,22947.52852,24046.9921875,22722.43346,23590.07421875,22442.58555,23164.658203125,22272.24335
2017-05-08 07:10:00,24692.693359375,23312.54753,24241.548828125,22947.52852,23963.228515625,22722.43346,23792.162109375,22442.58555,23356.99609375,22272.24335,22983.015625,21986.31179
2017-05-08 07:20:00,24378.66015625,22947.52852,23964.7265625,22722.43346,23713.033203125,22442.58555,23575.857421875,22272.24335,23170.263671875,21986.31179,22827.806640625,21603.04183
2017-05-08 07:30:00,24079.65625,22722.43346,23720.232421875,22442.58555,23480.09765625,22272.24335,23379.2265625,21986.31179,23011.609375,21603.04183,22704.125,21463.11787
2017-05-08 07:40:00,23845.048828125,22442.58555,23532.064453125,22272.24335,23312.0,21986.31179,23214.55078125,21603.04183,22859.947265625,21463.11787,22594.6640625,21286.69202
2017-05-08 07:50:00,23610.48828125,22272.24335,23342.84765625,21986.31179,23126.70703125,21603.04183,23040.4375,21463.11787,22724.830078125,21286.69202,22499.35546875,21152.85171
2017-05-08 08:00:00,23439.3125,21986.31179,23202.806640625,21603.04183,22997.140625,21463.11787,22941.662109375,21286.69202,22628.615234375,21152.85171,22439.322265625,21158.93536
2017-05-08 08:10:00,23266.458984375,21603.04183,23046.09765625,21463.11787,22859.255859375,21286.69202,22803.802734375,21152.85171,22540.013671875,21158.93536,22359.451171875,20970.34221
2017-05-08 08:20:00,23148.74609375,21463.11787,22949.125,21286.69202,22804.73046875,21152.85171,22739.716796875,21158.93536,22497.296875,20970.34221,22357.1171875,21037.26236
2017-05-08 08:30:00,23030.85546875,21286.69202,22860.4375,21152.85171,22721.646484375,21158.93536,22662.64453125,20970.34221,22421.544921875,21037.26236,22330.68359375,21037.26236
2017-05-08 08:40:00,22948.21875,21152.85171,22784.79296875,21158.93536,22672.05078125,20970.34221,22630.353515625,21037.26236,22389.546875,21037.26236,22319.99609375,20964.25856
2017-05-08 08:50:00,22896.482421875,21158.93536,22735.962890625,20970.34221,22649.28515625,21037.26236,22599.6015625,21037.26236,22364.7265625,20964.25856,22314.373046875,20891.25475
2017-05-08 09:00:00,22849.310546875,20970.34221,22692.6484375,21037.26236,22628.984375,21037.26236,22589.93359375,20964.25856,22343.021484375,20891.25475,22317.33203125,20800.0
2017-05-08 09:10:00,22799.130859375,21037.26236,22648.212890625,21037.26236,22608.474609375,20964.25856,22568.896484375,20891.25475,22317.37109375,20800.0,22298.458984375,20818.25095
2017-05-08 09:20:00,22762.373046875,21037.26236,22598.86328125,20964.25856,22588.25,20891.25475,22550.5859375,20800.0,22293.34375,20818.25095,22274.728515625,20860.8365
2017-05-08 09:30:00,22720.0390625,20964.25856,22562.8828125,20891.25475,22571.619140625,20800.0,22530.669921875,20818.25095,22259.298828125,20860.8365,22252.130859375,20860.8365
2017-05-08 09:40:00,22674.392578125,20891.25475,22525.78515625,20800.0,22552.904296875,20818.25095,22532.32421875,20860.8365,22234.890625,20860.8365,22223.58203125,20988.59316
2017-05-08 09:50:00,22663.65625,20800.0,22502.93359375,20818.25095,22550.03515625,20860.8365,22537.61328125,20860.8365,22235.515625,20988.59316,22228.6171875,21183.26996
2017-05-08 10:00:00,22631.458984375,20818.25095,22469.23046875,20860.8365,22532.201171875,20860.8365,22529.2734375,20988.59316,22222.345703125,21183.26996,22213.724609375,21286.69202
2017-05-08 10:10:00,22619.744140625,20860.8365,22448.611328125,20860.8365,22531.955078125,20988.59316,22524.849609375,21183.26996,22222.51953125,21286.69202,22207.1015625,21238.02281
2017-05-08 10:20:00,22590.654296875,20860.8365,22407.95703125,20988.59316,22508.197265625,21183.26996,22510.267578125,21286.69202,22214.923828125,21238.02281,22191.861328125,21244.10646
2017-05-08 10:30:00,22522.4296875,20988.59316,22342.6015625,21183.26996,22456.431640625,21286.69202,22450.607421875,21238.02281,22189.005859375,21244.10646,22158.150390625,21256.27376
2017-05-08 10:40:00,22462.42578125,21183.26996,22279.310546875,21286.69202,22404.458984375,21238.02281,22405.484375,21244.10646,22154.11328125,21256.27376,22124.521484375,21475.28517
2017-05-08 10:50:00,22398.314453125,21286.69202,22220.90625,21238.02281,22364.2890625,21244.10646,22355.26171875,21256.27376,22127.875,21475.28517,22101.232421875,21487.45247
2017-05-08 11:00:00,22372.19921875,21238.02281,22207.19140625,21244.10646,22356.212890625,21256.27376,22353.92578125,21475.28517,22148.755859375,21487.45247,22118.865234375,21937.64259
2017-05-08 11:10:00,22336.609375,21244.10646,22161.62890625,21256.27376,22339.30859375,21475.28517,22335.212890625,21487.45247,22161.595703125,21937.64259,22129.607421875,22844.10646
2017-05-08 11:20:00,22287.201171875,21256.27376,22132.3046875,21475.28517,22308.671875,21487.45247,22317.365234375,21937.64259,22163.076171875,22844.10646,22157.443359375,22667.68061
2017-05-08 11:30:00,22268.146484375,21475.28517,22123.607421875,21487.45247,22311.623046875,21937.64259,22332.2109375,22844.10646,22196.44140625,22667.68061,22196.701171875,22783.26996
2017-05-08 11:40:00,22223.5859375,21487.45247,22095.404296875,21937.64259,22286.576171875,22844.10646,22332.275390625,22667.68061,22222.169921875,22783.26996,22224.447265625,22874.52471
2017-05-08 11:50:00,22208.587890625,21937.64259,22094.23046875,22844.10646,22294.111328125,22667.68061,22365.9609375,22783.26996,22283.595703125,22874.52471,22298.52734375,23142.20532
2017-05-08 12:00:00,22175.984375,22844.10646,22074.0390625,22667.68061,22301.296875,22783.26996,22394.208984375,22874.52471,22355.845703125,23142.20532,22362.58984375,23130.03802
2017-05-08 12:10:00,22167.1796875,22667.68061,22063.419921875,22783.26996,22321.69140625,22874.52471,22429.25390625,23142.20532,22417.38671875,23130.03802,22436.37890625,22643.34601
2017-05-08 12:20:00,22218.048828125,22783.26996,22147.35546875,22874.52471,22432.40625,23142.20532,22568.173828125,23130.03802,22587.9765625,22643.34601,22619.54296875,22667.68061
2017-05-08 12:30:00,22333.3828125,22874.52471,22296.087890625,23142.20532,22604.5234375,23130.03802,22768.232421875,22643.34601,22825.833984375,22667.68061,22856.291015625,23008.36502
2017-05-08 12:40:00,22466.990234375,23142.20532,22460.142578125,23130.03802,22796.3359375,22643.34601,23009.27734375,22667.68061,23097.892578125,23008.36502,23166.779296875,23008.36502
2017-05-08 12:50:00,22700.6484375,23130.03802,22735.80859375,22643.34601,23082.251953125,22667.68061,23346.451171875,23008.36502,23465.771484375,23008.36502,23557.93359375,23172.62357
2017-05-08 13:00:00,22924.22265625,22643.34601,23001.912109375,22667.68061,23398.345703125,23008.36502,23699.55078125,23008.36502,23850.828125,23172.62357,23966.830078125,23087.45247
2017-05-08 13:10:00,23229.408203125,22667.68061,23361.787109375,23008.36502,23760.671875,23008.36502,24098.900390625,23172.62357,24261.76953125,23087.45247,24410.01171875,23081.36882
2017-05-08 13:20:00,23565.318359375,23008.36502,23731.73046875,23008.36502,24153.744140625,23172.62357,24538.53125,23087.45247,24734.97265625,23081.36882,24921.646484375,23549.80989
2017-05-08 13:30:00,23842.970703125,23008.36502,24045.529296875,23172.62357,24469.9921875,23087.45247,24881.03515625,23081.36882,25092.654296875,23549.80989,25295.744140625,24292.01521
2017-05-08 13:40:00,24269.197265625,23172.62357,24516.568359375,23087.45247,24966.42578125,23081.36882,25399.04296875,23549.80989,25628.212890625,24292.01521,25847.60546875,24851.71103
2017-05-08 13:50:00,24562.408203125,23087.45247,24834.560546875,23081.36882,25268.931640625,23549.80989,25714.498046875,24292.01521,25978.951171875,24851.71103,26213.345703125,25307.98479
2017-05-08 14:00:00,24961.865234375,23081.36882,25258.748046875,23549.80989,25688.884765625,24292.01521,26149.173828125,24851.71103,26430.818359375,25307.98479,26666.662109375,25721.673
2017-05-08 14:10:00,25252.181640625,23549.80989,25561.318359375,24292.01521,25967.42578125,24851.71103,26442.763671875,25307.98479,26743.0234375,25721.673,26990.13671875,26226.61597
2017-05-08 14:20:00,25597.591796875,24292.01521,25906.791015625,24851.71103,26298.876953125,25307.98479,26755.22265625,25721.673,27079.490234375,26226.61597,27316.650390625,26932.31939
2017-05-08 14:30:00,26003.1328125,24851.71103,26328.529296875,25307.98479,26688.6015625,25721.673,27161.53515625,26226.61597,27495.451171875,26932.31939,27714.6640625,26542.96578
2017-05-08 14:40:00,26365.65625,25307.98479,26690.197265625,25721.673,27049.091796875,26226.61597,27507.740234375,26932.31939,27850.205078125,26542.96578,28058.169921875,27644.10646
2017-05-08 14:50:00,26831.20703125,25721.673,27152.7109375,26226.61597,27481.83203125,26932.31939,27943.435546875,26542.96578,28277.447265625,27644.10646,28465.033203125,28179.46768
2017-05-08 15:00:00,27397.939453125,26226.61597,27703.736328125,26932.31939,28025.84765625,26542.96578,28472.9921875,27644.10646,28785.326171875,28179.46768,28965.45703125,28471.48289
2017-05-08 15:10:00,27855.181640625,26932.31939,28135.263671875,26542.96578,28440.947265625,27644.10646,28886.640625,28179.46768,29170.705078125,28471.48289,29344.564453125,28891.25475
2017-05-08 15:20:00,28361.255859375,26542.96578,28610.369140625,27644.10646,28923.94921875,28179.46768,29355.537109375,28471.48289,29607.974609375,28891.25475,29771.58984375,29292.77567
2017-05-08 15:30:00,28825.1171875,27644.10646,29054.8515625,28179.46768,29359.998046875,28471.48289,29796.658203125,28891.25475,30018.35546875,29292.77567,30147.92578125,29700.38023
2017-05-08 15:40:00,29219.1953125,28179.46768,29423.0859375,28471.48289,29706.607421875,28891.25475,30129.30078125,29292.77567,30328.599609375,29700.38023,30421.4765625,30229.65779
2017-05-08 15:50:00,29672.341796875,28471.48289,29858.142578125,28891.25475,30136.984375,29292.77567,30549.18359375,29700.38023,30716.173828125,30229.65779,30793.1953125,30558.1749
2017-05-08 16:00:00,30053.935546875,28891.25475,30216.8671875,29292.77567,30489.083984375,29700.38023,30870.666015625,30229.65779,30996.259765625,30558.1749,31066.4296875,31130.03802
2017-05-08 16:10:00,30457.232421875,29292.77567,30609.681640625,29700.38023,30857.0390625,30229.65779,31226.34765625,30558.1749,31318.685546875,31130.03802,31385.3046875,31415.96958
2017-05-08 16:20:00,30800.390625,29700.38023,30925.775390625,30229.65779,31161.392578125,30558.1749,31501.328125,31130.03802,31556.0234375,31415.96958,31619.39453125,31622.81369
2017-05-08 16:30:00,31143.5,30229.65779,31253.521484375,30558.1749,31466.111328125,31130.03802,31791.69921875,31415.96958,31809.373046875,31622.81369,31872.548828125,31665.39924
2017-05-08 16:40:00,31414.931640625,30558.1749,31498.171875,31130.03802,31697.986328125,31415.96958,31996.986328125,31622.81369,31979.42578125,31665.39924,32041.720703125,31957.41445
2017-05-08 16:50:00,31714.109375,31130.03802,31792.931640625,31415.96958,31954.57421875,31622.81369,32246.708984375,31665.39924,32194.0625,31957.41445,32252.56640625,32225.09506
2017-05-08 17:00:00,31944.875,31415.96958,32004.2578125,31622.81369,32154.205078125,31665.39924,32423.8359375,31957.41445,32339.052734375,32225.09506,32399.9921875,32310.26616
2017-05-08 17:10:00,32212.63671875,31622.81369,32263.255859375,31665.39924,32375.515625,31957.41445,32631.802734375,32225.09506,32517.0234375,32310.26616,32580.1796875,32468.44106
2017-05-08 17:20:00,32456.294921875,31665.39924,32503.142578125,31957.41445,32587.240234375,32225.09506,32823.7734375,32310.26616,32692.822265625,32468.44106,32754.40625,32529.27757
2017-05-08 17:30:00,32657.3515625,31957.41445,32681.58984375,32225.09506,32740.751953125,32310.26616,32952.109375,32468.44106,32791.58203125,32529.27757,32857.8515625,32541.44487
2017-05-08 17:40:00,32858.0,32225.09506,32860.23828125,32310.26616,32894.859375,32468.44106,33085.86328125,32529.27757,32901.7890625,32541.44487,32974.578125,32596.19772
2017-05-08 17:50:00,33062.265625,32310.26616,33059.42578125,32468.44106,33068.296875,32529.27757,33229.54296875,32541.44487,33023.82421875,32596.19772,33103.65625,32815.20913
2017-05-08 18:00:00,33191.84765625,32468.44106,33170.2578125,32529.27757,33159.66796875,32541.44487,33293.63671875,32596.19772,33069.18359375,32815.20913,33146.6171875,32973.38403
2017-05-08 18:10:00,33312.515625,32529.27757,33267.23046875,32541.44487,33234.58984375,32596.19772,33350.4453125,32815.20913,33103.625,32973.38403,33188.94140625,33107.22433
2017-05-08 18:20:00,33378.04296875,32541.44487,33308.46875,32596.19772,33254.7578125,32815.20913,33342.3515625,32973.38403,33077.4140625,33107.22433,33177.46484375,32541.44487
2017-05-08 18:30:00,33417.203125,32596.19772,33325.1640625,32815.20913,33257.05078125,32973.38403,33316.90234375,33107.22433,33043.671875,32541.44487,33149.7890625,32273.76426
2017-05-08 18:40:00,33455.578125,32815.20913,33334.5390625,32973.38403,33258.53125,33107.22433,33295.921875,32541.44487,32998.50390625,32273.76426,33131.5703125,32188.59316
2017-05-08 18:50:00,33455.18359375,32973.38403,33299.49609375,33107.22433,33222.02734375,32541.44487,33241.2578125,32273.76426,32924.98046875,32188.59316,33089.7109375,31853.9924
2017-05-08 19:00:00,33460.390625,33107.22433,33270.23046875,32541.44487,33191.14453125,32273.76426,33190.87890625,32188.59316,32859.6328125,31853.9924,33053.23828125,31683.65019
2017-05-08 19:10:00,33418.83203125,32541.44487,33206.6171875,32273.76426,33138.8515625,32188.59316,33123.3984375,31853.9924,32783.13671875,31683.65019,33009.26953125,31282.12928
2017-05-08 19:20:00,33357.52734375,32273.76426,33119.6015625,32188.59316,33059.265625,31853.9924,33046.44921875,31683.65019,32685.974609375,31282.12928,32955.00390625,31811.40684
2017-05-08 19:30:00,33250.78515625,32188.59316,32990.51171875,31853.9924,32940.58984375,31683.65019,32919.36328125,31282.12928,32547.44921875,31811.40684,32855.42578125,31957.41445
2017-05-08 19:40:00,33113.7109375,31853.9924,32825.14453125,31683.65019,32792.890625,31282.12928,32784.0625,31811.40684,32397.99609375,31957.41445,32755.408203125,31896.57795
2017-05-08 19:50:00,32900.24609375,31683.65019,32610.412109375,31282.12928,32599.77734375,31811.40684,32587.435546875,31957.41445,32214.58984375,31896.57795,32623.95703125,31659.31559
2017-05-08 20:00:00,32700.65234375,31282.12928,32409.02734375,31811.40684,32425.30078125,31957.41445,32434.169921875,31896.57795,32067.89453125,31659.31559,32529.03125,31555.89354
2017-05-08 20:10:00,32481.30859375,31811.40684,32201.578125,31957.41445,32223.86328125,31896.57795,32253.447265625,31659.31559,31906.537109375,31555.89354,32393.0390625,31209.12548
2017-05-08 20:20:00,32245.5234375,31957.41445,31970.814453125,31896.57795,32011.68359375,31659.31559,32066.970703125,31555.89354,31744.708984375,31209.12548,32281.00390625,31044.86692
2017-05-08 20:30:00,32042.1953125,31896.57795,31797.39453125,31659.31559,31849.138671875,31555.89354,31942.833984375,31209.12548,31668.447265625,31044.86692,32227.51171875,31123.95437
2017-05-08 20:40:00,31835.53515625,31659.31559,31622.166015625,31555.89354,31691.080078125,31209.12548,31828.400390625,31044.86692,31600.373046875,31123.95437,32190.361328125,30977.94677
2017-05-08 20:50:00,31664.494140625,31555.89354,31482.140625,31209.12548,31572.921875,31044.86692,31745.732421875,31123.95437,31574.94921875,30977.94677,32196.21875,30911.02662
2017-05-08 21:00:00,31488.861328125,31209.12548,31355.107421875,31044.86692,31467.958984375,31123.95437,31708.654296875,30977.94677,31606.845703125,30911.02662,32255.142578125,30880.60837
2017-05-08 21:10:00,31424.7734375,31044.86692,31328.064453125,31123.95437,31467.5390625,30977.94677,31762.6953125,30911.02662,31732.9296875,30880.60837,32390.19921875,31063.11787
2017-05-08 21:20:00,31331.025390625,31123.95437,31296.3046875,30977.94677,31453.099609375,30911.02662,31840.474609375,30880.60837,31894.220703125,31063.11787,32574.310546875,31196.95817
2017-05-08 21:30:00,31319.724609375,30977.94677,31317.431640625,30911.02662,31501.30078125,30880.60837,31956.787109375,31063.11787,32091.52734375,31196.95817,32777.15625,31507.22433
2017-05-08 21:40:00,31309.162109375,30911.02662,31368.26171875,30880.60837,31568.873046875,31063.11787,32125.99609375,31196.95817,32372.01171875,31507.22433,33059.14453125,31549.80989
2017-05-08 21:50:00,31408.197265625,30880.60837,31501.857421875,31063.11787,31734.19921875,31196.95817,32389.10546875,31507.22433,32737.134765625,31549.80989,33426.3359375,31488.97338
2017-05-08 22:00:00,31398.490234375,31063.11787,31558.80078125,31196.95817,31812.376953125,31507.22433,32575.8203125,31549.80989,33021.86328125,31488.97338,33710.91015625,31884.41065
2017-05-08 22:10:00,31579.95703125,31196.95817,31773.8828125,31507.22433,32041.3671875,31549.80989,32894.484375,31488.97338,33433.5703125,31884.41065,34116.05078125,32498.85932
2017-05-08 22:20:00,31847.421875,31507.22433,32085.078125,31549.80989,32371.044921875,31488.97338,33329.765625,31884.41065,33985.87109375,32498.85932,34658.90625,33283.65019
2017-05-08 22:30:00,32450.32421875,31549.80989,32752.91796875,31488.97338,33084.87890625,31884.41065,34133.81640625,32498.85932,34968.83984375,33283.65019,35643.95703125,35114.8289
2017-05-08 22:40:00,33054.99609375,31488.97338,33428.86328125,31884.41065,33819.3203125,32498.85932,34985.4609375,33283.65019,35955.23046875,35114.8289,36658.27734375,38199.23954
2017-05-08 22:50:00,33791.67578125,31884.41065,34210.07421875,32498.85932,34656.5625,33283.65019,35904.0859375,35114.8289,36975.6171875,38199.23954,37713.59765625,39963.4981
2017-05-08 23:00:00,34623.20703125,32498.85932,35095.11328125,33283.65019,35592.328125,35114.8289,36915.6171875,38199.23954,38045.26171875,39963.4981,38779.06640625,40298.09886
2017-05-08 23:10:00,35644.61328125,33283.65019,36203.96484375,35114.8289,36748.45703125,38199.23954,38111.99609375,39963.4981,39317.8671875,40298.09886,40067.1875,40328.51711
2017-05-08 23:20:00,36948.5234375,35114.8289,37558.625,38199.23954,38171.484375,39963.4981,39473.55078125,40298.09886,40617.66796875,40328.51711,41313.203125,40310.26616
2017-05-08 23:30:00,38285.62109375,38199.23954,38950.09375,39963.4981,39543.4609375,40298.09886,40725.60546875,40328.51711,41787.78125,40310.26616,42334.75390625,40584.03042
2017-05-08 23:40:00,39429.62890625,39963.4981,40086.0703125,40298.09886,40587.03125,40328.51711,41464.07421875,40310.26616,42308.953125,40584.03042,42589.88671875,41101.14068
2017-05-08 23:50:00,40581.859375,40298.09886,41237.01953125,40328.51711,41588.1953125,40310.26616,42103.14453125,40584.03042,42808.15625,41101.14068,42872.203125,40942.96578
2017-05-09 00:00:00,40912.12109375,40328.51711,41487.25,40310.26616,41649.25390625,40584.03042,41798.87890625,41101.14068,42371.01953125,40942.96578,42250.09765625,40754.37262
2017-05-09 00:10:00,41052.17578125,40310.26616,41572.94921875,40584.03042,41564.40625,41101.14068,41521.15625,40942.96578,41980.01171875,40754.37262,41771.98828125,40760.45627
2017-05-09 00:20:00,40965.9453125,40584.03042,41439.09375,41101.14068,41353.8203125,40942.96578,41197.578125,40754.37262,41557.03515625,40760.45627,41318.67578125,40748.28897
2017-05-09 00:30:00,40808.86328125,41101.14068,41244.609375,40942.96578,41125.51953125,40754.37262,40901.26171875,40760.45627,41185.05859375,40748.28897,40912.2578125,40863.87833
2017-05-09 00:40:00,40717.69140625,40942.96578,41091.65234375,40754.37262,40960.046875,40760.45627,40717.140625,40748.28897,40890.7734375,40863.87833,40621.953125,40833.46008
2017-05-09 00:50:00,40820.92578125,40754.37262,41129.34375,40760.45627,40991.2265625,40748.28897,40729.37890625,40863.87833,40822.21484375,40833.46008,40552.80078125,40480.60837
2017-05-09 01:00:00,40772.8359375,40760.45627,41011.2421875,40748.28897,40874.11328125,40863.87833,40611.328125,40833.46008,40625.0,40480.60837,40362.1640625,39926.9962
2017-05-09 01:10:00,40787.8984375,40748.28897,40973.5546875,40863.87833,40833.4453125,40833.46008,40552.640625,40480.60837,40523.3984375,39926.9962,40249.27734375,39853.9924
2017-05-09 01:20:00,40669.9609375,40863.87833,40793.96484375,40833.46008,40642.23828125,40480.60837,40346.07421875,39926.9962,40277.515625,39853.9924,39984.19921875,39744.48669
2017-05-09 01:30:00,40719.05078125,40833.46008,40780.54296875,40480.60837,40626.69921875,39926.9962,40309.80859375,39853.9924,40196.19921875,39744.48669,39895.2734375,40048.6692
2017-05-09 01:40:00,40577.8984375,40480.60837,40568.92578125,39926.9962,40410.390625,39853.9924,40068.28515625,39744.48669,39911.0,40048.6692,39589.2734375,39866.1597
2017-05-09 01:50:00,40540.2265625,39926.9962,40474.1171875,39853.9924,40298.2734375,39744.48669,39923.72265625,40048.6692,39733.96875,39866.1597,39395.4921875,39549.80989
2017-05-09 02:00:00,40332.734375,39853.9924,40199.69921875,39744.48669,40004.16015625,40048.6692,39593.625,39866.1597,39378.47265625,39549.80989,39026.6328125,38850.19011
2017-05-09 02:10:00,40162.05859375,39744.48669,39971.98046875,40048.6692,39761.42578125,39866.1597,39311.21484375,39549.80989,39064.51953125,38850.19011,38718.18359375,38436.5019
2017-05-09 02:20:00,39931.33203125,40048.6692,39670.3828125,39866.1597,39444.0234375,39549.80989,38964.484375,38850.19011,38694.25390625,38436.5019,38329.86328125,38187.07224
2017-05-09 02:30:00,39681.6015625,39866.1597,39354.44921875,39549.80989,39117.6796875,38850.19011,38595.87890625,38436.5019,38285.43359375,38187.07224,37921.94140625,37767.30038
2017-05-09 02:40:00,39399.96875,39549.80989,39007.12109375,38850.19011,38756.64453125,38436.5019,38203.7890625,38187.07224,37872.09375,37767.30038,37484.21484375,37274.52471
2017-05-09 02:50:00,39145.53125,38850.19011,38694.98828125,38436.5019,38433.515625,38187.07224,37849.4375,37767.30038,37483.078125,37274.52471,37076.91796875,36653.9924
2017-05-09 03:00:00,38834.7265625,38436.5019,38324.0390625,38187.07224,38049.4296875,37767.30038,37443.78515625,37274.52471,37038.68359375,36653.9924,36610.6015625,36045.62738
2017-05-09 03:10:00,38497.04296875,38187.07224,37929.5546875,37767.30038,37639.40234375,37274.52471,37010.10546875,36653.9924,36565.01171875,36045.62738,36113.9765625,35571.10266
2017-05-09 03:20:00,38117.1484375,37767.30038,37495.2421875,37274.52471,37177.99609375,36653.9924,36533.9765625,36045.62738,36046.078125,35571.10266,35559.26171875,35041.8251
2017-05-09 03:30:00,37782.87890625,37274.52471,37122.0078125,36653.9924,36774.3125,36045.62738,36110.63671875,35571.10266,35594.21875,35041.8251,35065.1015625,34427.37643
2017-05-09 03:40:00,37355.48046875,36653.9924,36665.86328125,36045.62738,36270.40625,35571.10266,35586.26953125,35041.8251,35033.90234375,34427.37643,34471.09765625,33958.93536
2017-05-09 03:50:00,36892.7421875,36045.62738,36181.453125,35571.10266,35732.34765625,35041.8251,35034.03515625,34427.37643,34441.50390625,33958.93536,33845.33203125,33551.3308
2017-05-09 04:00:00,36323.50390625,35571.10266,35590.6875,35041.8251,35083.7734375,34427.37643,34380.71484375,33958.93536,33733.73828125,33551.3308,33102.0390625,32973.38403
2017-05-09 04:10:00,35774.10546875,35041.8251,35028.64453125,34427.37643,34469.3671875,33958.93536,33768.6484375,33551.3308,33099.85546875,32973.38403,32414.91015625,32085.1711
2017-05-09 04:20:00,35163.53515625,34427.37643,34393.4921875,33958.93536,33787.7890625,33551.3308,33092.953125,32973.38403,32408.4140625,32085.1711,31672.607421875,31263.87833
2017-05-09 04:30:00,34512.2578125,33958.93536,33721.03515625,33551.3308,33085.6796875,32973.38403,32389.7578125,32085.1711,31706.56640625,31263.87833,30930.23046875,30400.0
2017-05-09 04:40:00,33812.9453125,33551.3308,33011.48828125,32973.38403,32341.54296875,32085.1711,31649.3671875,31263.87833,30995.677734375,30400.0,30175.6796875,29718.63118
2017-05-09 04:50:00,33113.89453125,32973.38403,32289.87109375,32085.1711,31615.623046875,31263.87833,30925.671875,30400.0,30322.111328125,29718.63118,29447.56640625,28873.0038
2017-05-09 05:00:00,32303.59375,32085.1711,31472.033203125,31263.87833,30799.6796875,30400.0,30122.267578125,29718.63118,29580.4296875,28873.0038,28673.470703125,27802.28137
2017-05-09 05:10:00,31534.166015625,31263.87833,30682.01171875,30400.0,30032.443359375,29718.63118,29371.548828125,28873.0038,28889.296875,27802.28137,27964.931640625,27133.07985
2017-05-09 05:20:00,30770.283203125,30400.0,29908.5703125,29718.63118,29285.556640625,28873.0038,28656.896484375,27802.28137,28236.80859375,27133.07985,27321.23828125,26463.87833
2017-05-09 05:30:00,30095.185546875,29718.63118,29226.880859375,28873.0038,28639.783203125,27802.28137,28046.626953125,27133.07985,27670.25390625,26463.87833,26774.4609375,25977.18631
2017-05-09 05:40:00,29397.126953125,28873.0038,28532.908203125,27802.28137,27992.37109375,27133.07985,27432.630859375,26463.87833,27083.890625,25977.18631,26236.85546875,25423.57414
2017-05-09 05:50:00,28828.212890625,27802.28137,27961.822265625,27133.07985,27473.44140625,26463.87833,26942.64453125,25977.18631,26615.423828125,25423.57414,25792.052734375,24949.04943
2017-05-09 06:00:00,28242.4609375,27133.07985,27388.69140625,26463.87833,26956.470703125,25977.18631,26466.541015625,25423.57414,26144.041015625,24949.04943,25379.25390625,24711.78707
2017-05-09 06:10:00,27749.876953125,26463.87833,26890.845703125,25977.18631,26515.5390625,25423.57414,26071.462890625,24949.04943,25741.046875,24711.78707,25012.94140625,24371.10266
2017-05-09 06:20:00,27145.822265625,25977.18631,26349.267578125,25423.57414,26027.158203125,24949.04943,25581.076171875,24711.78707,25295.880859375,24371.10266,24578.177734375,23598.47909
2017-05-09 06:30:00,26611.693359375,25423.57414,25853.109375,24949.04943,25584.59375,24711.78707,25153.78515625,24371.10266,24904.158203125,23598.47909,24203.333984375,23209.12548
2017-05-09 06:40:00,26195.494140625,24949.04943,25475.953125,24711.78707,25254.677734375,24371.10266,24816.6796875,23598.47909,24593.728515625,23209.12548,23910.025390625,22813.68821
2017-05-09 06:50:00,25829.041015625,24711.78707,25164.703125,24371.10266,24981.294921875,23598.47909,24565.357421875,23209.12548,24365.365234375,22813.68821,23701.453125,22503.42205
2017-05-09 07:00:00,25486.970703125,24371.10266,24887.55078125,23598.47909,24727.9453125,23209.12548,24330.708984375,22813.68821,24142.548828125,22503.42205,23511.96484375,22308.74525
2017-05-09 07:10:00,25218.505859375,23598.47909,24662.71484375,23209.12548,24527.314453125,22813.68821,24165.107421875,22503.42205,23983.09375,22308.74525,23373.017578125,22187.07224
2017-05-09 07:20:00,24926.7578125,23209.12548,24429.796875,22813.68821,24304.345703125,22503.42205,23969.4296875,22308.74525,23799.9921875,22187.07224,23231.6015625,22217.49049
2017-05-09 07:30:00,24702.451171875,22813.68821,24238.529296875,22503.42205,24144.0625,22308.74525,23821.033203125,22187.07224,23667.68359375,22217.49049,23130.060546875,22205.32319
2017-05-09 07:40:00,24457.98046875,22503.42205,24050.240234375,22308.74525,23966.126953125,22187.07224,23661.46484375,22217.49049,23521.578125,22205.32319,23026.583984375,22065.39924
2017-05-09 07:50:00,24274.658203125,22308.74525,23900.818359375,22187.07224,23839.78515625,22217.49049,23545.828125,22205.32319,23413.5859375,22065.39924,22956.978515625,22120.15209
2017-05-09 08:00:00,24082.021484375,22187.07224,23754.24609375,22217.49049,23700.68359375,22205.32319,23443.705078125,22065.39924,23301.23046875,22120.15209,22901.421875,22028.89734
2017-05-09 08:10:00,23950.01953125,22217.49049,23635.033203125,22205.32319,23604.69140625,22065.39924,23368.20703125,22120.15209,23247.44921875,22028.89734,22870.7109375,21749.04943
2017-05-09 08:20:00,23789.548828125,22205.32319,23505.271484375,22065.39924,23484.546875,22120.15209,23277.84765625,22028.89734,23149.705078125,21749.04943,22834.42578125,21688.21293
2017-05-09 08:30:00,23719.248046875,22065.39924,23445.91796875,22120.15209,23439.224609375,22028.89734,23260.9921875,21749.04943,23122.4765625,21688.21293,22843.302734375,21590.87452
2017-05-09 08:40:00,23603.31640625,22120.15209,23335.28125,22028.89734,23341.435546875,21749.04943,23189.515625,21688.21293,23038.634765625,21590.87452,22803.748046875,21365.77947
2017-05-09 08:50:00,23541.53515625,22028.89734,23275.4453125,21749.04943,23302.9375,21688.21293,23159.552734375,21590.87452,23006.9140625,21365.77947,22791.88671875,21238.02281
2017-05-09 09:00:00,23451.130859375,21749.04943,23192.87890625,21688.21293,23228.330078125,21590.87452,23097.330078125,21365.77947,22935.759765625,21238.02281,22759.259765625,21104.18251
2017-05-09 09:10:00,23408.462890625,21688.21293,23136.6484375,21590.87452,23191.1171875,21365.77947,23082.63671875,21238.02281,22894.41015625,21104.18251,22725.66015625,21311.02662
2017-05-09 09:20:00,23325.259765625,21590.87452,23051.23046875,21365.77947,23115.3671875,21238.02281,23012.501953125,21104.18251,22812.046875,21311.02662,22672.3203125,21317.11027
2017-05-09 09:30:00,23269.4453125,21365.77947,22990.73046875,21238.02281,23068.265625,21104.18251,22981.146484375,21311.02662,22751.99609375,21317.11027,22624.978515625,21244.10646
2017-05-09 09:40:00,23205.865234375,21238.02281,22933.16796875,21104.18251,23017.322265625,21311.02662,22947.390625,21317.11027,22697.9375,21244.10646,22591.248046875,21122.43346
2017-05-09 09:50:00,23154.212890625,21104.18251,22863.861328125,21311.02662,22960.640625,21317.11027,22908.787109375,21244.10646,22629.068359375,21122.43346,22539.337890625,21317.11027
2017-05-09 10:00:00,23075.1953125,21311.02662,22797.044921875,21317.11027,22899.125,21244.10646,22853.83984375,21122.43346,22564.806640625,21317.11027,22491.224609375,21329.27757
2017-05-09 10:10:00,23008.95703125,21317.11027,22738.900390625,21244.10646,22845.845703125,21122.43346,22807.90625,21317.11027,22505.392578125,21329.27757,22450.796875,21061.59696
2017-05-09 10:20:00,22899.958984375,21244.10646,22650.298828125,21122.43346,22756.15234375,21317.11027,22722.1015625,21329.27757,22425.732421875,21061.59696,22394.607421875,20982.50951
2017-05-09 10:30:00,22840.412109375,21122.43346,22593.3046875,21317.11027,22712.357421875,21329.27757,22679.63671875,21061.59696,22392.091796875,20982.50951,22364.775390625,21000.76046
2017-05-09 10:40:00,22761.85546875,21317.11027,22529.388671875,21329.27757,22652.51953125,21061.59696,22625.287109375,20982.50951,22354.482421875,21000.76046,22340.015625,21037.26236
2017-05-09 10:50:00,22663.75390625,21329.27757,22439.607421875,21061.59696,22578.357421875,20982.50951,22548.099609375,21000.76046,22300.0078125,21037.26236,22289.58203125,21219.77186
2017-05-09 11:00:00,22575.126953125,21061.59696,22365.236328125,20982.50951,22511.01171875,21000.76046,22486.2265625,21037.26236,22256.361328125,21219.77186,22256.138671875,21767.30038
2017-05-09 11:10:00,22500.75390625,20982.50951,22294.806640625,21000.76046,22452.080078125,21037.26236,22435.1484375,21219.77186,22228.7265625,21767.30038,22231.6015625,22777.18631
2017-05-09 11:20:00,22393.98046875,21000.76046,22196.740234375,21037.26236,22361.533203125,21219.77186,22350.8828125,21767.30038,22171.73046875,22777.18631,22188.330078125,23008.36502
2017-05-09 11:30:00,22315.19140625,21037.26236,22122.427734375,21219.77186,22296.703125,21767.30038,22292.791015625,22777.18631,22143.4453125,23008.36502,22169.44140625,23190.87452
2017-05-09 11:40:00,22262.34375,21219.77186,22076.41796875,21767.30038,22266.2734375,22777.18631,22283.26953125,23008.36502,22164.90625,23190.87452,22192.46875,23288.21293
2017-05-09 11:50:00,22198.703125,21767.30038,22015.533203125,22777.18631,22218.833984375,23008.36502,22248.734375,23190.87452,22170.9765625,23288.21293,22209.880859375,23519.39163
2017-05-09 12:00:00,22169.419921875,22777.18631,22000.8828125,23008.36502,22212.751953125,23190.87452,22270.33984375,23288.21293,22224.7578125,23519.39163,22284.49609375,23355.13308
2017-05-09 12:10:00,22170.71875,23008.36502,22022.45703125,23190.87452,22253.64453125,23288.21293,22335.142578125,23519.39163,22332.033203125,23355.13308,22399.033203125,22752.85171
2017-05-09 12:20:00,22228.509765625,23190.87452,22101.236328125,23288.21293,22353.142578125,23519.39163,22474.76171875,23355.13308,22508.650390625,22752.85171,22585.345703125,22807.60456
2017-05-09 12:30:00,22322.318359375,23288.21293,22212.11328125,23519.39163,22493.859375,23355.13308,22655.8671875,22752.85171,22734.25,22807.60456,22817.39453125,23087.45247
2017-05-09 12:40:00,22484.24609375,23519.39163,22411.259765625,23355.13308,22725.251953125,22752.85171,22942.78515625,22807.60456,23053.6640625,23087.45247,23155.09765625,23050.95057
2017-05-09 12:50:00,22690.66015625,23355.13308,22658.10546875,22752.85171,23009.185546875,22807.60456,23282.31640625,23087.45247,23435.626953125,23050.95057,23557.619140625,23087.45247
2017-05-09 13:00:00,22978.375,22752.85171,22994.630859375,22807.60456,23389.65625,23087.45247,23712.8359375,23050.95057,23897.96484375,23087.45247,24056.537109375,22789.35361
2017-05-09 13:10:00,23290.23828125,22807.60456,23363.009765625,23087.45247,23792.25,23050.95057,24154.412109375,23087.45247,24359.451171875,22789.35361,24545.572265625,22789.35361
2017-05-09 13:20:00,23656.33203125,23087.45247,23773.064453125,23050.95057,24224.71484375,23087.45247,24618.158203125,22789.35361,24843.5703125,22789.35361,25068.544921875,23373.38403
2017-05-09 13:30:00,24016.916015625,23050.95057,24169.259765625,23087.45247,24633.408203125,22789.35361,25055.298828125,22789.35361,25302.998046875,23373.38403,25547.01953125,24103.42205
2017-05-09 13:40:00,24386.572265625,23087.45247,24579.619140625,22789.35361,25047.900390625,22789.35361,25492.96484375,23373.38403,25760.109375,24103.42205,26019.802734375,24869.96198
2017-05-09 13:50:00,24717.037109375,22789.35361,24936.123046875,22789.35361,25391.947265625,23373.38403,25846.318359375,24103.42205,26145.974609375,24869.96198,26416.865234375,25484.41065
2017-05-09 14:00:00,25039.009765625,22789.35361,25279.5625,23373.38403,25722.8125,24103.42205,26179.376953125,24869.96198,26502.98046875,25484.41065,26786.595703125,25837.26236
2017-05-09 14:10:00,25379.931640625,23373.38403,25628.337890625,24103.42205,26056.8046875,24869.96198,26516.189453125,25484.41065,26856.025390625,25837.26236,27135.375,26396.95817
2017-05-09 14:20:00,25675.072265625,24103.42205,25932.841796875,24869.96198,26331.21875,25484.41065,26784.89453125,25837.26236,27145.298828125,26396.95817,27420.55859375,26926.23574
2017-05-09 14:30:00,26015.78125,24869.96198,26272.005859375,25484.41065,26650.482421875,25837.26236,27097.287109375,26396.95817,27468.029296875,26926.23574,27729.7578125,27297.3384
2017-05-09 14:40:00,26392.234375,25484.41065,26656.455078125,25837.26236,27010.98046875,26396.95817,27455.623046875,26926.23574,27831.037109375,27297.3384,28077.25,27954.37262
2017-05-09 14:50:00,26816.1015625,25837.26236,27078.197265625,26396.95817,27408.078125,26926.23574,27847.61328125,27297.3384,28215.73046875,27954.37262,28437.591796875,28477.56654
2017-05-09 15:00:00,27270.55859375,26396.95817,27520.83984375,26926.23574,27833.318359375,27297.3384,28267.029296875,27954.37262,28620.490234375,28477.56654,28825.771484375,28641.8251
2017-05-09 15:10:00,27764.0859375,26926.23574,28005.1640625,27297.3384,28306.966796875,27954.37262,28732.01953125,28477.56654,29058.3203125,28641.8251,29245.13671875,28946.0076
2017-05-09 15:20:00,28319.75390625,27297.3384,28543.51171875,27954.37262,28838.630859375,28477.56654,29255.50390625,28641.8251,29545.896484375,28946.0076,29723.6171875,29171.10266
2017-05-09 15:30:00,28826.169921875,27954.37262,29031.453125,28477.56654,29314.07421875,28641.8251,29718.201171875,28946.0076,29966.662109375,29171.10266,30124.833984375,30041.06464
2017-05-09 15:40:00,29294.392578125,28477.56654,29485.43359375,28641.8251,29749.3203125,28946.0076,30142.5,29171.10266,30355.982421875,30041.06464,30487.91015625,30387.8327
2017-05-09 15:50:00,29787.53125,28641.8251,29962.611328125,28946.0076,30220.8125,29171.10266,30595.388671875,30041.06464,30765.447265625,30387.8327,30877.330078125,30418.25095
2017-05-09 16:00:00,30227.166015625,28946.0076,30382.912109375,29171.10266,30623.544921875,30041.06464,30974.271484375,30387.8327,31103.859375,30418.25095,31199.5390625,30661.59696
2017-05-09 16:10:00,30644.107421875,29171.10266,30786.962890625,30041.06464,31007.658203125,30387.8327,31339.5,30418.25095,31426.21484375,30661.59696,31512.021484375,31136.12167
2017-05-09 16:20:00,31029.6953125,30041.06464,31159.923828125,30387.8327,31360.962890625,30418.25095,31664.953125,30661.59696,31714.740234375,31136.12167,31793.236328125,31543.72624
2017-05-09 16:30:00,31357.962890625,30387.8327,31475.486328125,30418.25095,31655.150390625,30661.59696,31932.748046875,31136.12167,31944.3203125,31543.72624,32008.830078125,31762.73764
2017-05-09 16:40:00,31682.189453125,30418.25095,31785.9453125,30661.59696,31940.712890625,31136.12167,32196.111328125,31543.72624,32177.447265625,31762.73764,32236.31640625,31981.74905
2017-05-09 16:50:00,31965.857421875,30661.59696,32054.3515625,31136.12167,32185.443359375,31543.72624,32420.390625,31762.73764,32357.3984375,31981.74905,32410.28515625,32383.26996
2017-05-09 17:00:00,32210.919921875,31136.12167,32272.478515625,31543.72624,32380.1875,31762.73764,32601.5625,31981.74905,32504.21484375,32383.26996,32559.41015625,32547.52852
2017-05-09 17:10:00,32413.46484375,31543.72624,32462.236328125,31762.73764,32545.53515625,31981.74905,32751.572265625,32383.26996,32618.685546875,32547.52852,32679.248046875,32316.34981
2017-05-09 17:20:00,32635.275390625,31762.73764,32660.318359375,31981.74905,32717.443359375,32383.26996,32912.125,32547.52852,32748.6953125,32316.34981,32814.48046875,32255.51331
2017-05-09 17:30:00,32799.01171875,31981.74905,32797.23046875,32383.26996,32834.375,32547.52852,33014.66015625,32316.34981,32816.80078125,32255.51331,32883.7421875,32492.77567
2017-05-09 17:40:00,32978.1484375,32383.26996,32956.31640625,32547.52852,32959.4609375,32316.34981,33127.4375,32255.51331,32913.5546875,32492.77567,32975.52734375,32407.60456
2017-05-09 17:50:00,33084.7890625,32547.52852,33036.51953125,32316.34981,33013.25,32255.51331,33163.44140625,32492.77567,32926.640625,32407.60456,32990.77734375,32267.68061
2017-05-09 18:00:00,33223.09765625,32316.34981,33152.0234375,32255.51331,33111.515625,32492.77567,33237.3125,32407.60456,32980.6796875,32267.68061,33054.80859375,32285.93156
2017-05-09 18:10:00,33339.21484375,32255.51331,33251.66796875,32492.77567,33182.58984375,32407.60456,33286.6875,32267.68061,33023.29296875,32285.93156,33092.7109375,32133.8403
2017-05-09 18:20:00,33425.5078125,32492.77567,33320.96875,32407.60456,33239.03515625,32267.68061,33312.0703125,32285.93156,33036.80078125,32133.8403,33116.984375,31671.48289
2017-05-09 18:30:00,33496.4921875,32407.60456,33360.9140625,32267.68061,33263.30859375,32285.93156,33319.11328125,32133.8403,33032.90625,31671.48289,33124.9140625,31488.97338
2017-05-09 18:40:00,33565.7890625,32267.68061,33410.58203125,32285.93156,33308.04296875,32133.8403,33332.94921875,31671.48289,33031.41796875,31488.97338,33142.98828125,31452.47148
2017-05-09 18:50:00,33523.07421875,32285.93156,33335.16015625,32133.8403,33229.5390625,31671.48289,33226.59765625,31488.97338,32912.765625,31452.47148,33046.4921875,31543.72624
2017-05-09 19:00:00,33524.3984375,32133.8403,33307.5546875,31671.48289,33198.80859375,31488.97338,33181.21875,31452.47148,32848.59375,31543.72624,33005.890625,31190.87452
2017-05-09 19:10:00,33446.7890625,31671.48289,33207.8046875,31488.97338,33099.55859375,31452.47148,33056.92578125,31543.72624,32715.251953125,31190.87452,32903.03515625,31117.87072
2017-05-09 19:20:00,33376.02734375,31488.97338,33106.6328125,31452.47148,33002.59375,31543.72624,32937.0625,31190.87452,32597.37890625,31117.87072,32808.40625,31288.21293
2017-05-09 19:30:00,33200.28515625,31452.47148,32910.3984375,31543.72624,32811.9140625,31190.87452,32733.208984375,31117.87072,32387.58984375,31288.21293,32641.517578125,31647.14829
2017-05-09 19:40:00,33004.4140625,31543.72624,32685.478515625,31190.87452,32603.9921875,31117.87072,32519.458984375,31288.21293,32163.16015625,31647.14829,32475.123046875,31744.48669
2017-05-09 19:50:00,32759.548828125,31190.87452,32426.38671875,31117.87072,32360.30859375,31288.21293,32274.587890625,31647.14829,31927.26953125,31744.48669,32288.708984375,31616.73004
2017-05-09 20:00:00,32547.498046875,31117.87072,32212.423828125,31288.21293,32172.451171875,31647.14829,32089.951171875,31744.48669,31742.966796875,31616.73004,32150.111328125,31561.97719
2017-05-09 20:10:00,32263.005859375,31288.21293,31938.43359375,31647.14829,31924.58984375,31744.48669,31854.357421875,31616.73004,31536.630859375,31561.97719,31997.169921875,31087.45247
2017-05-09 20:20:00,32015.380859375,31647.14829,31703.453125,31744.48669,31710.275390625,31616.73004,31650.751953125,31561.97719,31359.72265625,31087.45247,31856.646484375,30923.19392
2017-05-09 20:30:00,31745.123046875,31744.48669,31464.107421875,31616.73004,31491.609375,31561.97719,31465.265625,31087.45247,31215.61328125,30923.19392,31752.87890625,30904.94297
2017-05-09 20:40:00,31588.9921875,31616.73004,31345.46875,31561.97719,31393.208984375,31087.45247,31402.23046875,30923.19392,31193.267578125,30904.94297,31743.333984375,30953.61217
2017-05-09 20:50:00,31408.064453125,31561.97719,31209.6796875,31087.45247,31278.935546875,30923.19392,31342.86328125,30904.94297,31189.83984375,30953.61217,31753.99609375,30692.01521
2017-05-09 21:00:00,31290.3515625,31087.45247,31125.138671875,30923.19392,31212.603515625,30904.94297,31333.18359375,30953.61217,31241.814453125,30692.01521,31817.48046875,30521.673
2017-05-09 21:10:00,31220.216796875,30923.19392,31103.126953125,30904.94297,31214.875,30953.61217,31402.212890625,30692.01521,31373.419921875,30521.673,31969.634765625,30533.8403
2017-05-09 21:20:00,31140.65234375,30904.94297,31071.134765625,30953.61217,31210.955078125,30692.01521,31463.951171875,30521.673,31501.892578125,30533.8403,32111.8671875,30515.58935
2017-05-09 21:30:00,31066.892578125,30953.61217,31044.24609375,30692.01521,31204.220703125,30521.673,31534.49609375,30533.8403,31638.857421875,30515.58935,32264.681640625,30655.51331
2017-05-09 21:40:00,31142.037109375,30692.01521,31155.296875,30521.673,31329.716796875,30533.8403,31731.591796875,30515.58935,31897.22265625,30655.51331,32539.375,31269.96198
2017-05-09 21:50:00,31099.96484375,30521.673,31185.216796875,30533.8403,31385.931640625,30515.58935,31883.66796875,30655.51331,32140.58984375,31269.96198,32771.17578125,31531.55894
2017-05-09 22:00:00,31170.279296875,30533.8403,31320.951171875,30515.58935,31541.185546875,30655.51331,32144.662109375,31269.96198,32521.234375,31531.55894,33149.3671875,31793.15589
2017-05-09 22:10:00,31166.556640625,30515.58935,31399.748046875,30655.51331,31655.5546875,31269.96198,32368.79296875,31531.55894,32818.66796875,31793.15589,33469.24609375,32279.84791
2017-05-09 22:20:00,31352.490234375,30655.51331,31629.44921875,31269.96198,31902.359375,31531.55894,32701.880859375,31793.15589,33226.18359375,32279.84791,33876.95703125,33247.14829
2017-05-09 22:30:00,31748.912109375,31269.96198,32085.59765625,31531.55894,32404.91796875,31793.15589,33303.3125,32279.84791,33942.75390625,33247.14829,34636.03125,34980.98859
2017-05-09 22:40:00,32151.232421875,31531.55894,32548.310546875,31793.15589,32908.8515625,32279.84791,33908.6953125,33247.14829,34687.171875,34980.98859,35417.22265625,37438.78327
2017-05-09 22:50:00,32909.703125,31793.15589,33367.72265625,32279.84791,33792.77734375,33247.14829,34922.5546875,34980.98859,35816.57421875,37438.78327,36580.95703125,39628.89734
2017-05-09 23:00:00,33699.1953125,32279.84791,34221.1640625,33247.14829,34669.20703125,34980.98859,35885.95703125,37438.78327,36856.0234375,39628.89734,37622.78515625,40498.85932
2017-05-09 23:10:00,34975.38671875,33247.14829,35563.82421875,34980.98859,36090.37109375,37438.78327,37356.203125,39628.89734,38408.1171875,40498.85932,39165.703125,40553.61217
2017-05-09 23:20:00,36329.30859375,34980.98859,36987.06640625,37438.78327,37521.9296875,39628.89734,38708.109375,40498.85932,39763.7578125,40553.61217,40390.44140625,40857.79468
2017-05-09 23:30:00,37737.39453125,37438.78327,38414.1171875,39628.89734,38949.67578125,40498.85932,39998.5703125,40553.61217,40952.97265625,40857.79468,41417.66796875,40863.87833
2017-05-09 23:40:00,38792.859375,39628.89734,39494.08203125,40498.85932,39941.1953125,40553.61217,40709.21875,40857.79468,41508.1640625,40863.87833,41761.578125,40705.70342
2017-05-09 23:50:00,39770.25,40498.85932,40443.87890625,40553.61217,40766.66796875,40857.79468,41194.9765625,40863.87833,41826.25,40705.70342,41872.88671875,40584.03042
2017-05-10 00:00:00,39935.14453125,40553.61217,40540.97265625,40857.79468,40712.328125,40863.87833,40880.98046875,40705.70342,41403.3203125,40584.03042,41292.37890625,40346.76806
2017-05-10 00:10:00,39960.8359375,40857.79468,40486.41015625,40863.87833,40544.7890625,40705.70342,40529.91796875,40584.03042,40914.21484375,40346.76806,40710.84375,40322.43346
2017-05-10 00:20:00,39882.44140625,40863.87833,40368.66015625,40705.70342,40344.1953125,40584.03042,40220.3515625,40346.76806,40542.0703125,40322.43346,40275.9921875,40395.43726
2017-05-10 00:30:00,39887.22265625,40705.70342,40321.86328125,40584.03042,40261.15234375,40346.76806,40066.0390625,40322.43346,40304.8828125,40395.43726,40006.8515625,40504.94297
2017-05-10 00:40:00,40057.82421875,40584.03042,40461.67578125,40346.76806,40382.7421875,40322.43346,40144.59375,40395.43726,40305.56640625,40504.94297,40007.42578125,40279.84791
2017-05-10 00:50:00,40159.31640625,40346.76806,40504.98828125,40322.43346,40416.1796875,40395.43726,40156.75,40504.94297,40245.21484375,40279.84791,39959.54296875,40139.92395
2017-05-10 01:00:00,40141.94921875,40322.43346,40425.99609375,40395.43726,40331.3671875,40504.94297,40063.78515625,40279.84791,40085.9609375,40139.92395,39796.21875,39866.1597
2017-05-10 01:10:00,40271.0625,40395.43726,40476.73828125,40504.94297,40368.39453125,40279.84791,40085.7265625,40139.92395,40041.73828125,39866.1597,39761.14453125,39695.81749
2017-05-10 01:20:00,40173.5859375,40504.94297,40335.484375,40279.84791,40220.48046875,40139.92395,39918.51171875,39866.1597,39827.8984375,39695.81749,39554.86328125,39361.21673
2017-05-10 01:30:00,40207.8046875,40279.84791,40296.43359375,40139.92395,40180.44140625,39866.1597,39845.20703125,39695.81749,39691.30859375,39361.21673,39438.3046875,39622.81369
2017-05-10 01:40:00,40125.0078125,40139.92395,40156.9140625,39866.1597,40043.875,39695.81749,39676.33984375,39361.21673,39491.05078125,39622.81369,39240.1171875,39853.9924
2017-05-10 01:50:00,40090.9296875,39866.1597,40055.90625,39695.81749,39933.1640625,39361.21673,39530.0703125,39622.81369,39307.8515625,39853.9924,39029.4609375,39628.89734
2017-05-10 02:00:00,39960.484375,39695.81749,39870.109375,39361.21673,39722.02734375,39622.81369,39274.8359375,39853.9924,39065.03125,39628.89734,38748.4609375,39269.96198
2017-05-10 02:10:00,39781.1171875,39361.21673,39618.52734375,39622.81369,39450.33203125,39853.9924,38968.359375,39628.89734,38715.82421875,39269.96198,38390.8046875,38485.1711
2017-05-10 02:20:00,39585.78515625,39622.81369,39356.125,39853.9924,39160.4921875,39628.89734,38636.171875,39269.96198,38374.09375,38485.1711,38037.0546875,38156.65399
2017-05-10 02:30:00,39275.25,39853.9924,38970.86328125,39628.89734,38770.96875,39269.96198,38206.42578125,38485.1711,37913.92578125,38156.65399,37555.3515625,38107.98479
2017-05-10 02:40:00,39028.56640625,39628.89734,38666.74609375,39269.96198,38453.76171875,38485.1711,37849.8984375,38156.65399,37545.953125,38107.98479,37179.76953125,37803.80228
2017-05-10 02:50:00,38722.96875,39269.96198,38296.1640625,38485.1711,38072.109375,38156.65399,37447.40625,38107.98479,37118.51171875,37803.80228,36711.00390625,37457.03422
2017-05-10 03:00:00,38475.09375,38485.1711,37989.515625,38156.65399,37754.08984375,38107.98479,37107.84375,37803.80228,36766.8671875,37457.03422,36349.5078125,36891.25475
2017-05-10 03:10:00,38140.53125,38156.65399,37605.73828125,38107.98479,37359.640625,37803.80228,36719.6640625,37457.03422,36331.40234375,36891.25475,35870.82421875,36337.64259
2017-05-10 03:20:00,37817.0,38107.98479,37248.96484375,37803.80228,36960.00390625,37457.03422,36301.62890625,36891.25475,35882.546875,36337.64259,35403.57421875,35759.69582
2017-05-10 03:30:00,37452.32421875,37803.80228,36841.91015625,37457.03422,36523.6015625,36891.25475,35865.60546875,36337.64259,35422.640625,35759.69582,34902.98828125,35273.0038
2017-05-10 03:40:00,37079.89453125,37457.03422,36462.84765625,36891.25475,36089.77734375,36337.64259,35414.89453125,35759.69582,34946.8984375,35273.0038,34406.11328125,34676.80608
2017-05-10 03:50:00,36613.8359375,36891.25475,35973.34765625,36337.64259,35550.74609375,35759.69582,34869.60546875,35273.0038,34355.21875,34676.80608,33778.08984375,33940.68441
2017-05-10 04:00:00,36155.49609375,36337.64259,35514.47265625,35759.69582,35016.22265625,35273.0038,34330.98828125,34676.80608,33786.3828125,33940.68441,33181.4375,32979.46768
2017-05-10 04:10:00,35551.546875,35759.69582,34888.62890625,35273.0038,34341.70703125,34676.80608,33668.3828125,33940.68441,33085.35546875,32979.46768,32427.00390625,31902.6616
2017-05-10 04:20:00,35013.4453125,35273.0038,34349.51171875,34676.80608,33738.99609375,33940.68441,33060.59765625,32979.46768,32479.822265625,31902.6616,31790.322265625,31276.04563
2017-05-10 04:30:00,34333.3671875,34676.80608,33626.0625,33940.68441,33002.19140625,32979.46768,32329.921875,31902.6616,31742.755859375,31276.04563,30999.130859375,30126.23574
2017-05-10 04:40:00,33658.21484375,33940.68441,32955.01171875,32979.46768,32286.419921875,31902.6616,31612.013671875,31276.04563,31052.2734375,30126.23574,30269.171875,29475.28517
2017-05-10 04:50:00,32912.4609375,32979.46768,32169.50390625,31902.6616,31512.001953125,31276.04563,30840.2890625,30126.23574,30315.24609375,29475.28517,29475.375,28818.25095
2017-05-10 05:00:00,32209.646484375,31902.6616,31459.76953125,31276.04563,30797.26171875,30126.23574,30130.640625,29475.28517,29654.822265625,28818.25095,28749.09375,28088.21293
2017-05-10 05:10:00,31388.01953125,31276.04563,30611.548828125,30126.23574,29993.4453125,29475.28517,29335.564453125,28818.25095,28910.255859375,28088.21293,27961.166015625,27552.85171
2017-05-10 05:20:00,30747.51953125,30126.23574,29954.20703125,29475.28517,29357.646484375,28818.25095,28693.671875,28088.21293,28320.671875,27552.85171,27354.884765625,26987.07224
2017-05-10 05:30:00,30017.328125,29475.28517,29208.462890625,28818.25095,28668.876953125,28088.21293,28011.78515625,27552.85171,27680.625,26987.07224,26745.748046875,26476.04563
2017-05-10 05:40:00,29351.482421875,28818.25095,28528.5234375,28088.21293,28040.388671875,27552.85171,27396.8046875,26987.07224,27113.02734375,26476.04563,26202.072265625,25873.76426
2017-05-10 05:50:00,28730.419921875,28088.21293,27912.078125,27552.85171,27478.275390625,26987.07224,26864.37109375,26476.04563,26601.166015625,25873.76426,25756.3828125,25417.49049
2017-05-10 06:00:00,28129.201171875,27552.85171,27315.603515625,26987.07224,26925.513671875,26476.04563,26342.01171875,25873.76426,26108.56640625,25417.49049,25284.45703125,24736.12167
2017-05-10 06:10:00,27613.8671875,26987.07224,26802.240234375,26476.04563,26477.927734375,25873.76426,25932.1484375,25417.49049,25684.83984375,24736.12167,24928.63671875,23993.91635
2017-05-10 06:20:00,27075.6875,26476.04563,26294.845703125,25873.76426,26004.083984375,25417.49049,25463.181640625,24736.12167,25256.9609375,23993.91635,24515.037109375,23349.04943
2017-05-10 06:30:00,26546.267578125,25873.76426,25815.091796875,25417.49049,25558.505859375,24736.12167,25052.380859375,23993.91635,24846.87109375,23349.04943,24159.9140625,22886.69202
2017-05-10 06:40:00,26091.56640625,25417.49049,25403.080078125,24736.12167,25173.576171875,23993.91635,24688.033203125,23349.04943,24508.376953125,22886.69202,23857.73828125,22180.98859
2017-05-10 06:50:00,25694.8828125,24736.12167,25057.044921875,23993.91635,24848.419921875,23349.04943,24400.611328125,22886.69202,24219.544921875,22180.98859,23621.615234375,21876.80608
2017-05-10 07:00:00,25304.28515625,23993.91635,24726.869140625,23349.04943,24531.201171875,22886.69202,24105.13671875,22180.98859,23954.099609375,21876.80608,23405.560546875,22034.98099
2017-05-10 07:10:00,24990.146484375,23349.04943,24455.357421875,22886.69202,24270.490234375,22180.98859,23887.37890625,21876.80608,23721.2890625,22034.98099,23217.798828125,22174.90494
2017-05-10 07:20:00,24671.96875,22886.69202,24195.68359375,22180.98859,24017.40234375,21876.80608,23661.546875,22034.98099,23505.677734375,22174.90494,23049.720703125,22047.14829
2017-05-10 07:30:00,24403.31640625,22180.98859,23973.875,21876.80608,23812.515625,22034.98099,23479.076171875,22174.90494,23337.337890625,22047.14829,22932.48828125,21724.71483
2017-05-10 07:40:00,24150.87890625,21876.80608,23780.70703125,22034.98099,23635.251953125,22174.90494,23317.634765625,22047.14829,23176.71484375,21724.71483,22816.583984375,21767.30038
2017-05-10 07:50:00,23923.28515625,22034.98099,23595.650390625,22174.90494,23462.248046875,22047.14829,23180.791015625,21724.71483,23029.412109375,21767.30038,22718.669921875,21663.87833
2017-05-10 08:00:00,23716.8359375,22174.90494,23441.1796875,22047.14829,23316.068359375,21724.71483,23069.69921875,21767.30038,22909.40234375,21663.87833,22646.330078125,21560.45627
2017-05-10 08:10:00,23538.146484375,22047.14829,23287.888671875,21724.71483,23175.3046875,21767.30038,22960.42578125,21663.87833,22808.482421875,21560.45627,22578.86328125,21450.95057
2017-05-10 08:20:00,23366.51171875,21724.71483,23140.69921875,21767.30038,23050.787109375,21663.87833,22858.630859375,21560.45627,22700.486328125,21450.95057,22523.13671875,21414.44867
2017-05-10 08:30:00,23276.58984375,21767.30038,23071.9453125,21663.87833,22986.216796875,21560.45627,22829.642578125,21450.95057,22660.779296875,21414.44867,22522.46875,21225.85551
2017-05-10 08:40:00,23172.052734375,21663.87833,22971.056640625,21560.45627,22892.580078125,21450.95057,22769.044921875,21414.44867,22581.1015625,21225.85551,22479.2265625,21171.10266
2017-05-10 08:50:00,23065.515625,21560.45627,22889.111328125,21450.95057,22823.087890625,21414.44867,22708.89453125,21225.85551,22527.33203125,21171.10266,22450.029296875,21238.02281
2017-05-10 09:00:00,22991.197265625,21450.95057,22813.869140625,21414.44867,22766.771484375,21225.85551,22658.921875,21171.10266,22474.212890625,21238.02281,22415.28125,21335.36122
2017-05-10 09:10:00,22914.271484375,21414.44867,22731.1328125,21225.85551,22706.591796875,21171.10266,22613.19140625,21238.02281,22406.345703125,21335.36122,22370.8046875,21341.44487
2017-05-10 09:20:00,22866.48828125,21225.85551,22673.970703125,21171.10266,22662.12890625,21238.02281,22585.958984375,21335.36122,22362.18359375,21341.44487,22339.037109375,21231.93916
2017-05-10 09:30:00,22806.203125,21171.10266,22612.697265625,21238.02281,22621.505859375,21335.36122,22544.97265625,21341.44487,22295.291015625,21231.93916,22292.255859375,21329.27757
2017-05-10 09:40:00,22759.408203125,21238.02281,22556.998046875,21335.36122,22580.109375,21341.44487,22526.439453125,21231.93916,22251.51171875,21329.27757,22255.98828125,21201.52091
2017-05-10 09:50:00,22686.8359375,21335.36122,22486.298828125,21341.44487,22528.576171875,21231.93916,22470.958984375,21329.27757,22182.150390625,21201.52091,22198.7265625,21341.44487
2017-05-10 10:00:00,22634.146484375,21341.44487,22426.873046875,21231.93916,22486.4921875,21329.27757,22437.0,21201.52091,22134.2109375,21341.44487,22149.515625,21396.19772
2017-05-10 10:10:00,22579.169921875,21231.93916,22364.6875,21329.27757,22439.013671875,21201.52091,22395.271484375,21341.44487,22084.318359375,21396.19772,22102.814453125,21158.93536
2017-05-10 10:20:00,22535.05078125,21329.27757,22322.994140625,21201.52091,22403.439453125,21341.44487,22371.12109375,21396.19772,22059.759765625,21158.93536,22075.865234375,21499.61977
2017-05-10 10:30:00,22454.306640625,21201.52091,22245.74609375,21341.44487,22346.197265625,21396.19772,22313.421875,21158.93536,22009.94921875,21499.61977,22032.24609375,21688.21293
2017-05-10 10:40:00,22375.12109375,21341.44487,22177.23046875,21396.19772,22286.27734375,21158.93536,22249.076171875,21499.61977,21965.0859375,21688.21293,21996.431640625,21627.37643
2017-05-10 10:50:00,22287.171875,21396.19772,22100.009765625,21158.93536,22222.064453125,21499.61977,22184.55078125,21688.21293,21922.220703125,21627.37643,21959.55078125,21742.96578
2017-05-10 11:00:00,22195.00390625,21158.93536,22022.3203125,21499.61977,22150.16796875,21688.21293,22115.591796875,21627.37643,21878.193359375,21742.96578,21921.138671875,22107.98479
2017-05-10 11:10:00,22097.62109375,21499.61977,21924.21875,21688.21293,22056.013671875,21627.37643,22038.947265625,21742.96578,21819.734375,22107.98479,21871.849609375,23057.03422
2017-05-10 11:20:00,22018.064453125,21688.21293,21852.923828125,21627.37643,21997.326171875,21742.96578,21990.380859375,22107.98479,21793.8046875,23057.03422,21846.244140625,23020.53232
2017-05-10 11:30:00,21962.072265625,21627.37643,21802.0078125,21742.96578,21961.552734375,22107.98479,21975.787109375,23057.03422,21801.38671875,23020.53232,21859.869140625,23123.95437
2017-05-10 11:40:00,21904.568359375,21742.96578,21743.38671875,22107.98479,21913.6796875,23057.03422,21936.2734375,23020.53232,21801.41015625,23123.95437,21867.369140625,23355.13308
2017-05-10 11:50:00,21848.978515625,22107.98479,21693.98046875,23057.03422,21883.72265625,23020.53232,21920.236328125,23123.95437,21806.0234375,23355.13308,21901.279296875,23677.56654
2017-05-10 12:00:00,21827.5078125,23057.03422,21692.06640625,23020.53232,21888.142578125,23123.95437,21951.046875,23355.13308,21871.794921875,23677.56654,21981.4296875,23349.04943
2017-05-10 12:10:00,21838.5390625,23020.53232,21708.513671875,23123.95437,21930.513671875,23355.13308,22037.36328125,23677.56654,21991.8515625,23349.04943,22112.291015625,22929.27757
2017-05-10 12:20:00,21893.154296875,23123.95437,21788.97265625,23355.13308,22029.32421875,23677.56654,22185.34765625,23349.04943,22187.400390625,22929.27757,22316.884765625,22643.34601
2017-05-10 12:30:00,21995.95703125,23355.13308,21919.384765625,23677.56654,22186.126953125,23349.04943,22396.65625,22929.27757,22432.94140625,22643.34601,22568.94140625,22685.93156
2017-05-10 12:40:00,22170.611328125,23677.56654,22139.578125,23349.04943,22434.2421875,22929.27757,22703.619140625,22643.34601,22790.59765625,22685.93156,22936.306640625,22722.43346
2017-05-10 12:50:00,22402.619140625,23349.04943,22417.84765625,22929.27757,22739.83203125,22643.34601,23068.833984375,22685.93156,23200.962890625,22722.43346,23382.130859375,22935.36122
2017-05-10 13:00:00,22680.052734375,22929.27757,22733.08203125,22643.34601,23098.001953125,22685.93156,23460.75,22722.43346,23619.20703125,22935.36122,23828.015625,22904.94297
2017-05-10 13:10:00,22951.8125,22643.34601,23057.12890625,22685.93156,23447.88671875,22722.43346,23846.17578125,22935.36122,24029.25,22904.94297,24271.373046875,22728.51711
2017-05-10 13:20:00,23226.30859375,22685.93156,23356.978515625,22722.43346,23773.484375,22935.36122,24192.05078125,22904.94297,24381.19921875,22728.51711,24648.3828125,23300.38023
2017-05-10 13:30:00,23558.619140625,22722.43346,23746.568359375,22935.36122,24178.9140625,22904.94297,24643.501953125,22728.51711,24854.005859375,23300.38023,25152.81640625,23890.4943
2017-05-10 13:40:00,23879.6953125,22935.36122,24091.439453125,22904.94297,24542.23046875,22728.51711,25012.05859375,23300.38023,25243.17578125,23890.4943,25545.90234375,24358.93536
2017-05-10 13:50:00,24269.06640625,22904.94297,24516.33984375,22728.51711,24952.2734375,23300.38023,25441.45703125,23890.4943,25707.021484375,24358.93536,26029.849609375,24833.46008
2017-05-10 14:00:00,24717.302734375,22728.51711,24996.751953125,23300.38023,25413.736328125,23890.4943,25904.7578125,24358.93536,26194.609375,24833.46008,26514.57421875,25423.57414
2017-05-10 14:10:00,25099.021484375,23300.38023,25395.939453125,23890.4943,25803.142578125,24358.93536,26287.560546875,24833.46008,26601.533203125,25423.57414,26916.345703125,25666.92015
2017-05-10 14:20:00,25465.2578125,23890.4943,25763.296875,24358.93536,26143.2421875,24833.46008,26619.615234375,25423.57414,26943.28125,25666.92015,27253.4140625,26488.21293
2017-05-10 14:30:00,25762.796875,24358.93536,26076.0859375,24833.46008,26424.798828125,25423.57414,26893.41015625,25666.92015,27237.5625,26488.21293,27516.6484375,27157.41445
2017-05-10 14:40:00,26180.509765625,24833.46008,26487.3203125,25423.57414,26806.71484375,25666.92015,27261.009765625,26488.21293,27612.646484375,27157.41445,27855.314453125,27753.61217
2017-05-10 14:50:00,26522.7734375,25423.57414,26829.58984375,25666.92015,27125.68359375,26488.21293,27568.43359375,27157.41445,27909.578125,27753.61217,28106.88671875,28295.05703
2017-05-10 15:00:00,26881.447265625,25666.92015,27177.6875,26488.21293,27457.798828125,27157.41445,27891.962890625,27753.61217,28229.78125,28295.05703,28407.951171875,28562.73764
2017-05-10 15:10:00,27323.001953125,26488.21293,27602.771484375,27157.41445,27859.130859375,27753.61217,28286.912109375,28295.05703,28613.28515625,28562.73764,28750.1171875,28915.58935
2017-05-10 15:20:00,27786.2578125,27157.41445,28057.568359375,27753.61217,28295.494140625,28295.05703,28712.416015625,28562.73764,29008.751953125,28915.58935,29124.546875,29286.69202
2017-05-10 15:30:00,28232.578125,27753.61217,28478.033203125,28295.05703,28681.28125,28562.73764,29100.849609375,28915.58935,29378.8203125,29286.69202,29461.0390625,29913.30798
2017-05-10 15:40:00,28725.208984375,28295.05703,28951.986328125,28562.73764,29152.091796875,28915.58935,29556.900390625,29286.69202,29793.603515625,29913.30798,29865.673828125,30144.48669
2017-05-10 15:50:00,29189.810546875,28562.73764,29400.265625,28915.58935,29577.236328125,29286.69202,29972.185546875,29913.30798,30173.802734375,30144.48669,30226.703125,30746.76806
2017-05-10 16:00:00,29642.880859375,28915.58935,29831.94140625,29286.69202,30004.912109375,29913.30798,30369.783203125,30144.48669,30532.046875,30746.76806,30579.47265625,30953.61217
2017-05-10 16:10:00,30074.220703125,29286.69202,30227.58984375,29913.30798,30383.435546875,30144.48669,30730.908203125,30746.76806,30852.029296875,30953.61217,30892.306640625,30953.61217
2017-05-10 16:20:00,30490.28125,29913.30798,30611.6484375,30144.48669,30762.9140625,30746.76806,31085.619140625,30953.61217,31165.974609375,30953.61217,31201.189453125,31294.29658
2017-05-10 16:30:00,30838.77734375,30144.48669,30944.29296875,30746.76806,31066.6640625,30953.61217,31359.96484375,30953.61217,31415.798828125,31294.29658,31436.291015625,31945.24715
2017-05-10 16:40:00,31195.3359375,30746.76806,31279.46484375,30953.61217,31400.59375,30953.61217,31660.1875,31294.29658,31675.056640625,31945.24715,31693.45703125,31902.6616
2017-05-10 16:50:00,31441.859375,30953.61217,31494.1875,30953.61217,31588.78515625,31294.29658,31826.283203125,31945.24715,31807.7734375,31902.6616,31819.583984375,32249.42966
2017-05-10 17:00:00,31747.814453125,30953.61217,31782.814453125,31294.29658,31859.58203125,31945.24715,32067.6015625,31902.6616,32012.509765625,32249.42966,32025.888671875,32225.09506
2017-05-10 17:10:00,31947.46484375,31294.29658,31952.0625,31945.24715,32002.798828125,31902.6616,32192.142578125,32249.42966,32113.818359375,32225.09506,32117.4296875,32371.10266
2017-05-10 17:20:00,32192.419921875,31945.24715,32174.392578125,31902.6616,32207.357421875,32249.42966,32373.16015625,32225.09506,32258.259765625,32371.10266,32263.93359375,32261.59696
2017-05-10 17:30:00,32358.31640625,31902.6616,32311.63671875,32249.42966,32334.703125,32225.09506,32478.67578125,32371.10266,32331.896484375,32261.59696,32340.734375,32431.93916
2017-05-10 17:40:00,32556.73828125,32249.42966,32489.1953125,32225.09506,32480.8828125,32371.10266,32601.18359375,32261.59696,32435.1171875,32431.93916,32437.04296875,32790.87452
2017-05-10 17:50:00,32720.365234375,32225.09506,32639.08203125,32371.10266,32590.58203125,32261.59696,32695.69140625,32431.93916,32525.841796875,32790.87452,32511.169921875,32711.78707
2017-05-10 18:00:00,32877.13671875,32371.10266,32789.6875,32261.59696,32718.2890625,32431.93916,32785.28515625,32790.87452,32604.23828125,32711.78707,32581.013671875,32821.29278
2017-05-10 18:10:00,32938.359375,32261.59696,32817.5625,32431.93916,32736.25390625,32790.87452,32776.65234375,32711.78707,32579.392578125,32821.29278,32555.947265625,32742.20532
2017-05-10 18:20:00,33068.78515625,32431.93916,32926.671875,32790.87452,32821.0625,32711.78707,32833.0234375,32821.29278,32622.41796875,32742.20532,32604.123046875,32590.11407
2017-05-10 18:30:00,33083.453125,32790.87452,32919.09765625,32711.78707,32798.34765625,32821.29278,32785.18359375,32742.20532,32573.521484375,32590.11407,32555.435546875,32523.19392
2017-05-10 18:40:00,33154.05859375,32711.78707,32961.4609375,32821.29278,32843.8828125,32742.20532,32792.42578125,32590.11407,32558.150390625,32523.19392,32556.373046875,32571.86312
2017-05-10 18:50:00,33132.85546875,32821.29278,32914.9140625,32742.20532,32781.6640625,32590.11407,32712.626953125,32523.19392,32472.849609375,32571.86312,32477.9296875,32395.43726
2017-05-10 19:00:00,33174.13671875,32742.20532,32935.015625,32590.11407,32794.41015625,32523.19392,32692.03125,32571.86312,32438.42578125,32395.43726,32443.95703125,32304.18251
2017-05-10 19:10:00,33094.9296875,32590.11407,32838.1328125,32523.19392,32698.4140625,32571.86312,32574.556640625,32395.43726,32322.826171875,32304.18251,32342.716796875,31945.24715
2017-05-10 19:20:00,33096.82421875,32523.19392,32815.73046875,32571.86312,32670.45703125,32395.43726,32536.337890625,32304.18251,32260.3359375,31945.24715,32298.2578125,32413.68821
2017-05-10 19:30:00,32974.65625,32571.86312,32664.080078125,32395.43726,32521.029296875,32304.18251,32363.943359375,31945.24715,32101.9921875,32413.68821,32173.5078125,32249.42966
2017-05-10 19:40:00,32911.80078125,32395.43726,32571.599609375,32304.18251,32437.609375,31945.24715,32257.193359375,32413.68821,31988.236328125,32249.42966,32071.966796875,32371.10266
2017-05-10 19:50:00,32743.087890625,32304.18251,32391.1015625,31945.24715,32260.06640625,32413.68821,32068.0546875,32249.42966,31816.4375,32371.10266,31923.16015625,32152.09125
2017-05-10 20:00:00,32621.994140625,31945.24715,32243.615234375,32413.68821,32122.21484375,32249.42966,31924.984375,32371.10266,31664.53125,32152.09125,31788.603515625,31987.8327
2017-05-10 20:10:00,32418.046875,32413.68821,32035.537109375,32249.42966,31912.826171875,32371.10266,31705.513671875,32152.09125,31474.091796875,31987.8327,31619.841796875,31890.4943
2017-05-10 20:20:00,32231.462890625,32249.42966,31842.796875,32371.10266,31736.962890625,32152.09125,31537.4375,31987.8327,31297.966796875,31890.4943,31477.658203125,31744.48669
2017-05-10 20:30:00,32087.685546875,32371.10266,31709.361328125,32152.09125,31623.0390625,31987.8327,31428.541015625,31890.4943,31234.513671875,31744.48669,31436.796875,31641.06464
2017-05-10 20:40:00,31957.38671875,32152.09125,31575.607421875,31987.8327,31506.140625,31890.4943,31338.45703125,31744.48669,31160.201171875,31641.06464,31407.486328125,31732.31939
2017-05-10 20:50:00,31768.326171875,31987.8327,31403.814453125,31890.4943,31368.2265625,31744.48669,31219.751953125,31641.06464,31078.919921875,31732.31939,31355.884765625,31519.39163
2017-05-10 21:00:00,31700.193359375,31890.4943,31342.345703125,31744.48669,31325.771484375,31641.06464,31218.498046875,31732.31939,31125.0,31519.39163,31435.66015625,31154.37262
2017-05-10 21:10:00,31566.314453125,31744.48669,31247.474609375,31641.06464,31255.5859375,31732.31939,31203.73828125,31519.39163,31165.708984375,31154.37262,31507.60546875,30941.44487
2017-05-10 21:20:00,31463.576171875,31641.06464,31168.892578125,31732.31939,31195.048828125,31519.39163,31202.771484375,31154.37262,31202.041015625,30941.44487,31571.83203125,30923.19392
2017-05-10 21:30:00,31390.923828125,31732.31939,31135.00390625,31519.39163,31192.51953125,31154.37262,31267.833984375,30941.44487,31335.19140625,30923.19392,31732.234375,30977.94677
2017-05-10 21:40:00,31433.501953125,31519.39163,31215.47265625,31154.37262,31291.646484375,30941.44487,31452.220703125,30923.19392,31580.33203125,30977.94677,32001.599609375,31166.53992
2017-05-10 21:50:00,31516.5546875,31154.37262,31357.015625,30941.44487,31483.10546875,30923.19392,31736.982421875,30977.94677,31970.40234375,31166.53992,32415.9375,31458.55513
2017-05-10 22:00:00,31614.990234375,30941.44487,31496.421875,30923.19392,31646.876953125,30977.94677,31993.51171875,31166.53992,32292.171875,31458.55513,32743.404296875,32097.3384
2017-05-10 22:10:00,31818.943359375,30923.19392,31766.896484375,30977.94677,31973.3046875,31166.53992,32446.337890625,31458.55513,32832.05859375,32097.3384,33313.9765625,32717.87072
2017-05-10 22:20:00,32196.763671875,30977.94677,32187.20703125,31166.53992,32441.7421875,31458.55513,33027.96484375,32097.3384,33518.91015625,32717.87072,34040.140625,33015.96958
2017-05-10 22:30:00,32613.298828125,31166.53992,32713.865234375,31458.55513,33051.84375,32097.3384,33778.71484375,32717.87072,34414.53515625,33015.96958,34994.12109375,34336.12167
2017-05-10 22:40:00,33061.78515625,31458.55513,33227.1328125,32097.3384,33609.07421875,32717.87072,34488.5546875,33015.96958,35229.890625,34336.12167,35829.15625,37244.10646
2017-05-10 22:50:00,33571.3515625,32097.3384,33825.43359375,32717.87072,34282.41796875,33015.96958,35278.56640625,34336.12167,36131.015625,37244.10646,36767.33203125,39890.4943
2017-05-10 23:00:00,34323.15234375,32717.87072,34660.046875,33015.96958,35180.9921875,34336.12167,36296.3203125,37244.10646,37228.875,39890.4943,37906.1484375,40243.34601
2017-05-10 23:10:00,35212.03125,33015.96958,35682.16796875,34336.12167,36268.64453125,37244.10646,37486.63671875,39890.4943,38508.14453125,40243.34601,39208.12109375,40243.34601
2017-05-10 23:20:00,36363.3125,34336.12167,36883.87890625,37244.10646,37525.90625,39890.4943,38774.88671875,40243.34601,39827.80078125,40243.34601,40487.1875,40328.51711
2017-05-10 23:30:00,37457.89453125,37244.10646,38062.390625,39890.4943,38719.4609375,40243.34601,39912.5,40243.34601,40889.2265625,40328.51711,41448.6953125,40730.03802
2017-05-10 23:40:00,38698.03125,39890.4943,39334.7578125,40243.34601,39945.58984375,40243.34601,40892.0703125,40328.51711,41717.88671875,40730.03802,42086.54296875,40687.45247
2017-05-10 23:50:00,39696.56640625,40243.34601,40368.15234375,40243.34601,40854.6875,40328.51711,41473.953125,40730.03802,42116.71875,40687.45247,42273.1796875,40687.45247
2017-05-11 00:00:00,40145.30859375,40243.34601,40729.42578125,40328.51711,41023.34765625,40730.03802,41258.36328125,40687.45247,41737.70703125,40687.45247,41717.4140625,40383.26996
2017-05-11 00:10:00,40206.96875,40328.51711,40727.76171875,40730.03802,40868.0234375,40687.45247,40886.45703125,40687.45247,41261.45703125,40383.26996,41137.68359375,40358.93536
2017-05-11 00:20:00,40115.0,40730.03802,40573.6875,40687.45247,40620.015625,40687.45247,40506.7890625,40383.26996,40790.01953125,40358.93536,40604.33203125,40650.95057
2017-05-11 00:30:00,40024.33984375,40687.45247,40442.58984375,40687.45247,40448.41015625,40383.26996,40267.3828125,40358.93536,40496.08984375,40650.95057,40271.21875,40584.03042
2017-05-11 00:40:00,39984.1484375,40687.45247,40342.81640625,40383.26996,40327.92578125,40358.93536,40101.953125,40650.95057,40257.58203125,40584.03042,40005.96875,40188.59316
2017-05-11 00:50:00,40061.26953125,40383.26996,40366.2578125,40358.93536,40344.5234375,40650.95057,40097.98046875,40584.03042,40187.14453125,40188.59316,39934.0859375,39610.64639
2017-05-11 01:00:00,40075.13671875,40358.93536,40323.40625,40650.95057,40285.4296875,40584.03042,40025.5078125,40188.59316,40061.10546875,39610.64639,39790.5234375,39555.89354
2017-05-11 01:10:00,40142.42578125,40650.95057,40334.75,40584.03042,40274.203125,40188.59316,40004.296875,39610.64639,40006.9921875,39555.89354,39717.82421875,39428.13688
2017-05-11 01:20:00,40122.69921875,40584.03042,40255.734375,40188.59316,40182.078125,39610.64639,39896.13671875,39555.89354,39855.34375,39428.13688,39558.3984375,38990.11407
2017-05-11 01:30:00,40129.67578125,40188.59316,40207.9609375,39610.64639,40121.203125,39555.89354,39811.90625,39428.13688,39733.6484375,38990.11407,39433.55859375,39598.47909
2017-05-11 01:40:00,40030.2890625,39610.64639,40037.30859375,39555.89354,39938.79296875,39428.13688,39605.2109375,38990.11407,39486.01171875,39598.47909,39178.125,39799.23954
2017-05-11 01:50:00,39973.23046875,39555.89354,39919.54296875,39428.13688,39799.67578125,38990.11407,39444.44921875,39598.47909,39282.66015625,39799.23954,38954.62890625,39884.41065
2017-05-11 02:00:00,39768.04296875,39428.13688,39647.15625,38990.11407,39507.80859375,39598.47909,39111.1796875,39799.23954,38930.5859375,39884.41065,38607.5390625,39561.97719
2017-05-11 02:10:00,39586.734375,38990.11407,39404.61328125,39598.47909,39248.328125,39799.23954,38817.02734375,39884.41065,38620.64453125,39561.97719,38292.8984375,39123.95437
2017-05-11 02:20:00,39325.62109375,39598.47909,39068.59765625,39799.23954,38892.3984375,39884.41065,38424.25,39561.97719,38210.62109375,39123.95437,37880.51953125,38485.1711
2017-05-11 02:30:00,39063.015625,39799.23954,38738.72265625,39884.41065,38547.28515625,39561.97719,38046.9765625,39123.95437,37807.15625,38485.1711,37454.69140625,38314.8289
2017-05-11 02:40:00,38766.9609375,39884.41065,38375.41796875,39561.97719,38168.15625,39123.95437,37636.19140625,38485.1711,37374.1015625,38314.8289,37015.796875,37779.46768
2017-05-11 02:50:00,38498.71875,39561.97719,38046.9453125,39123.95437,37826.609375,38485.1711,37270.40234375,38314.8289,36978.1640625,37779.46768,36597.578125,37067.68061
2017-05-11 03:00:00,38202.51171875,39123.95437,37693.984375,38485.1711,37450.80859375,38314.8289,36872.33984375,37779.46768,36554.09375,37067.68061,36138.33203125,36641.8251
2017-05-11 03:10:00,37891.734375,38485.1711,37329.01171875,38314.8289,37070.2578125,37779.46768,36472.59765625,37067.68061,36121.75390625,36641.8251,35683.44140625,36191.63498
2017-05-11 03:20:00,37547.58203125,38314.8289,36937.0,37779.46768,36651.50390625,37067.68061,36036.94921875,36641.8251,35660.40625,36191.63498,35200.47265625,35820.53232
2017-05-11 03:30:00,37213.76953125,37779.46768,36563.51953125,37067.68061,36250.0078125,36641.8251,35619.890625,36191.63498,35212.484375,35820.53232,34706.81640625,35248.6692
2017-05-11 03:40:00,36847.265625,37067.68061,36170.75,36641.8251,35823.671875,36191.63498,35182.90625,35820.53232,34740.71875,35248.6692,34219.12890625,34433.46008
2017-05-11 03:50:00,36417.19921875,36641.8251,35717.11328125,36191.63498,35322.6484375,35820.53232,34678.1875,35248.6692,34186.96875,34433.46008,33627.89453125,33977.18631
2017-05-11 04:00:00,35900.7109375,36191.63498,35183.71875,35820.53232,34743.2421875,35248.6692,34096.1484375,34433.46008,33558.50390625,33977.18631,32979.58984375,33380.98859
2017-05-11 04:10:00,35416.76171875,35820.53232,34677.76171875,35248.6692,34194.4609375,34433.46008,33551.33984375,33977.18631,32974.078125,33380.98859,32361.1015625,32450.19011
2017-05-11 04:20:00,34826.3125,35248.6692,34080.73828125,34433.46008,33558.0,33977.18631,32922.48046875,33380.98859,32320.142578125,32450.19011,31657.779296875,31446.38783
2017-05-11 04:30:00,34241.3046875,34433.46008,33474.11328125,33977.18631,32918.8671875,33380.98859,32289.537109375,32450.19011,31671.93359375,31446.38783,30977.560546875,30558.1749
2017-05-11 04:40:00,33600.12109375,33977.18631,32815.82421875,33380.98859,32236.736328125,32450.19011,31616.328125,31446.38783,31002.033203125,30558.1749,30261.05859375,29499.61977
2017-05-11 04:50:00,32968.83984375,33380.98859,32173.716796875,32450.19011,31573.376953125,31446.38783,30963.708984375,30558.1749,30365.234375,29499.61977,29597.13671875,28763.4981
2017-05-11 05:00:00,32250.1953125,32450.19011,31437.05859375,31446.38783,30838.92578125,30558.1749,30232.650390625,29499.61977,29667.396484375,28763.4981,28885.849609375,28161.21673
2017-05-11 05:10:00,31575.96875,31446.38783,30748.82421875,30558.1749,30151.0390625,29499.61977,29558.451171875,28763.4981,29039.30859375,28161.21673,28231.978515625,27455.51331
2017-05-11 05:20:00,30845.353515625,30558.1749,30012.166015625,29499.61977,29440.927734375,28763.4981,28862.55859375,28161.21673,28384.333984375,27455.51331,27600.884765625,26841.06464
2017-05-11 05:30:00,30186.365234375,29499.61977,29350.697265625,28763.4981,28793.916015625,28161.21673,28242.228515625,27455.51331,27802.724609375,26841.06464,27024.91015625,26293.53612
2017-05-11 05:40:00,29546.173828125,28763.4981,28721.015625,28161.21673,28200.69140625,27455.51331,27676.14453125,26841.06464,27266.154296875,26293.53612,26523.1640625,25715.58935
2017-05-11 05:50:00,28934.787109375,28161.21673,28113.2734375,27455.51331,27628.490234375,26841.06464,27136.115234375,26293.53612,26748.5625,25715.58935,26033.75,25253.23194
2017-05-11 06:00:00,28391.998046875,27455.51331,27575.5703125,26841.06464,27146.58203125,26293.53612,26674.080078125,25715.58935,26292.275390625,25253.23194,25619.84765625,24888.21293
2017-05-11 06:10:00,27850.896484375,26841.06464,27044.587890625,26293.53612,26657.30859375,25715.58935,26225.947265625,25253.23194,25838.2578125,24888.21293,25213.373046875,24626.61597
2017-05-11 06:20:00,27288.154296875,26293.53612,26526.890625,25715.58935,26174.80078125,25253.23194,25745.9453125,24888.21293,25391.353515625,24626.61597,24785.693359375,24225.09506
2017-05-11 06:30:00,26689.798828125,25715.58935,25981.337890625,25253.23194,25660.69921875,24888.21293,25243.73828125,24626.61597,24924.326171875,24225.09506,24350.107421875,23671.48289
2017-05-11 06:40:00,26269.990234375,25253.23194,25582.0625,24888.21293,25305.466796875,24626.61597,24875.890625,24225.09506,24598.78515625,23671.48289,24038.19140625,23385.55133
2017-05-11 06:50:00,25844.935546875,24888.21293,25214.33984375,24626.61597,24974.162109375,24225.09506,24551.154296875,23671.48289,24304.01171875,23385.55133,23780.279296875,23203.04183
2017-05-11 07:00:00,25472.44921875,24626.61597,24907.05859375,24225.09506,24672.013671875,23671.48289,24285.546875,23385.55133,24054.255859375,23203.04183,23572.08203125,22728.51711
2017-05-11 07:10:00,25137.02734375,24225.09506,24622.39453125,23671.48289,24406.984375,23385.55133,24049.166015625,23203.04183,23829.53515625,22728.51711,23380.560546875,22570.34221
2017-05-11 07:20:00,24822.8515625,23671.48289,24376.83984375,23385.55133,24156.064453125,23203.04183,23839.26171875,22728.51711,23631.466796875,22570.34221,23229.6953125,22278.327
2017-05-11 07:30:00,24550.875,23385.55133,24144.919921875,23203.04183,23950.857421875,22728.51711,23649.4453125,22570.34221,23456.244140625,22278.327,23101.130859375,22071.48289
2017-05-11 07:40:00,24298.78515625,23203.04183,23956.775390625,22728.51711,23758.533203125,22570.34221,23498.216796875,22278.327,23301.015625,22071.48289,22992.279296875,21895.05703
2017-05-11 07:50:00,24071.0546875,22728.51711,23767.599609375,22570.34221,23598.9765625,22278.327,23346.626953125,22071.48289,23150.876953125,21895.05703,22883.595703125,21901.14068
2017-05-11 08:00:00,23856.21484375,22570.34221,23599.23828125,22278.327,23439.64453125,22071.48289,23225.9375,21895.05703,23023.349609375,21901.14068,22798.75390625,21724.71483
2017-05-11 08:10:00,23669.267578125,22278.327,23434.43359375,22071.48289,23308.5703125,21895.05703,23107.185546875,21901.14068,22928.328125,21724.71483,22722.763671875,21542.20532
2017-05-11 08:20:00,23511.953125,22071.48289,23307.986328125,21895.05703,23195.1171875,21901.14068,23022.787109375,21724.71483,22826.833984375,21542.20532,22678.73046875,21639.54373
2017-05-11 08:30:00,23403.537109375,21895.05703,23225.5,21901.14068,23119.6875,21724.71483,22973.515625,21542.20532,22771.888671875,21639.54373,22661.248046875,21645.62738
2017-05-11 08:40:00,23283.72265625,21901.14068,23125.34375,21724.71483,23022.1796875,21542.20532,22905.18359375,21639.54373,22677.9140625,21645.62738,22608.986328125,21706.46388
2017-05-11 08:50:00,23168.6953125,21724.71483,23037.15625,21542.20532,22944.3046875,21639.54373,22840.9296875,21645.62738,22605.748046875,21706.46388,22570.44140625,21505.70342
2017-05-11 09:00:00,23061.162109375,21542.20532,22953.896484375,21639.54373,22868.119140625,21645.62738,22772.134765625,21706.46388,22530.572265625,21505.70342,22528.681640625,21420.53232
2017-05-11 09:10:00,22962.173828125,21639.54373,22864.197265625,21645.62738,22796.884765625,21706.46388,22710.705078125,21505.70342,22447.076171875,21420.53232,22471.251953125,21292.77567
2017-05-11 09:20:00,22868.2734375,21645.62738,22772.19140625,21706.46388,22720.873046875,21505.70342,22640.83984375,21420.53232,22362.26953125,21292.77567,22411.1171875,21286.69202
2017-05-11 09:30:00,22781.626953125,21706.46388,22685.232421875,21505.70342,22651.44140625,21420.53232,22575.01953125,21292.77567,22273.416015625,21286.69202,22340.54296875,21317.11027
2017-05-11 09:40:00,22717.97265625,21505.70342,22622.80078125,21420.53232,22599.48828125,21292.77567,22532.04296875,21286.69202,22224.419921875,21317.11027,22296.921875,21481.36882
2017-05-11 09:50:00,22642.462890625,21420.53232,22538.083984375,21292.77567,22534.966796875,21286.69202,22462.5,21317.11027,22152.771484375,21481.36882,22236.654296875,21499.61977
2017-05-11 10:00:00,22573.701171875,21292.77567,22457.8046875,21286.69202,22468.955078125,21317.11027,22403.974609375,21481.36882,22085.099609375,21499.61977,22176.27734375,21536.12167
2017-05-11 10:10:00,22520.037109375,21286.69202,22388.146484375,21317.11027,22419.982421875,21481.36882,22357.171875,21499.61977,22034.23046875,21536.12167,22125.275390625,21530.03802
2017-05-11 10:20:00,22460.90625,21317.11027,22328.185546875,21481.36882,22364.75,21499.61977,22312.341796875,21536.12167,21988.83984375,21530.03802,22087.884765625,21663.87833
2017-05-11 10:30:00,22373.900390625,21481.36882,22243.189453125,21499.61977,22297.96875,21536.12167,22237.5078125,21530.03802,21924.037109375,21663.87833,22023.05859375,21767.30038
2017-05-11 10:40:00,22282.396484375,21499.61977,22153.947265625,21536.12167,22221.541015625,21530.03802,22163.208984375,21663.87833,21857.232421875,21767.30038,21963.048828125,21481.36882
2017-05-11 10:50:00,22195.580078125,21536.12167,22069.802734375,21530.03802,22154.9296875,21663.87833,22090.248046875,21767.30038,21805.306640625,21481.36882,21910.23828125,21578.70722
2017-05-11 11:00:00,22099.609375,21530.03802,21982.435546875,21663.87833,22072.2265625,21767.30038,22015.880859375,21481.36882,21745.734375,21578.70722,21863.458984375,21846.38783
2017-05-11 11:10:00,22010.611328125,21663.87833,21895.904296875,21767.30038,21997.95703125,21481.36882,21946.6171875,21578.70722,21698.52734375,21846.38783,21822.763671875,22625.09506
2017-05-11 11:20:00,21924.279296875,21767.30038,21811.001953125,21481.36882,21919.572265625,21578.70722,21886.212890625,21846.38783,21654.291015625,22625.09506,21793.66015625,22977.94677
2017-05-11 11:30:00,21836.03515625,21481.36882,21719.15234375,21578.70722,21839.5703125,21846.38783,21811.94921875,22625.09506,21611.861328125,22977.94677,21765.681640625,22959.69582
2017-05-11 11:40:00,21760.591796875,21578.70722,21646.564453125,21846.38783,21769.16796875,22625.09506,21766.642578125,22977.94677,21592.3203125,22959.69582,21767.8046875,23227.37643
2017-05-11 11:50:00,21698.568359375,21846.38783,21586.849609375,22625.09506,21724.537109375,22977.94677,21747.41015625,22959.69582,21603.904296875,23227.37643,21790.6484375,23653.23194
2017-05-11 12:00:00,21644.62109375,22625.09506,21536.345703125,22977.94677,21679.23828125,22959.69582,21732.05078125,23227.37643,21615.572265625,23653.23194,21829.716796875,23738.40304
2017-05-11 12:10:00,21613.640625,22977.94677,21511.962890625,22959.69582,21674.263671875,23227.37643,21770.16015625,23653.23194,21682.642578125,23738.40304,21917.162109375,23336.88213
2017-05-11 12:20:00,21644.14453125,22959.69582,21559.513671875,23227.37643,21745.310546875,23653.23194,21889.853515625,23738.40304,21844.787109375,23336.88213,22091.939453125,23257.79468
2017-05-11 12:30:00,21712.552734375,23227.37643,21643.5546875,23653.23194,21857.703125,23738.40304,22051.18359375,23336.88213,22050.65234375,23257.79468,22314.712890625,23136.12167
2017-05-11 12:40:00,21801.27734375,23653.23194,21763.2421875,23738.40304,21995.4921875,23336.88213,22245.109375,23257.79468,22281.0,23136.12167,22576.41796875,22941.44487
2017-05-11 12:50:00,21989.3046875,23738.40304,21988.466796875,23336.88213,22262.931640625,23257.79468,22563.078125,23136.12167,22634.8203125,22941.44487,22953.068359375,22844.10646
2017-05-11 13:00:00,22220.3359375,23336.88213,22266.41015625,23257.79468,22575.10546875,23136.12167,22928.658203125,22941.44487,23042.13671875,22844.10646,23391.09765625,22460.8365
2017-05-11 13:10:00,22517.642578125,23257.79468,22610.357421875,23136.12167,22954.365234375,22941.44487,23360.1171875,22844.10646,23504.86328125,22460.8365,23889.80859375,22174.90494
2017-05-11 13:20:00,22836.787109375,23136.12167,22976.90234375,22941.44487,23353.0078125,22844.10646,23787.30078125,22460.8365,23968.798828125,22174.90494,24382.111328125,22819.77186
2017-05-11 13:30:00,23228.111328125,22941.44487,23411.591796875,22844.10646,23818.55859375,22460.8365,24283.359375,22174.90494,24484.705078125,22819.77186,24919.74609375,23647.14829
2017-05-11 13:40:00,23623.369140625,22844.10646,23857.296875,22460.8365,24273.109375,22174.90494,24760.234375,22819.77186,24990.69140625,23647.14829,25443.9453125,24334.60076
2017-05-11 13:50:00,24007.6640625,22460.8365,24271.306640625,22174.90494,24691.36328125,22819.77186,25190.501953125,23647.14829,25440.103515625,24334.60076,25905.408203125,24626.61597
2017-05-11 14:00:00,24335.755859375,22174.90494,24624.48828125,22819.77186,25020.8203125,23647.14829,25522.146484375,24334.60076,25794.658203125,24626.61597,26265.779296875,24784.79087
2017-05-11 14:10:00,24686.431640625,22819.77186,24997.3671875,23647.14829,25369.357421875,24334.60076,25868.1796875,24626.61597,26165.119140625,24784.79087,26630.57421875,24882.12928
2017-05-11 14:20:00,25006.71484375,23647.14829,25332.39453125,24334.60076,25677.751953125,24626.61597,26163.5078125,24784.79087,26479.513671875,24882.12928,26928.78515625,25447.90875
2017-05-11 14:30:00,25340.123046875,24334.60076,25687.0390625,24626.61597,26007.3828125,24784.79087,26487.560546875,24882.12928,26819.162109375,25447.90875,27241.12890625,26141.44487
2017-05-11 14:40:00,25710.396484375,24626.61597,26059.966796875,24784.79087,26351.275390625,24882.12928,26802.830078125,25447.90875,27155.263671875,26141.44487,27540.59765625,26841.06464
2017-05-11 14:50:00,26079.970703125,24784.79087,26434.986328125,24882.12928,26712.78515625,25447.90875,27146.78515625,26141.44487,27510.859375,26841.06464,27856.59375,27066.1597
2017-05-11 15:00:00,26501.7421875,24882.12928,26855.517578125,25447.90875,27107.517578125,26141.44487,27526.529296875,26841.06464,27892.751953125,27066.1597,28189.6640625,27577.18631
2017-05-11 15:10:00,26895.318359375,25447.90875,27242.40625,26141.44487,27474.310546875,26841.06464,27885.74609375,27066.1597,28247.111328125,27577.18631,28504.65625,28313.30798
2017-05-11 15:20:00,27374.296875,26141.44487,27708.15234375,26841.06464,27927.8125,27066.1597,28319.314453125,27577.18631,28661.57421875,28313.30798,28880.576171875,28726.9962
2017-05-11 15:30:00,27818.892578125,26841.06464,28148.908203125,27066.1597,28339.34765625,27577.18631,28728.22265625,28313.30798,29046.484375,28726.9962,29229.34765625,28994.67681
2017-05-11 15:40:00,28220.240234375,27066.1597,28530.716796875,27577.18631,28693.3828125,28313.30798,29067.048828125,28726.9962,29367.744140625,28994.67681,29516.8828125,29542.20532
2017-05-11 15:50:00,28652.09375,27577.18631,28944.828125,28313.30798,29090.861328125,28726.9962,29462.36328125,28994.67681,29726.548828125,29542.20532,29841.1015625,29755.13308
2017-05-11 16:00:00,29057.732421875,28313.30798,29326.736328125,28726.9962,29449.978515625,28994.67681,29792.5859375,29542.20532,30019.74609375,29755.13308,30107.52734375,30290.4943
2017-05-11 16:10:00,29491.134765625,28726.9962,29746.458984375,28994.67681,29851.37890625,29542.20532,30178.4296875,29755.13308,30371.53125,30290.4943,30440.6015625,30436.5019
2017-05-11 16:20:00,29920.873046875,28994.67681,30141.431640625,29542.20532,30239.140625,29755.13308,30535.71484375,30290.4943,30680.845703125,30436.5019,30734.1875,30673.76426
2017-05-11 16:30:00,30311.59375,29542.20532,30508.90625,29755.13308,30593.310546875,30290.4943,30875.17578125,30436.5019,30988.5625,30673.76426,31026.03515625,30752.85171
2017-05-11 16:40:00,30646.38671875,29755.13308,30813.33203125,30290.4943,30885.861328125,30436.5019,31130.283203125,30673.76426,31203.853515625,30752.85171,31233.810546875,30892.77567
2017-05-11 16:50:00,30962.40625,30290.4943,31105.642578125,30436.5019,31164.802734375,30673.76426,31386.8984375,30752.85171,31430.1328125,30892.77567,31444.98828125,31166.53992
2017-05-11 17:00:00,31229.068359375,30436.5019,31341.845703125,30673.76426,31387.54296875,30752.85171,31577.36328125,30892.77567,31591.220703125,31166.53992,31603.419921875,31458.55513
2017-05-11 17:10:00,31533.80078125,30673.76426,31623.658203125,30752.85171,31648.572265625,30892.77567,31814.029296875,31166.53992,31798.517578125,31458.55513,31797.521484375,31665.39924
2017-05-11 17:20:00,31759.095703125,30752.85171,31814.982421875,30892.77567,31824.12109375,31166.53992,31967.02734375,31458.55513,31921.091796875,31665.39924,31915.251953125,31391.63498
2017-05-11 17:30:00,31987.568359375,30892.77567,32024.525390625,31166.53992,32013.875,31458.55513,32139.396484375,31665.39924,32071.48828125,31391.63498,32056.96484375,31720.15209
2017-05-11 17:40:00,32139.392578125,31166.53992,32141.546875,31458.55513,32110.5078125,31665.39924,32218.55078125,31391.63498,32123.388671875,31720.15209,32101.45703125,32012.1673
2017-05-11 17:50:00,32284.80078125,31458.55513,32256.38671875,31665.39924,32201.90234375,31391.63498,32294.95703125,31720.15209,32176.712890625,32012.1673,32147.74609375,32182.50951
2017-05-11 18:00:00,32378.75390625,31665.39924,32320.50390625,31391.63498,32237.451171875,31720.15209,32313.986328125,32012.1673,32177.568359375,32182.50951,32144.6953125,32559.69582
2017-05-11 18:10:00,32484.380859375,31391.63498,32398.775390625,31720.15209,32293.48046875,32012.1673,32353.30859375,32182.50951,32198.712890625,32559.69582,32160.236328125,32608.36502
2017-05-11 18:20:00,32557.86328125,31720.15209,32442.3984375,32012.1673,32316.234375,32182.50951,32353.4296875,32559.69582,32185.84765625,32608.36502,32146.8125,32468.44106
2017-05-11 18:30:00,32654.52734375,32012.1673,32510.740234375,32182.50951,32373.560546875,32559.69582,32386.67578125,32608.36502,32202.396484375,32468.44106,32164.982421875,32127.75665
2017-05-11 18:40:00,32705.4609375,32182.50951,32537.265625,32559.69582,32376.349609375,32608.36502,32364.806640625,32468.44106,32179.38671875,32127.75665,32139.099609375,32243.34601
2017-05-11 18:50:00,32779.75390625,32559.69582,32586.591796875,32608.36502,32422.625,32468.44106,32385.037109375,32127.75665,32187.107421875,32243.34601,32147.412109375,31872.24335
2017-05-11 19:00:00,32795.08984375,32608.36502,32576.650390625,32468.44106,32402.052734375,32127.75665,32344.26171875,32243.34601,32136.166015625,31872.24335,32101.2109375,31750.57034
2017-05-11 19:10:00,32863.38671875,32468.44106,32620.708984375,32127.75665,32444.501953125,32243.34601,32363.58984375,31872.24335,32141.75,31750.57034,32112.142578125,31586.31179
2017-05-11 19:20:00,32861.8125,32127.75665,32595.15625,32243.34601,32410.3359375,31872.24335,32309.08984375,31750.57034,32089.146484375,31586.31179,32061.830078125,31853.9924
2017-05-11 19:30:00,32907.62890625,32243.34601,32617.65234375,31872.24335,32437.537109375,31750.57034,32311.73046875,31586.31179,32083.587890625,31853.9924,32062.2421875,31829.65779
2017-05-11 19:40:00,32831.9609375,31872.24335,32511.267578125,31750.57034,32333.146484375,31586.31179,32191.8046875,31853.9924,31954.224609375,31829.65779,31950.5078125,31823.57414
2017-05-11 19:50:00,32828.8359375,31750.57034,32481.369140625,31586.31179,32307.533203125,31853.9924,32146.427734375,31829.65779,31899.025390625,31823.57414,31914.548828125,31756.65399
2017-05-11 20:00:00,32719.69140625,31586.31179,32347.908203125,31853.9924,32180.00390625,31829.65779,32007.216796875,31823.57414,31762.220703125,31756.65399,31797.748046875,31744.48669
2017-05-11 20:10:00,32613.423828125,31853.9924,32228.68359375,31829.65779,32069.744140625,31823.57414,31876.283203125,31756.65399,31628.65625,31744.48669,31687.248046875,31574.14449
2017-05-11 20:20:00,32450.51171875,31829.65779,32050.689453125,31823.57414,31897.0703125,31756.65399,31703.779296875,31744.48669,31459.2109375,31574.14449,31543.55859375,31549.80989
2017-05-11 20:30:00,32313.580078125,31823.57414,31902.40234375,31756.65399,31760.751953125,31744.48669,31551.0625,31574.14449,31315.22265625,31549.80989,31430.392578125,31537.64259
2017-05-11 20:40:00,32098.455078125,31756.65399,31689.71875,31744.48669,31559.06640625,31574.14449,31365.388671875,31549.80989,31147.779296875,31537.64259,31296.697265625,31507.22433
2017-05-11 20:50:00,31973.44140625,31744.48669,31564.283203125,31574.14449,31446.474609375,31549.80989,31255.00390625,31537.64259,31051.359375,31507.22433,31232.380859375,31476.80608
2017-05-11 21:00:00,31806.71484375,31574.14449,31402.041015625,31549.80989,31311.00390625,31537.64259,31152.595703125,31507.22433,30972.12890625,31476.80608,31189.6484375,31233.46008
2017-05-11 21:10:00,31692.642578125,31549.80989,31292.91015625,31537.64259,31222.076171875,31507.22433,31077.884765625,31476.80608,30923.533203125,31233.46008,31179.080078125,31251.71103
2017-05-11 21:20:00,31516.458984375,31537.64259,31138.123046875,31507.22433,31091.16796875,31476.80608,30993.916015625,31233.46008,30879.078125,31251.71103,31181.2265625,31361.21673
2017-05-11 21:30:00,31496.220703125,31507.22433,31142.294921875,31476.80608,31126.576171875,31233.46008,31075.087890625,31251.71103,31008.9140625,31361.21673,31338.8828125,31294.29658
2017-05-11 21:40:00,31382.044921875,31476.80608,31060.8828125,31233.46008,31068.921875,31251.71103,31088.501953125,31361.21673,31068.73046875,31294.29658,31429.515625,31519.39163
2017-05-11 21:50:00,31364.369140625,31233.46008,31073.345703125,31251.71103,31097.4296875,31361.21673,31172.763671875,31294.29658,31199.275390625,31519.39163,31573.705078125,31519.39163
2017-05-11 22:00:00,31350.458984375,31251.71103,31112.2890625,31361.21673,31169.771484375,31294.29658,31333.421875,31519.39163,31429.87109375,31519.39163,31836.529296875,31945.24715
2017-05-11 22:10:00,31422.50390625,31361.21673,31232.41796875,31294.29658,31318.8125,31519.39163,31552.791015625,31519.39163,31721.033203125,31945.24715,32154.57421875,32480.60837
2017-05-11 22:20:00,31568.216796875,31294.29658,31431.83203125,31519.39163,31556.580078125,31519.39163,31902.3828125,31945.24715,32150.30078125,32480.60837,32600.75390625,33289.73384
2017-05-11 22:30:00,31843.513671875,31519.39163,31765.77734375,31519.39163,31932.904296875,31945.24715,32372.568359375,32480.60837,32708.611328125,33289.73384,33190.96875,35005.32319
2017-05-11 22:40:00,32307.982421875,31519.39163,32316.935546875,31945.24715,32556.224609375,32480.60837,33137.46484375,33289.73384,33589.28125,35005.32319,34128.41796875,37019.01141
2017-05-11 22:50:00,32892.7734375,31945.24715,32971.91796875,32480.60837,33283.47265625,33289.73384,33972.03125,35005.32319,34538.78125,37019.01141,35114.20703125,39586.31179
2017-05-11 23:00:00,33584.28125,32480.60837,33776.640625,33289.73384,34171.33984375,35005.32319,34994.59765625,37019.01141,35691.9140625,39586.31179,36314.91015625,40444.10646
2017-05-11 23:10:00,34541.29296875,33289.73384,34801.2421875,35005.32319,35270.03125,37019.01141,36166.3359375,39586.31179,36963.51953125,40444.10646,37595.0390625,41015.96958
2017-05-11 23:20:00,35474.375,35005.32319,35807.2734375,37019.01141,36326.94921875,39586.31179,37267.546875,40444.10646,38106.17578125,41015.96958,38703.62890625,40882.12928
2017-05-11 23:30:00,36692.046875,37019.01141,37088.70703125,39586.31179,37645.89453125,40444.10646,38547.29296875,41015.96958,39390.875,40882.12928,39916.53515625,40620.53232
2017-05-11 23:40:00,37833.875,39586.31179,38276.2109375,40444.10646,38794.62109375,41015.96958,39541.0234375,40882.12928,40288.03125,40620.53232,40660.90234375,40377.18631
2017-05-11 23:50:00,38881.2265625,40444.10646,39349.29296875,41015.96958,39762.75390625,40882.12928,40243.73828125,40620.53232,40854.55859375,40377.18631,41027.0625,40401.52091
2017-05-12 00:00:00,39362.0234375,41015.96958,39785.8125,40882.12928,40043.0625,40620.53232,40244.796875,40377.18631,40701.00390625,40401.52091,40710.20703125,40669.20152
2017-05-12 00:10:00,39555.12109375,40882.12928,39931.140625,40620.53232,40063.30078125,40377.18631,40068.41796875,40401.52091,40423.14453125,40669.20152,40322.99609375,40894.29658
2017-05-12 00:20:00,39525.82421875,40620.53232,39867.66015625,40377.18631,39927.51953125,40401.52091,39823.55859375,40669.20152,40105.3359375,40894.29658,39934.109375,40584.03042
2017-05-12 00:30:00,39603.6484375,40377.18631,39929.23828125,40401.52091,39961.671875,40669.20152,39783.14453125,40894.29658,40003.01953125,40584.03042,39801.0703125,40888.21293
2017-05-12 00:40:00,39660.984375,40401.52091,39956.2265625,40669.20152,39979.765625,40894.29658,39758.27734375,40584.03042,39926.3515625,40888.21293,39698.25,40517.11027
2017-05-12 00:50:00,39757.0078125,40669.20152,40009.5703125,40894.29658,40026.4765625,40584.03042,39784.3203125,40888.21293,39879.78125,40517.11027,39639.92578125,40097.3384
2017-05-12 01:00:00,39806.12109375,40894.29658,40017.2421875,40584.03042,40017.625,40888.21293,39761.125,40517.11027,39820.63671875,40097.3384,39561.17578125,39902.6616
2017-05-12 01:10:00,39869.26171875,40584.03042,40028.8828125,40888.21293,40007.52734375,40517.11027,39743.9296875,40097.3384,39756.515625,39902.6616,39477.875,39604.56274
2017-05-12 01:20:00,39876.00390625,40888.21293,39984.76171875,40517.11027,39942.421875,40097.3384,39660.66796875,39902.6616,39645.5703125,39604.56274,39353.9140625,39282.12928
2017-05-12 01:30:00,39861.65234375,40517.11027,39913.91015625,40097.3384,39858.4453125,39902.6616,39556.4453125,39604.56274,39493.72265625,39282.12928,39194.16015625,39634.98099
2017-05-12 01:40:00,39823.2578125,40097.3384,39821.59375,39902.6616,39748.890625,39604.56274,39426.1328125,39282.12928,39332.91796875,39634.98099,39028.421875,39695.81749
2017-05-12 01:50:00,39757.6328125,39902.6616,39694.52734375,39604.56274,39600.171875,39282.12928,39258.04296875,39634.98099,39128.10546875,39695.81749,38801.00390625,39482.88973
2017-05-12 02:00:00,39615.625,39604.56274,39494.4140625,39282.12928,39373.43359375,39634.98099,38996.16796875,39695.81749,38853.9375,39482.88973,38527.375,38825.85551
2017-05-12 02:10:00,39417.77734375,39282.12928,39230.77734375,39634.98099,39089.796875,39695.81749,38676.37109375,39482.88973,38516.7265625,38825.85551,38188.234375,38400.0
2017-05-12 02:20:00,39190.0859375,39634.98099,38940.3046875,39695.81749,38781.64453125,39482.88973,38336.51953125,38825.85551,38161.55078125,38400.0,37830.40234375,38229.65779
2017-05-12 02:30:00,38910.3046875,39695.81749,38589.34765625,39482.88973,38410.5390625,38825.85551,37935.27734375,38400.0,37735.81640625,38229.65779,37388.9453125,37895.05703
2017-05-12 02:40:00,38659.88671875,39482.88973,38284.0390625,38825.85551,38089.73828125,38400.0,37584.21875,38229.65779,37363.44921875,37895.05703,37011.15625,37566.53992
2017-05-12 02:50:00,38361.76953125,38825.85551,37929.234375,38400.0,37720.30078125,38229.65779,37187.25390625,37895.05703,36945.875,37566.53992,36575.06640625,37134.60076
2017-05-12 03:00:00,38076.765625,38400.0,37592.1796875,38229.65779,37361.80078125,37895.05703,36806.2890625,37566.53992,36536.51953125,37134.60076,36145.55859375,36635.74144
2017-05-12 03:10:00,37731.8359375,38229.65779,37192.671875,37895.05703,36940.0859375,37566.53992,36366.84765625,37134.60076,36059.94140625,36635.74144,35641.0390625,36398.47909
2017-05-12 03:20:00,37388.76953125,37895.05703,36801.6484375,37566.53992,36519.30859375,37134.60076,35921.6328125,36635.74144,35586.9921875,36398.47909,35141.9921875,35814.44867
2017-05-12 03:30:00,37017.7578125,37566.53992,36389.86328125,37134.60076,36078.6953125,36635.74144,35466.9375,36398.47909,35090.3984375,35814.44867,34612.4921875,35157.41445
2017-05-12 03:40:00,36588.62109375,37134.60076,35927.1328125,36635.74144,35580.234375,36398.47909,34957.11328125,35814.44867,34533.1484375,35157.41445,34021.00390625,34463.87833
2017-05-12 03:50:00,36139.86328125,36635.74144,35452.03125,36398.47909,35061.52734375,35814.44867,34427.96484375,35157.41445,33946.91015625,34463.87833,33406.48046875,33806.84411
2017-05-12 04:00:00,35651.00390625,36398.47909,34944.1953125,35814.44867,34501.18359375,35157.41445,33868.43359375,34463.87833,33344.00390625,33806.84411,32777.12109375,33192.39544
2017-05-12 04:10:00,35091.4921875,35814.44867,34362.73828125,35157.41445,33889.53515625,34463.87833,33261.86328125,33806.84411,32696.5234375,33192.39544,32089.6796875,32176.42586
2017-05-12 04:20:00,34554.64453125,35157.41445,33805.6953125,34463.87833,33295.87890625,33806.84411,32676.470703125,33192.39544,32085.966796875,32176.42586,31446.826171875,31276.04563
2017-05-12 04:30:00,33954.0234375,34463.87833,33182.859375,33806.84411,32649.65625,33192.39544,32041.94921875,32176.42586,31438.63671875,31276.04563,30758.16796875,30375.6654
2017-05-12 04:40:00,33354.81640625,33806.84411,32565.080078125,33192.39544,32007.63671875,32176.42586,31408.78515625,31276.04563,30806.888671875,30375.6654,30098.123046875,29627.37643
2017-05-12 04:50:00,32728.001953125,33192.39544,31917.015625,32176.42586,31349.48828125,31276.04563,30753.958984375,30375.6654,30167.18359375,29627.37643,29424.625,28915.58935
2017-05-12 05:00:00,32076.427734375,32176.42586,31256.294921875,31276.04563,30675.564453125,30375.6654,30092.94140625,29627.37643,29543.064453125,28915.58935,28776.0,28416.73004
2017-05-12 05:10:00,31383.60546875,31276.04563,30544.5390625,30375.6654,29988.0234375,29627.37643,29414.5859375,28915.58935,28905.783203125,28416.73004,28138.0078125,27765.77947
2017-05-12 05:20:00,30732.591796875,30375.6654,29887.5234375,29627.37643,29336.072265625,28915.58935,28785.7109375,28416.73004,28310.54296875,27765.77947,27549.828125,27005.32319
2017-05-12 05:30:00,30054.07421875,29627.37643,29208.703125,28915.58935,28683.5234375,28416.73004,28160.923828125,27765.77947,27720.73828125,27005.32319,26982.453125,26579.46768
2017-05-12 05:40:00,29413.568359375,28915.58935,28577.9375,28416.73004,28081.185546875,27765.77947,27592.93359375,27005.32319,27181.380859375,26579.46768,26454.98828125,26129.27757
2017-05-12 05:50:00,28856.578125,28416.73004,28031.185546875,27765.77947,27577.150390625,27005.32319,27114.0546875,26579.46768,26703.66796875,26129.27757,26023.357421875,25587.8327
2017-05-12 06:00:00,28302.146484375,27765.77947,27490.94921875,27005.32319,27080.404296875,26579.46768,26654.892578125,26129.27757,26243.38671875,25587.8327,25597.734375,25320.15209
2017-05-12 06:10:00,27799.41015625,27005.32319,26997.5859375,26579.46768,26645.21875,26129.27757,26254.640625,25587.8327,25827.244140625,25320.15209,25232.142578125,24705.70342
2017-05-12 06:20:00,27233.21484375,26579.46768,26470.810546875,26129.27757,26135.28515625,25587.8327,25759.9921875,25320.15209,25367.7421875,24705.70342,24781.052734375,24164.25856
2017-05-12 06:30:00,26665.421875,26129.27757,25948.28125,25587.8327,25654.12109375,25320.15209,25273.0390625,24705.70342,24915.890625,24164.25856,24362.87109375,23415.96958
2017-05-12 06:40:00,26238.2890625,25587.8327,25544.908203125,25320.15209,25290.591796875,24705.70342,24889.7578125,24164.25856,24577.66796875,23415.96958,24030.208984375,23349.04943
2017-05-12 06:50:00,25838.439453125,25320.15209,25195.62109375,24705.70342,24969.197265625,24164.25856,24583.4453125,23415.96958,24297.203125,23349.04943,23787.8671875,23081.36882
2017-05-12 07:00:00,25435.134765625,24705.70342,24870.67578125,24164.25856,24649.66796875,23415.96958,24283.94921875,23349.04943,24026.6171875,23081.36882,23566.318359375,22679.84791
2017-05-12 07:10:00,25126.810546875,24164.25856,24606.33984375,23415.96958,24398.50390625,23349.04943,24066.134765625,23081.36882,23813.11328125,22679.84791,23380.052734375,22430.41825
2017-05-12 07:20:00,24799.0078125,23415.96958,24350.857421875,23349.04943,24134.884765625,23081.36882,23840.193359375,22679.84791,23606.3125,22430.41825,23223.490234375,22193.15589
2017-05-12 07:30:00,24537.013671875,23349.04943,24136.408203125,23081.36882,23938.28515625,22679.84791,23666.09765625,22430.41825,23440.22265625,22193.15589,23109.67578125,22059.31559
2017-05-12 07:40:00,24257.037109375,23081.36882,23928.412109375,22679.84791,23721.99609375,22430.41825,23490.662109375,22193.15589,23263.7109375,22059.31559,22980.82421875,21919.39163
2017-05-12 07:50:00,24045.998046875,22679.84791,23756.689453125,22430.41825,23571.412109375,22193.15589,23357.130859375,22059.31559,23124.953125,21919.39163,22892.044921875,21882.88973
2017-05-12 08:00:00,23818.33203125,22430.41825,23580.423828125,22193.15589,23399.408203125,22059.31559,23223.458984375,21919.39163,22983.97265625,21882.88973,22798.87109375,21749.04943
2017-05-12 08:10:00,23648.34765625,22193.15589,23432.794921875,22059.31559,23280.85546875,21919.39163,23121.330078125,21882.88973,22897.306640625,21749.04943,22735.314453125,21761.21673
2017-05-12 08:20:00,23469.857421875,22059.31559,23290.041015625,21919.39163,23145.60546875,21882.88973,23010.58203125,21749.04943,22775.76171875,21761.21673,22667.998046875,21505.70342
2017-05-12 08:30:00,23359.44140625,21919.39163,23211.736328125,21882.88973,23075.06640625,21749.04943,22963.630859375,21761.21673,22720.2578125,21505.70342,22649.552734375,21627.37643
2017-05-12 08:40:00,23217.408203125,21882.88973,23089.619140625,21749.04943,22955.265625,21761.21673,22871.83984375,21505.70342,22608.494140625,21627.37643,22580.4609375,21627.37643
2017-05-12 08:50:00,23106.703125,21749.04943,23006.64453125,21761.21673,22879.439453125,21505.70342,22806.79296875,21627.37643,22538.04296875,21627.37643,22543.705078125,21615.20913
2017-05-12 09:00:00,22993.958984375,21761.21673,22916.3828125,21505.70342,22799.009765625,21627.37643,22734.259765625,21627.37643,22458.03125,21615.20913,22498.236328125,21390.11407
2017-05-12 09:10:00,22897.443359375,21505.70342,22828.54296875,21627.37643,22725.134765625,21627.37643,22673.203125,21615.20913,22373.76171875,21390.11407,22440.119140625,21177.18631
2017-05-12 09:20:00,22806.609375,21627.37643,22738.05859375,21627.37643,22655.947265625,21615.20913,22600.107421875,21390.11407,22298.61328125,21177.18631,22381.16796875,21225.85551
2017-05-12 09:30:00,22709.93359375,21627.37643,22642.609375,21615.20913,22579.33984375,21390.11407,22522.701171875,21177.18631,22198.228515625,21225.85551,22297.607421875,21177.18631
2017-05-12 09:40:00,22650.0234375,21615.20913,22585.115234375,21390.11407,22535.498046875,21177.18631,22477.904296875,21225.85551,22155.3359375,21177.18631,22254.109375,21207.60456
2017-05-12 09:50:00,22595.162109375,21390.11407,22517.650390625,21177.18631,22486.740234375,21225.85551,22434.44140625,21177.18631,22097.890625,21207.60456,22205.19140625,21092.01521
2017-05-12 10:00:00,22521.791015625,21177.18631,22436.076171875,21225.85551,22427.9140625,21177.18631,22367.8828125,21207.60456,22036.65625,21092.01521,22147.705078125,21098.09886
2017-05-12 10:10:00,22448.470703125,21225.85551,22351.78515625,21177.18631,22362.15625,21207.60456,22303.267578125,21092.01521,21960.95703125,21098.09886,22080.669921875,21189.35361
2017-05-12 10:20:00,22369.828125,21177.18631,22277.900390625,21207.60456,22299.314453125,21092.01521,22232.646484375,21098.09886,21897.61328125,21189.35361,22023.775390625,21365.77947
2017-05-12 10:30:00,22290.724609375,21207.60456,22196.935546875,21092.01521,22231.453125,21098.09886,22162.6484375,21189.35361,21828.91796875,21365.77947,21962.802734375,21396.19772
2017-05-12 10:40:00,22189.736328125,21092.01521,22098.814453125,21098.09886,22144.2109375,21189.35361,22070.21484375,21365.77947,21746.44140625,21396.19772,21890.04296875,21384.03042
2017-05-12 10:50:00,22086.443359375,21098.09886,21989.001953125,21189.35361,22049.99609375,21365.77947,21979.6953125,21396.19772,21659.41015625,21384.03042,21814.650390625,21311.02662
2017-05-12 11:00:00,21977.52734375,21189.35361,21888.86328125,21365.77947,21956.037109375,21396.19772,21886.068359375,21384.03042,21584.2109375,21311.02662,21751.732421875,21694.29658
2017-05-12 11:10:00,21887.521484375,21365.77947,21799.787109375,21396.19772,21881.453125,21384.03042,21816.3671875,21311.02662,21528.33984375,21694.29658,21705.552734375,22588.59316
2017-05-12 11:20:00,21811.9296875,21396.19772,21725.904296875,21384.03042,21814.525390625,21311.02662,21758.978515625,21694.29658,21489.111328125,22588.59316,21678.69921875,22886.69202
2017-05-12 11:30:00,21738.09375,21384.03042,21651.298828125,21311.02662,21746.3671875,21694.29658,21709.8046875,22588.59316,21459.083984375,22886.69202,21668.8515625,23178.70722
2017-05-12 11:40:00,21664.068359375,21311.02662,21585.310546875,21694.29658,21679.59375,22588.59316,21662.5546875,22886.69202,21444.23828125,23178.70722,21672.794921875,23519.39163
2017-05-12 11:50:00,21599.412109375,21694.29658,21528.30078125,22588.59316,21629.841796875,22886.69202,21644.326171875,23178.70722,21452.96484375,23519.39163,21701.8046875,24012.1673
2017-05-12 12:00:00,21542.642578125,22588.59316,21479.15625,22886.69202,21583.896484375,23178.70722,21629.962890625,23519.39163,21477.6484375,24012.1673,21738.9609375,24012.1673
2017-05-12 12:10:00,21492.435546875,22886.69202,21432.474609375,23178.70722,21557.259765625,23519.39163,21648.275390625,24012.1673,21519.705078125,24012.1673,21802.302734375,23610.64639
2017-05-12 12:20:00,21489.029296875,23178.70722,21434.36328125,23519.39163,21577.20703125,24012.1673,21719.02734375,24012.1673,21623.619140625,23610.64639,21921.08984375,23178.70722
2017-05-12 12:30:00,21518.064453125,23519.39163,21463.140625,24012.1673,21646.572265625,24012.1673,21835.07421875,23610.64639,21776.69921875,23178.70722,22088.876953125,23215.20913
2017-05-12 12:40:00,21599.62109375,24012.1673,21559.12109375,24012.1673,21766.1640625,23610.64639,21995.59765625,23178.70722,21973.408203125,23215.20913,22308.70703125,22813.68821
2017-05-12 12:50:00,21788.9609375,24012.1673,21764.51171875,23610.64639,22018.896484375,23178.70722,22295.6015625,23215.20913,22305.88671875,22813.68821,22665.751953125,22479.08745
2017-05-12 13:00:00,22055.9765625,23610.64639,22067.7734375,23178.70722,22358.654296875,23215.20913,22692.6484375,22813.68821,22741.71875,22479.08745,23127.66015625,22162.73764
2017-05-12 13:10:00,22396.755859375,23178.70722,22457.486328125,23215.20913,22787.841796875,22813.68821,23175.369140625,22479.08745,23265.083984375,22162.73764,23694.986328125,22168.82129
2017-05-12 13:20:00,22752.203125,23215.20913,22862.49609375,22813.68821,23217.74609375,22479.08745,23648.43359375,22162.73764,23777.22265625,22168.82129,24242.3359375,22740.68441
2017-05-12 13:30:00,23187.357421875,22813.68821,23355.615234375,22479.08745,23738.2578125,22162.73764,24196.052734375,22168.82129,24364.6328125,22740.68441,24863.234375,23750.57034
2017-05-12 13:40:00,23578.87890625,22479.08745,23789.443359375,22162.73764,24178.935546875,22168.82129,24659.392578125,22740.68441,24855.091796875,23750.57034,25370.115234375,24006.08365
2017-05-12 13:50:00,23832.955078125,22162.73764,24068.056640625,22168.82129,24457.123046875,22740.68441,24935.224609375,23750.57034,25154.69140625,24006.08365,25708.376953125,24328.51711
2017-05-12 14:00:00,24112.771484375,22168.82129,24375.58203125,22740.68441,24748.56640625,23750.57034,25215.77734375,24006.08365,25468.94921875,24328.51711,26025.697265625,24669.20152
2017-05-12 14:10:00,24428.91015625,22740.68441,24711.94921875,23750.57034,25050.62109375,24006.08365,25502.271484375,24328.51711,25792.708984375,24669.20152,26352.763671875,25070.72243
2017-05-12 14:20:00,24729.931640625,23750.57034,25021.603515625,24006.08365,25337.513671875,24328.51711,25779.552734375,24669.20152,26084.744140625,25070.72243,26633.84765625,25320.15209
2017-05-12 14:30:00,25047.3046875,24006.08365,25366.236328125,24328.51711,25641.224609375,24669.20152,26065.119140625,25070.72243,26400.4375,25320.15209,26925.61328125,26184.03042
2017-05-12 14:40:00,25585.9921875,24328.51711,25918.791015625,24669.20152,26155.26953125,25070.72243,26559.470703125,25320.15209,26909.857421875,26184.03042,27373.845703125,26816.73004
2017-05-12 14:50:00,26092.541015625,24669.20152,26441.81640625,25070.72243,26638.8125,25320.15209,27025.083984375,26184.03042,27394.859375,26816.73004,27805.8515625,27400.76046
2017-05-12 15:00:00,26498.763671875,25070.72243,26842.525390625,25320.15209,27021.72265625,26184.03042,27395.384765625,26816.73004,27771.541015625,27400.76046,28121.626953125,27425.09506
2017-05-12 15:10:00,26973.671875,25320.15209,27309.873046875,26184.03042,27487.28125,26816.73004,27848.97265625,27400.76046,28219.478515625,27425.09506,28536.71484375,27990.87452
2017-05-12 15:20:00,27499.61328125,26184.03042,27817.001953125,26816.73004,27970.001953125,27400.76046,28302.232421875,27425.09506,28632.162109375,27990.87452,28898.267578125,28526.23574
2017-05-12 15:30:00,27904.015625,26816.73004,28215.76171875,27400.76046,28315.630859375,27425.09506,28641.37109375,27990.87452,28961.708984375,28526.23574,29185.056640625,28988.59316
2017-05-12 15:40:00,28417.693359375,27400.76046,28695.421875,27425.09506,28800.388671875,27990.87452,29109.857421875,28526.23574,29384.2578125,28988.59316,29568.2734375,29146.76806
2017-05-12 15:50:00,28899.509765625,27425.09506,29147.78125,27990.87452,29240.951171875,28526.23574,29535.939453125,28988.59316,29765.986328125,29146.76806,29915.171875,29536.12167
2017-05-12 16:00:00,29285.2265625,27990.87452,29487.2421875,28526.23574,29558.94921875,28988.59316,29845.93359375,29146.76806,30050.9921875,29536.12167,30121.931640625,30180.98859
2017-05-12 16:10:00,29726.99609375,28526.23574,29900.283203125,28988.59316,30048.48046875,29146.76806,30262.806640625,29536.12167,30396.125,30180.98859,30477.275390625,30241.8251
2017-05-12 16:20:00,30164.845703125,28988.59316,30355.728515625,29146.76806,30439.689453125,29536.12167,30650.212890625,30180.98859,30767.302734375,30241.8251,30827.884765625,30485.1711
2017-05-12 16:30:00,30520.29296875,29146.76806,30684.3359375,29536.12167,30762.982421875,30180.98859,30937.01953125,30241.8251,30986.705078125,30485.1711,31049.296875,30771.10266
2017-05-12 16:40:00,30820.66015625,29536.12167,30981.41015625,30180.98859,31007.6328125,30241.8251,31194.322265625,30485.1711,31253.890625,30771.10266,31308.521484375,31263.87833
2017-05-12 16:50:00,31199.26953125,30180.98859,31249.0859375,30241.8251,31359.791015625,30485.1711,31521.2265625,30771.10266,31474.751953125,31263.87833,31568.640625,31002.28137
2017-05-12 17:00:00,31317.7890625,30241.8251,31326.3125,30485.1711,31449.228515625,30771.10266,31583.4609375,31263.87833,31478.64453125,31002.28137,31623.33984375,31093.53612
2017-05-12 17:10:00,31460.267578125,30485.1711,31423.03125,30771.10266,31504.076171875,31263.87833,31631.873046875,31002.28137,31495.03125,31093.53612,31589.150390625,30844.10646
2017-05-12 17:20:00,31631.509765625,30771.10266,31557.59765625,31263.87833,31614.482421875,31002.28137,31753.412109375,31093.53612,31603.4609375,30844.10646,31659.79296875,30199.23954
2017-05-12 17:30:00,31856.26953125,31263.87833,31790.501953125,31002.28137,31858.21484375,31093.53612,31969.814453125,30844.10646,31773.3203125,30199.23954,31825.607421875,30162.73764
2017-05-12 17:40:00,31926.4140625,31002.28137,31869.8671875,31093.53612,31896.458984375,30844.10646,32018.478515625,30199.23954,31785.310546875,30162.73764,31819.484375,29998.47909
2017-05-12 17:50:00,32107.578125,31093.53612,32018.541015625,30844.10646,32024.712890625,30199.23954,32096.177734375,30162.73764,31886.021484375,29998.47909,31915.669921875,29767.30038
2017-05-12 18:00:00,32202.775390625,30844.10646,32099.212890625,30199.23954,32125.208984375,30162.73764,32189.068359375,29998.47909,31948.529296875,29767.30038,31989.93359375,29548.28897
2017-05-12 18:10:00,32405.8984375,30199.23954,32280.73828125,30162.73764,32309.65625,29998.47909,32320.38671875,29767.30038,32069.58203125,29548.28897,32122.1171875,29663.87833
2017-05-12 18:20:00,32473.1015625,30162.73764,32334.58203125,29998.47909,32354.6171875,29767.30038,32351.08984375,29548.28897,32099.755859375,29663.87833,32150.0,30168.82129
2017-05-12 18:30:00,32538.2890625,29998.47909,32379.9140625,29767.30038,32358.259765625,29548.28897,32334.544921875,29663.87833,32063.404296875,30168.82129,32097.634765625,30558.1749
2017-05-12 18:40:00,32499.421875,29767.30038,32351.779296875,29548.28897,32299.685546875,29663.87833,32268.8671875,30168.82129,31993.876953125,30558.1749,32004.822265625,30491.25475
2017-05-12 18:50:00,32412.896484375,29548.28897,32238.017578125,29663.87833,32164.2109375,30168.82129,32092.466796875,30558.1749,31817.404296875,30491.25475,31831.982421875,30503.42205
2017-05-12 19:00:00,32310.771484375,29663.87833,32120.171875,30168.82129,32020.646484375,30558.1749,31919.740234375,30491.25475,31659.228515625,30503.42205,31678.52734375,30187.07224
2017-05-12 19:10:00,32185.306640625,30168.82129,31967.044921875,30558.1749,31863.046875,30491.25475,31717.123046875,30503.42205,31457.029296875,30187.07224,31514.740234375,29913.30798
2017-05-12 19:20:00,31979.640625,30558.1749,31733.333984375,30491.25475,31596.099609375,30503.42205,31415.5,30187.07224,31174.19921875,29913.30798,31216.66015625,29834.22053
2017-05-12 19:30:00,31750.7109375,30491.25475,31445.41796875,30503.42205,31331.12109375,30187.07224,31101.775390625,29913.30798,30856.5390625,29834.22053,30929.984375,29718.63118
2017-05-12 19:40:00,31507.75,30503.42205,31212.689453125,30187.07224,31055.6875,29913.30798,30809.890625,29834.22053,30591.85546875,29718.63118,30663.43359375,29834.22053
2017-05-12 19:50:00,31271.3671875,30187.07224,30927.41796875,29913.30798,30808.43359375,29834.22053,30533.1328125,29718.63118,30315.43359375,29834.22053,30417.056640625,30132.31939
2017-05-12 20:00:00,31052.4921875,29913.30798,30712.572265625,29834.22053,30575.16015625,29718.63118,30292.533203125,29834.22053,30108.84375,30132.31939,30224.98046875,29937.64259
2017-05-12 20:10:00,30852.970703125,29834.22053,30500.173828125,29718.63118,30394.12109375,29834.22053,30121.080078125,30132.31939,29936.24609375,29937.64259,30095.69921875,30266.1597
2017-05-12 20:20:00,30627.2890625,29718.63118,30273.8984375,29834.22053,30157.94140625,30132.31939,29888.869140625,29937.64259,29745.064453125,30266.1597,29907.150390625,30047.14829
2017-05-12 20:30:00,30461.412109375,29834.22053,30115.01171875,30132.31939,30028.0859375,29937.64259,29778.87890625,30266.1597,29656.873046875,30047.14829,29849.689453125,29718.63118
2017-05-12 20:40:00,30241.021484375,30132.31939,29911.076171875,29937.64259,29821.03515625,30266.1597,29595.91015625,30047.14829,29507.076171875,29718.63118,29712.2890625,29761.21673
2017-05-12 20:50:00,30100.26953125,29937.64259,29786.765625,30266.1597,29729.669921875,30047.14829,29556.7890625,29718.63118,29462.265625,29761.21673,29699.79296875,29402.28137
2017-05-12 21:00:00,30060.01171875,30266.1597,29773.462890625,30047.14829,29714.8671875,29718.63118,29583.59765625,29761.21673,29545.498046875,29402.28137,29770.09765625,29274.52471
2017-05-12 21:10:00,30076.931640625,30047.14829,29825.0234375,29718.63118,29816.45703125,29761.21673,29733.177734375,29402.28137,29725.119140625,29274.52471,30001.818359375,29335.36122
2017-05-12 21:20:00,30050.84375,29718.63118,29840.935546875,29761.21673,29866.6796875,29402.28137,29808.85546875,29274.52471,29848.234375,29335.36122,30180.74609375,29688.21293
2017-05-12 21:30:00,30180.29296875,29761.21673,29996.38671875,29402.28137,30064.13671875,29274.52471,30100.560546875,29335.36122,30165.44140625,29688.21293,30518.892578125,29645.62738
2017-05-12 21:40:00,30336.3671875,29402.28137,30208.638671875,29274.52471,30325.103515625,29335.36122,30437.83984375,29688.21293,30590.677734375,29645.62738,30981.234375,29584.79087
2017-05-12 21:50:00,30687.728515625,29274.52471,30627.03515625,29335.36122,30814.00390625,29688.21293,30991.841796875,29645.62738,31179.984375,29584.79087,31629.201171875,29615.20913
2017-05-12 22:00:00,31045.822265625,29335.36122,31074.658203125,29688.21293,31307.53125,29645.62738,31576.955078125,29584.79087,31850.3125,29615.20913,32333.271484375,30126.23574
2017-05-12 22:10:00,31364.01171875,29688.21293,31459.974609375,29645.62738,31774.12890625,29584.79087,32142.26171875,29615.20913,32468.865234375,30126.23574,32998.29296875,30819.77186
2017-05-12 22:20:00,31629.404296875,29645.62738,31786.27734375,29584.79087,32134.453125,29615.20913,32576.232421875,30126.23574,32965.703125,30819.77186,33514.30078125,31251.71103
2017-05-12 22:30:00,32069.265625,29584.79087,32297.068359375,29615.20913,32687.7890625,30126.23574,33223.6796875,30819.77186,33666.3671875,31251.71103,34237.9609375,32486.69202
2017-05-12 22:40:00,32631.912109375,29615.20913,32938.74609375,30126.23574,33374.03515625,30819.77186,33964.703125,31251.71103,34484.44921875,32486.69202,35051.140625,35169.58175
2017-05-12 22:50:00,33171.09765625,30126.23574,33527.13671875,30819.77186,33990.421875,31251.71103,34652.77734375,32486.69202,35212.4296875,35169.58175,35792.46875,37517.87072
2017-05-12 23:00:00,33730.36328125,30819.77186,34173.9453125,31251.71103,34651.73828125,32486.69202,35365.35546875,35169.58175,35959.671875,37517.87072,36540.6171875,38625.09506
2017-05-12 23:10:00,34252.88671875,31251.71103,34736.28125,32486.69202,35228.70703125,35169.58175,35970.08203125,37517.87072,36579.40625,38625.09506,37150.30078125,38844.10646
2017-05-12 23:20:00,35326.0078125,32486.69202,35909.87890625,35169.58175,36414.08203125,37517.87072,37168.1640625,38625.09506,37819.890625,38844.10646,38330.39453125,38862.35741
2017-05-12 23:30:00,36138.37890625,35169.58175,36758.78515625,37517.87072,37244.5390625,38625.09506,37948.19140625,38844.10646,38549.71484375,38862.35741,38987.7265625,39069.20152
2017-05-12 23:40:00,37090.3671875,37517.87072,37716.3984375,38625.09506,38160.015625,38844.10646,38743.81640625,38862.35741,39256.1015625,39069.20152,39579.3203125,39221.29278
2017-05-12 23:50:00,37855.0859375,38625.09506,38424.125,38844.10646,38764.1015625,38862.35741,39147.05859375,39069.20152,39538.69921875,39221.29278,39716.2578125,39020.53232
2017-05-13 00:00:00,38490.94140625,38844.10646,39017.83203125,38862.35741,39260.16796875,39069.20152,39438.29296875,39221.29278,39724.625,39020.53232,39745.29296875,38844.10646
2017-05-13 00:10:00,38565.12890625,38862.35741,39008.11328125,39069.20152,39129.86328125,39221.29278,39181.51953125,39020.53232,39378.8125,38844.10646,39278.9765625,38874.52471
2017-05-13 00:20:00,38677.25390625,39069.20152,39081.015625,39221.29278,39125.93359375,39020.53232,39082.48046875,38844.10646,39216.0,38874.52471,39031.5234375,38911.02662
2017-05-13 00:30:00,38588.796875,39221.29278,38928.828125,39020.53232,38933.2578125,38844.10646,38826.4140625,38874.52471,38917.75,38911.02662,38658.015625,38868.44106
2017-05-13 00:40:00,38568.046875,39020.53232,38854.46875,38844.10646,38842.859375,38874.52471,38696.68359375,38911.02662,38733.8203125,38868.44106,38437.78515625,38491.25475
2017-05-13 00:50:00,38503.265625,38844.10646,38747.24609375,38874.52471,38721.21484375,38911.02662,38546.1640625,38868.44106,38566.6484375,38491.25475,38223.046875,38442.58555
2017-05-13 01:00:00,38581.3515625,38874.52471,38777.3984375,38911.02662,38736.84765625,38868.44106,38549.24609375,38491.25475,38533.84765625,38442.58555,38174.140625,38199.23954
2017-05-13 01:10:00,38582.9375,38911.02662,38734.13671875,38868.44106,38668.6796875,38491.25475,38473.8515625,38442.58555,38439.05859375,38199.23954,38054.14453125,38253.9924
2017-05-13 01:20:00,38653.1640625,38868.44106,38760.35546875,38491.25475,38677.62109375,38442.58555,38462.7890625,38199.23954,38405.890625,38253.9924,38014.1015625,38308.74525
2017-05-13 01:30:00,38608.609375,38491.25475,38672.3203125,38442.58555,38574.34375,38199.23954,38337.45703125,38253.9924,38257.890625,38308.74525,37867.4375,38479.08745
2017-05-13 01:40:00,38653.078125,38442.58555,38661.3828125,38199.23954,38555.4609375,38253.9924,38284.83984375,38308.74525,38175.3984375,38479.08745,37794.30859375,38485.1711
2017-05-13 01:50:00,38571.51953125,38199.23954,38529.01171875,38253.9924,38400.45703125,38308.74525,38100.015625,38479.08745,37973.546875,38485.1711,37595.203125,38515.58935
2017-05-13 02:00:00,38551.29296875,38253.9924,38457.6640625,38308.74525,38312.234375,38479.08745,37976.92578125,38485.1711,37819.9765625,38515.58935,37444.77734375,38302.6616
2017-05-13 02:10:00,38417.83984375,38308.74525,38276.15625,38479.08745,38104.625,38485.1711,37728.4296875,38515.58935,37572.9375,38302.6616,37206.5703125,38162.73764
2017-05-13 02:20:00,38328.95703125,38479.08745,38130.80078125,38485.1711,37937.0078125,38515.58935,37528.55859375,38302.6616,37346.85546875,38162.73764,36991.0234375,38126.23574
2017-05-13 02:30:00,38141.8203125,38485.1711,37883.8125,38515.58935,37665.16796875,38302.6616,37221.390625,38162.73764,37038.484375,38126.23574,36684.02734375,37384.03042
2017-05-13 02:40:00,37975.17578125,38515.58935,37652.6015625,38302.6616,37428.25,38162.73764,36945.953125,38126.23574,36751.21875,37384.03042,36377.52734375,37043.34601
2017-05-13 02:50:00,37779.9765625,38302.6616,37403.46875,38162.73764,37158.15234375,38126.23574,36646.078125,37384.03042,36445.8359375,37043.34601,36066.85546875,36842.58555
2017-05-13 03:00:00,37578.4296875,38162.73764,37144.27734375,38126.23574,36892.16015625,37384.03042,36350.328125,37043.34601,36123.98046875,36842.58555,35717.09765625,36623.57414
2017-05-13 03:10:00,37349.78515625,38126.23574,36865.03125,37384.03042,36593.98828125,37043.34601,36021.78515625,36842.58555,35788.8828125,36623.57414,35359.51953125,36100.38023
2017-05-13 03:20:00,37129.41015625,37384.03042,36597.43359375,37043.34601,36320.875,36842.58555,35731.40234375,36623.57414,35473.37109375,36100.38023,35010.7265625,35254.75285
2017-05-13 03:30:00,36844.20703125,37043.34601,36268.12109375,36842.58555,35975.66015625,36623.57414,35361.3046875,36100.38023,35083.01171875,35254.75285,34599.578125,35011.40684
2017-05-13 03:40:00,36605.9140625,36842.58555,35996.80078125,36623.57414,35685.4140625,36100.38023,35066.265625,35254.75285,34757.91796875,35011.40684,34254.24609375,34670.72243
2017-05-13 03:50:00,36286.0078125,36623.57414,35656.72265625,36100.38023,35305.1953125,35254.75285,34665.3125,35011.40684,34338.73828125,34670.72243,33800.2265625,34293.53612
2017-05-13 04:00:00,35950.51953125,36100.38023,35296.765625,35254.75285,34911.453125,35011.40684,34262.83203125,34670.72243,33901.62890625,34293.53612,33334.6328125,33520.91255
2017-05-13 04:10:00,35545.359375,35254.75285,34875.90625,35011.40684,34429.796875,34670.72243,33785.06640625,34293.53612,33382.7265625,33520.91255,32775.77734375,32699.61977
2017-05-13 04:20:00,35106.56640625,35011.40684,34418.58984375,34670.72243,33925.97265625,34293.53612,33284.96875,33520.91255,32831.125,32699.61977,32182.095703125,32018.25095
2017-05-13 04:30:00,34590.69140625,34670.72243,33887.34375,34293.53612,33334.2890625,33520.91255,32711.810546875,32699.61977,32212.513671875,32018.25095,31547.244140625,31446.38783
2017-05-13 04:40:00,34054.75,34293.53612,33331.6328125,33520.91255,32742.98828125,32699.61977,32133.57421875,32018.25095,31602.5546875,31446.38783,30905.376953125,30789.35361
2017-05-13 04:50:00,33443.8671875,33520.91255,32706.978515625,32699.61977,32078.791015625,32018.25095,31481.8515625,31446.38783,30926.59765625,30789.35361,30208.87890625,30071.48289
2017-05-13 05:00:00,32837.234375,32699.61977,32078.9765625,32018.25095,31433.48828125,31446.38783,30832.986328125,30789.35361,30276.2421875,30071.48289,29523.919921875,28946.0076
2017-05-13 05:10:00,32133.15234375,32018.25095,31371.783203125,31446.38783,30704.5078125,30789.35361,30116.994140625,30071.48289,29573.380859375,28946.0076,28773.875,28222.05323
2017-05-13 05:20:00,31472.0078125,31446.38783,30693.849609375,30789.35361,30044.01953125,30071.48289,29456.07421875,28946.0076,28929.517578125,28222.05323,28094.2109375,27412.92776
2017-05-13 05:30:00,30789.8125,30789.35361,29991.091796875,30071.48289,29341.048828125,28946.0076,28777.890625,28222.05323,28271.111328125,27412.92776,27438.87109375,26737.64259
2017-05-13 05:40:00,30135.19140625,30071.48289,29313.18359375,28946.0076,28703.15234375,28222.05323,28168.943359375,27412.92776,27688.119140625,26737.64259,26877.26171875,25983.26996
2017-05-13 05:50:00,29439.427734375,28946.0076,28616.79296875,28222.05323,28018.529296875,27412.92776,27525.337890625,26737.64259,27069.0859375,25983.26996,26303.1171875,25447.90875
2017-05-13 06:00:00,28821.11328125,28222.05323,28007.248046875,27412.92776,27465.646484375,26737.64259,26994.48828125,25983.26996,26564.83203125,25447.90875,25832.76171875,24985.55133
2017-05-13 06:10:00,28135.8984375,27412.92776,27337.509765625,26737.64259,26846.837890625,25983.26996,26404.240234375,25447.90875,25986.9375,24985.55133,25306.544921875,24352.85171
2017-05-13 06:20:00,27506.005859375,26737.64259,26742.28125,25983.26996,26302.048828125,25447.90875,25851.37109375,24985.55133,25471.783203125,24352.85171,24813.869140625,24121.673
2017-05-13 06:30:00,26870.953125,25983.26996,26141.318359375,25447.90875,25742.880859375,24985.55133,25317.0,24352.85171,24961.630859375,24121.673,24365.150390625,23701.90114
2017-05-13 06:40:00,26362.34765625,25447.90875,25672.623046875,24985.55133,25307.736328125,24352.85171,24911.828125,24121.673,24569.6328125,23701.90114,24012.2421875,23385.55133
2017-05-13 06:50:00,25838.080078125,24985.55133,25228.130859375,24352.85171,24879.62890625,24121.673,24529.4296875,23701.90114,24198.6640625,23385.55133,23700.20703125,23117.87072
2017-05-13 07:00:00,25361.2265625,24352.85171,24839.744140625,24121.673,24499.08203125,23701.90114,24168.70703125,23385.55133,23864.466796875,23117.87072,23427.1484375,22911.02662
2017-05-13 07:10:00,24903.62890625,24121.673,24465.2890625,23701.90114,24121.63671875,23385.55133,23840.84375,23117.87072,23527.83203125,22911.02662,23152.9140625,22673.76426
2017-05-13 07:20:00,24590.09765625,23701.90114,24209.32421875,23385.55133,23880.005859375,23117.87072,23621.08984375,22911.02662,23318.314453125,22673.76426,23011.96484375,22339.1635
2017-05-13 07:30:00,24247.046875,23385.55133,23944.4453125,23117.87072,23613.0703125,22911.02662,23405.28125,22673.76426,23084.392578125,22339.1635,22851.37109375,22114.06844
2017-05-13 07:40:00,23983.3359375,23117.87072,23728.41015625,22911.02662,23421.30078125,22673.76426,23240.564453125,22339.1635,22926.486328125,22114.06844,22740.306640625,21980.22814
2017-05-13 07:50:00,23709.0859375,22911.02662,23516.7734375,22673.76426,23224.830078125,22339.1635,23065.66796875,22114.06844,22755.521484375,21980.22814,22622.9375,22004.56274
2017-05-13 08:00:00,23497.51953125,22673.76426,23349.65234375,22339.1635,23069.884765625,22114.06844,22941.521484375,21980.22814,22625.00390625,22004.56274,22533.455078125,21767.30038
2017-05-13 08:10:00,23273.115234375,22339.1635,23161.69140625,22114.06844,22893.994140625,21980.22814,22789.8125,22004.56274,22486.63671875,21767.30038,22430.517578125,21353.61217
2017-05-13 08:20:00,23145.958984375,22114.06844,23058.478515625,21980.22814,22805.900390625,22004.56274,22725.134765625,21767.30038,22417.87890625,21353.61217,22409.84765625,21219.77186
2017-05-13 08:30:00,23004.353515625,21980.22814,22944.279296875,22004.56274,22692.861328125,21767.30038,22651.927734375,21353.61217,22340.953125,21219.77186,22358.83203125,21019.01141
2017-05-13 08:40:00,22873.962890625,22004.56274,22844.00390625,21767.30038,22601.212890625,21353.61217,22582.529296875,21219.77186,22274.26953125,21019.01141,22309.69921875,20897.3384
2017-05-13 08:50:00,22751.384765625,21767.30038,22741.412109375,21353.61217,22504.125,21219.77186,22501.140625,21019.01141,22183.8515625,20897.3384,22262.83984375,20860.8365
2017-05-13 09:00:00,22692.0703125,21353.61217,22666.13671875,21219.77186,22453.666015625,21019.01141,22475.21484375,20897.3384,22143.462890625,20860.8365,22263.63671875,20763.4981
2017-05-13 09:10:00,22601.384765625,21219.77186,22613.72265625,21019.01141,22394.197265625,20897.3384,22448.37890625,20860.8365,22077.05078125,20763.4981,22227.0546875,20660.07605
2017-05-13 09:20:00,22555.8125,21019.01141,22558.48046875,20897.3384,22382.611328125,20860.8365,22425.033203125,20763.4981,22033.244140625,20660.07605,22177.462890625,20562.73764
2017-05-13 09:30:00,22457.02734375,20897.3384,22474.24609375,20860.8365,22307.7734375,20763.4981,22340.251953125,20660.07605,21923.669921875,20562.73764,22103.595703125,20611.40684
2017-05-13 09:40:00,22379.537109375,20860.8365,22418.671875,20763.4981,22277.01953125,20660.07605,22280.63671875,20562.73764,21857.890625,20611.40684,22046.0546875,20720.91255
2017-05-13 09:50:00,22304.796875,20763.4981,22331.98828125,20660.07605,22218.53125,20562.73764,22218.482421875,20611.40684,21795.81640625,20720.91255,21973.103515625,20660.07605
2017-05-13 10:00:00,22260.8828125,20660.07605,22259.6015625,20562.73764,22166.99609375,20611.40684,22174.828125,20720.91255,21725.609375,20660.07605,21924.828125,20720.91255
2017-05-13 10:10:00,22187.6875,20562.73764,22179.810546875,20611.40684,22100.697265625,20720.91255,22114.91015625,20660.07605,21660.30859375,20720.91255,21888.23046875,20757.41445
2017-05-13 10:20:00,22120.66796875,20611.40684,22103.208984375,20720.91255,22043.04296875,20660.07605,22048.1953125,20720.91255,21613.380859375,20757.41445,21835.013671875,20946.0076
2017-05-13 10:30:00,22004.904296875,20720.91255,21981.609375,20660.07605,21946.798828125,20720.91255,21923.41015625,20757.41445,21524.412109375,20946.0076,21733.26953125,21006.84411
2017-05-13 10:40:00,21969.67578125,20660.07605,21938.9453125,20720.91255,21915.447265625,20757.41445,21869.5859375,20946.0076,21508.287109375,21006.84411,21713.029296875,21110.26616
2017-05-13 10:50:00,21834.86328125,20720.91255,21801.11328125,20757.41445,21789.953125,20946.0076,21739.2421875,21006.84411,21376.017578125,21110.26616,21610.060546875,21323.19392
2017-05-13 11:00:00,21792.775390625,20757.41445,21747.109375,20946.0076,21742.26171875,21006.84411,21695.849609375,21110.26616,21371.857421875,21323.19392,21580.6015625,21560.45627
2017-05-13 11:10:00,21707.08203125,20946.0076,21635.02734375,21006.84411,21652.37109375,21110.26616,21621.921875,21323.19392,21309.9375,21560.45627,21526.359375,22460.8365
2017-05-13 11:20:00,21611.58203125,21006.84411,21579.537109375,21110.26616,21587.75390625,21323.19392,21543.251953125,21560.45627,21262.27734375,22460.8365,21499.205078125,22661.59696
2017-05-13 11:30:00,21562.33984375,21110.26616,21511.279296875,21323.19392,21534.212890625,21560.45627,21494.33203125,22460.8365,21226.005859375,22661.59696,21464.416015625,22649.42966
2017-05-13 11:40:00,21553.5078125,21323.19392,21484.365234375,21560.45627,21530.1484375,22460.8365,21495.38671875,22661.59696,21266.0703125,22649.42966,21495.841796875,22923.19392
2017-05-13 11:50:00,21472.583984375,21560.45627,21402.568359375,22460.8365,21453.240234375,22661.59696,21443.662109375,22649.42966,21220.357421875,22923.19392,21482.0625,22765.01901
2017-05-13 12:00:00,21382.166015625,22460.8365,21337.86328125,22661.59696,21386.974609375,22649.42966,21389.376953125,22923.19392,21205.037109375,22765.01901,21475.404296875,22734.60076
2017-05-13 12:10:00,21380.0859375,22661.59696,21332.90234375,22649.42966,21391.642578125,22923.19392,21431.009765625,22765.01901,21257.94921875,22734.60076,21553.29296875,22722.43346
2017-05-13 12:20:00,21350.671875,22649.42966,21304.478515625,22923.19392,21379.8203125,22765.01901,21451.330078125,22734.60076,21313.98046875,22722.43346,21628.1328125,21968.06084
2017-05-13 12:30:00,21357.216796875,22923.19392,21330.259765625,22765.01901,21432.271484375,22734.60076,21536.453125,22722.43346,21408.482421875,21968.06084,21740.5546875,21925.47529
2017-05-13 12:40:00,21426.908203125,22765.01901,21413.232421875,22734.60076,21531.03515625,22722.43346,21692.814453125,21968.06084,21618.6953125,21925.47529,21966.65234375,21742.96578
2017-05-13 12:50:00,21570.96875,22734.60076,21575.30859375,22722.43346,21739.638671875,21968.06084,21927.572265625,21925.47529,21870.216796875,21742.96578,22249.16015625,21742.96578
2017-05-13 13:00:00,21717.59765625,22722.43346,21755.71484375,21968.06084,21937.533203125,21925.47529,22197.30078125,21742.96578,22183.8125,21742.96578,22590.5625,21560.45627
2017-05-13 13:10:00,21974.673828125,21968.06084,22041.068359375,21925.47529,22270.423828125,21742.96578,22549.341796875,21742.96578,22547.947265625,21560.45627,22985.3203125,21457.03422
2017-05-13 13:20:00,22235.275390625,21925.47529,22332.416015625,21742.96578,22582.80078125,21742.96578,22911.458984375,21560.45627,22952.921875,21457.03422,23427.166015625,21907.22433
2017-05-13 13:30:00,22507.43359375,21742.96578,22635.22265625,21742.96578,22917.69140625,21560.45627,23249.146484375,21457.03422,23319.359375,21907.22433,23817.650390625,22387.8327
2017-05-13 13:40:00,22891.212890625,21742.96578,23051.55078125,21560.45627,23327.751953125,21457.03422,23692.41015625,21907.22433,23799.59765625,22387.8327,24302.884765625,22819.77186
2017-05-13 13:50:00,23250.1171875,21560.45627,23429.1953125,21457.03422,23719.55078125,21907.22433,24070.458984375,22387.8327,24230.6484375,22819.77186,24733.654296875,23044.86692
2017-05-13 14:00:00,23562.009765625,21457.03422,23770.892578125,21907.22433,24042.048828125,22387.8327,24399.306640625,22819.77186,24594.859375,23044.86692,25080.0625,23349.04943
2017-05-13 14:10:00,23898.68359375,21907.22433,24124.8125,22387.8327,24389.10546875,22819.77186,24740.357421875,23044.86692,24986.384765625,23349.04943,25449.033203125,24292.01521
2017-05-13 14:20:00,24237.69921875,22387.8327,24489.375,22819.77186,24710.931640625,23044.86692,25039.884765625,23349.04943,25315.541015625,24292.01521,25731.0078125,24888.21293
2017-05-13 14:30:00,24496.703125,22819.77186,24734.5625,23044.86692,24945.1484375,23349.04943,25256.21484375,24292.01521,25568.90625,24888.21293,25961.744140625,25764.25856
2017-05-13 14:40:00,24896.056640625,23044.86692,25158.810546875,23349.04943,25343.943359375,24292.01521,25638.421875,24888.21293,25982.505859375,25764.25856,26310.869140625,26512.54753
2017-05-13 14:50:00,25313.51953125,23349.04943,25572.24609375,24292.01521,25747.78125,24888.21293,26018.35546875,25764.25856,26392.451171875,26512.54753,26664.931640625,27047.90875
2017-05-13 15:00:00,25855.115234375,24292.01521,26126.302734375,24888.21293,26278.13671875,25764.25856,26537.771484375,26512.54753,26930.375,27047.90875,27127.37890625,27540.68441
2017-05-13 15:10:00,26305.630859375,24888.21293,26566.890625,25764.25856,26717.322265625,26512.54753,26959.404296875,27047.90875,27342.70703125,27540.68441,27486.166015625,27930.03802
2017-05-13 15:20:00,26805.349609375,25764.25856,27071.01171875,26512.54753,27200.93359375,27047.90875,27445.091796875,27540.68441,27823.689453125,27930.03802,27920.865234375,28179.46768
2017-05-13 15:30:00,27280.634765625,26512.54753,27519.435546875,27047.90875,27635.38671875,27540.68441,27865.548828125,27930.03802,28219.615234375,28179.46768,28284.9140625,28976.42586
2017-05-13 15:40:00,27884.08203125,27047.90875,28126.146484375,27540.68441,28223.7109375,27930.03802,28457.349609375,28179.46768,28779.72265625,28976.42586,28797.78125,29560.45627
2017-05-13 15:50:00,28430.826171875,27540.68441,28634.9765625,27930.03802,28718.2109375,28179.46768,28949.470703125,28976.42586,29222.9375,29560.45627,29224.873046875,29895.05703
2017-05-13 16:00:00,28985.537109375,27930.03802,29188.388671875,28179.46768,29261.6796875,28976.42586,29481.8046875,29560.45627,29703.78125,29895.05703,29690.01953125,30235.74144
2017-05-13 16:10:00,29439.95703125,28179.46768,29597.431640625,28976.42586,29680.03515625,29560.45627,29874.701171875,29895.05703,30039.236328125,30235.74144,30010.6015625,30588.59316
2017-05-13 16:20:00,29950.46875,28976.42586,30095.859375,29560.45627,30159.970703125,29895.05703,30332.689453125,30235.74144,30444.599609375,30588.59316,30404.95703125,30552.09125
2017-05-13 16:30:00,30330.361328125,29560.45627,30425.384765625,29895.05703,30505.447265625,30235.74144,30646.16796875,30588.59316,30689.931640625,30552.09125,30656.208984375,31251.71103
2017-05-13 16:40:00,30715.52734375,29895.05703,30785.40234375,30235.74144,30862.529296875,30588.59316,30972.9453125,30552.09125,30968.017578125,31251.71103,30938.498046875,31294.29658
2017-05-13 16:50:00,31011.693359375,30235.74144,31041.21484375,30588.59316,31131.427734375,30552.09125,31219.763671875,31251.71103,31161.00390625,31294.29658,31138.017578125,31671.48289
2017-05-13 17:00:00,31325.984375,30588.59316,31345.353515625,30552.09125,31427.099609375,31251.71103,31498.962890625,31294.29658,31386.216796875,31671.48289,31367.3515625,32042.58555
2017-05-13 17:10:00,31548.892578125,30552.09125,31537.923828125,31251.71103,31622.052734375,31294.29658,31672.591796875,31671.48289,31522.9765625,32042.58555,31509.376953125,31908.74525
2017-05-13 17:20:00,31840.115234375,31251.71103,31821.08984375,31294.29658,31886.892578125,31671.48289,31925.078125,32042.58555,31741.673828125,31908.74525,31726.40234375,31939.1635
2017-05-13 17:30:00,32030.51953125,31294.29658,31990.517578125,31671.48289,32059.87109375,32042.58555,32083.5703125,31908.74525,31860.583984375,31939.1635,31852.564453125,31933.07985
2017-05-13 17:40:00,32217.44921875,31671.48289,32163.455078125,32042.58555,32214.306640625,31908.74525,32224.783203125,31939.1635,31965.724609375,31933.07985,31953.8203125,32012.1673
2017-05-13 17:50:00,32373.576171875,32042.58555,32304.3671875,31908.74525,32344.744140625,31939.1635,32342.4296875,31933.07985,32045.25,32012.1673,32036.408203125,31513.30798
2017-05-13 18:00:00,32538.1796875,31908.74525,32472.49609375,31939.1635,32492.63671875,31933.07985,32462.3125,32012.1673,32135.037109375,31513.30798,32131.046875,31263.87833
2017-05-13 18:10:00,32661.162109375,31939.1635,32578.349609375,31933.07985,32596.541015625,32012.1673,32549.6796875,31513.30798,32192.765625,31263.87833,32195.1796875,31647.14829
2017-05-13 18:20:00,32789.44921875,31933.07985,32702.5703125,32012.1673,32725.103515625,31513.30798,32647.78515625,31263.87833,32257.779296875,31647.14829,32279.98046875,31598.47909
2017-05-13 18:30:00,32858.7421875,32012.1673,32758.373046875,31513.30798,32776.4765625,31263.87833,32678.41015625,31647.14829,32264.654296875,31598.47909,32304.263671875,31561.97719
2017-05-13 18:40:00,32905.1328125,31513.30798,32790.84375,31263.87833,32806.328125,31647.14829,32689.3984375,31598.47909,32242.205078125,31561.97719,32304.587890625,31349.04943
2017-05-13 18:50:00,32920.1484375,31263.87833,32790.01171875,31647.14829,32809.5703125,31598.47909,32676.4296875,31561.97719,32207.29296875,31349.04943,32296.404296875,31373.38403
2017-05-13 19:00:00,32883.3125,31647.14829,32740.3828125,31598.47909,32743.29296875,31561.97719,32574.634765625,31349.04943,32104.470703125,31373.38403,32205.044921875,31257.79468
2017-05-13 19:10:00,32786.8671875,31598.47909,32640.296875,31561.97719,32618.203125,31349.04943,32418.197265625,31373.38403,31964.662109375,31257.79468,32069.1875,31002.28137
2017-05-13 19:20:00,32633.638671875,31561.97719,32470.041015625,31349.04943,32434.341796875,31373.38403,32211.376953125,31257.79468,31761.837890625,31002.28137,31878.21484375,30947.52852
2017-05-13 19:30:00,32503.98046875,31349.04943,32332.810546875,31373.38403,32281.51171875,31257.79468,32034.783203125,31002.28137,31591.91015625,30947.52852,31716.1875,30941.44487
2017-05-13 19:40:00,32318.34375,31373.38403,32120.115234375,31257.79468,32058.708984375,31002.28137,31781.0234375,30947.52852,31351.26953125,30941.44487,31495.78125,30789.35361
2017-05-13 19:50:00,32131.744140625,31257.79468,31915.677734375,31002.28137,31843.251953125,30947.52852,31534.861328125,30941.44487,31128.5390625,30789.35361,31286.71875,31081.36882
2017-05-13 20:00:00,31873.05078125,31002.28137,31628.048828125,30947.52852,31554.775390625,30941.44487,31227.91015625,30789.35361,30833.05078125,31081.36882,31015.6015625,30679.84791
2017-05-13 20:10:00,31651.095703125,30947.52852,31384.53515625,30941.44487,31305.6171875,30789.35361,30951.302734375,31081.36882,30580.2109375,30679.84791,30782.3359375,30539.92395
2017-05-13 20:20:00,31388.068359375,30941.44487,31110.109375,30789.35361,31034.17578125,31081.36882,30663.140625,30679.84791,30322.751953125,30539.92395,30537.470703125,30120.15209
2017-05-13 20:30:00,31125.255859375,30789.35361,30843.291015625,31081.36882,30768.927734375,30679.84791,30386.48828125,30539.92395,30084.34765625,30120.15209,30316.19140625,29864.63878
2017-05-13 20:40:00,30898.0703125,31081.36882,30608.228515625,30679.84791,30552.0703125,30539.92395,30179.50390625,30120.15209,29895.560546875,29864.63878,30148.5546875,29907.22433
2017-05-13 20:50:00,30608.97265625,30679.84791,30317.96484375,30539.92395,30261.384765625,30120.15209,29885.705078125,29864.63878,29648.775390625,29907.22433,29906.6015625,29578.70722
2017-05-13 21:00:00,30361.47265625,30539.92395,30078.431640625,30120.15209,30038.205078125,29864.63878,29679.646484375,29907.22433,29478.46875,29578.70722,29778.482421875,29311.02662
2017-05-13 21:10:00,30097.5703125,30120.15209,29825.48046875,29864.63878,29800.1171875,29907.22433,29469.306640625,29578.70722,29308.05078125,29311.02662,29629.19140625,29104.18251
2017-05-13 21:20:00,29873.271484375,29864.63878,29613.890625,29907.22433,29606.931640625,29578.70722,29322.947265625,29311.02662,29198.146484375,29104.18251,29555.83203125,28514.06844
2017-05-13 21:30:00,29687.666015625,29907.22433,29449.28125,29578.70722,29454.0546875,29311.02662,29228.67578125,29104.18251,29147.158203125,28514.06844,29531.03515625,28787.8327
2017-05-13 21:40:00,29572.095703125,29578.70722,29401.208984375,29311.02662,29430.623046875,29104.18251,29298.044921875,28514.06844,29271.8984375,28787.8327,29721.169921875,28879.08745
2017-05-13 21:50:00,29420.001953125,29311.02662,29296.353515625,29104.18251,29364.8203125,28514.06844,29310.544921875,28787.8327,29347.712890625,28879.08745,29855.89453125,29274.52471
2017-05-13 22:00:00,29431.65234375,29104.18251,29364.162109375,28514.06844,29471.103515625,28787.8327,29521.4453125,28879.08745,29623.498046875,29274.52471,30180.8515625,29724.71483
2017-05-13 22:10:00,29410.353515625,28514.06844,29426.822265625,28787.8327,29598.087890625,28879.08745,29739.013671875,29274.52471,29942.58203125,29724.71483,30539.630859375,30442.58555
2017-05-13 22:20:00,29563.1328125,28787.8327,29659.056640625,28879.08745,29900.525390625,29274.52471,30164.712890625,29724.71483,30445.830078125,30442.58555,31100.14453125,31172.62357
2017-05-13 22:30:00,29682.24609375,28879.08745,29854.953125,29274.52471,30162.302734375,29724.71483,30529.66015625,30442.58555,30911.287109375,31172.62357,31602.08984375,32237.26236
2017-05-13 22:40:00,29963.396484375,29274.52471,30222.46875,29724.71483,30603.3828125,30442.58555,31090.61328125,31172.62357,31559.765625,32237.26236,32299.845703125,34828.89734
2017-05-13 22:50:00,30317.994140625,29724.71483,30691.021484375,30442.58555,31157.12109375,31172.62357,31759.431640625,32237.26236,32357.564453125,34828.89734,33143.64453125,37888.97338
2017-05-13 23:00:00,30844.728515625,30442.58555,31335.876953125,31172.62357,31878.642578125,32237.26236,32613.1953125,34828.89734,33306.19140625,37888.97338,34143.48828125,39111.78707
2017-05-13 23:10:00,31656.65625,31172.62357,32267.50390625,32237.26236,32910.8828125,34828.89734,33769.07421875,37888.97338,34592.19140625,39111.78707,35478.453125,39513.30798
2017-05-13 23:20:00,32972.6796875,32237.26236,33710.10546875,34828.89734,34425.66796875,37888.97338,35371.015625,39111.78707,36285.37109375,39513.30798,37185.65234375,39628.89734
2017-05-13 23:30:00,34477.5234375,34828.89734,35346.21875,37888.97338,36095.80078125,39111.78707,37086.8359375,39513.30798,38036.453125,39628.89734,38860.38671875,39610.64639
2017-05-13 23:40:00,36023.33203125,37888.97338,36913.8984375,39111.78707,37649.0625,39513.30798,38534.30859375,39628.89734,39395.9453125,39610.64639,40051.4765625,39318.63118
2017-05-13 23:50:00,37334.2421875,39111.78707,38203.109375,39513.30798,38842.0859375,39628.89734,39525.5703125,39610.64639,40190.1640625,39318.63118,40594.9609375,39142.20532
2017-05-14 00:00:00,38250.06640625,39513.30798,39014.25390625,39628.89734,39486.50390625,39610.64639,39850.875,39318.63118,40288.34375,39142.20532,40466.6015625,39154.37262
2017-05-14 00:10:00,38582.078125,39628.89734,39241.31640625,39610.64639,39545.46875,39318.63118,39680.00390625,39142.20532,39971.85546875,39154.37262,39975.984375,39087.45247
2017-05-14 00:20:00,38675.89453125,39610.64639,39222.8046875,39318.63118,39384.02734375,39142.20532,39364.71875,39154.37262,39550.89453125,39087.45247,39435.625,39318.63118
2017-05-14 00:30:00,38662.66015625,39318.63118,39127.8515625,39142.20532,39218.6796875,39154.37262,39112.16015625,39087.45247,39231.69140625,39318.63118,39030.65234375,39288.21293
2017-05-14 00:40:00,38655.69140625,39142.20532,39055.00390625,39154.37262,39104.85546875,39087.45247,38938.78125,39318.63118,39007.140625,39288.21293,38754.453125,39336.88213
2017-05-14 00:50:00,38661.84375,39154.37262,39011.08984375,39087.45247,39042.4609375,39318.63118,38854.88671875,39288.21293,38887.2109375,39336.88213,38604.0703125,39330.79848
2017-05-14 01:00:00,38726.21875,39087.45247,39013.96484375,39318.63118,39030.12890625,39288.21293,38819.49609375,39336.88213,38819.390625,39330.79848,38508.7265625,39130.03802
2017-05-14 01:10:00,38810.95703125,39318.63118,39037.265625,39288.21293,39037.79296875,39336.88213,38818.4453125,39330.79848,38776.9453125,39130.03802,38457.27734375,38953.61217
2017-05-14 01:20:00,38831.55859375,39288.21293,38996.17578125,39336.88213,38972.87109375,39330.79848,38733.43359375,39130.03802,38666.5078125,38953.61217,38328.64453125,38752.85171
2017-05-14 01:30:00,38815.58203125,39336.88213,38924.03515625,39330.79848,38884.625,39130.03802,38620.515625,38953.61217,38531.19140625,38752.85171,38185.49609375,38612.92776
2017-05-14 01:40:00,38817.484375,39330.79848,38869.609375,39130.03802,38809.859375,38953.61217,38510.77734375,38752.85171,38404.22265625,38612.92776,38057.3125,38357.41445
2017-05-14 01:50:00,38805.5546875,39130.03802,38809.9140625,38953.61217,38731.17578125,38752.85171,38406.7578125,38612.92776,38272.6640625,38357.41445,37925.1015625,38150.57034
2017-05-14 02:00:00,38754.0,38953.61217,38707.7734375,38752.85171,38603.82421875,38612.92776,38245.86328125,38357.41445,38092.125,38150.57034,37743.3203125,37822.05323
2017-05-14 02:10:00,38654.64453125,38752.85171,38558.96484375,38612.92776,38430.60546875,38357.41445,38037.26953125,38150.57034,37876.1015625,37822.05323,37532.25390625,37712.54753
2017-05-14 02:20:00,38540.49609375,38612.92776,38390.62109375,38357.41445,38233.40625,38150.57034,37804.9609375,37822.05323,37626.99609375,37712.54753,37296.203125,37487.45247
2017-05-14 02:30:00,38383.25,38357.41445,38175.296875,38150.57034,38001.125,37822.05323,37541.14453125,37712.54753,37359.0546875,37487.45247,37028.4140625,37158.93536
2017-05-14 02:40:00,38184.87109375,38150.57034,37906.91796875,37822.05323,37713.67578125,37712.54753,37215.80859375,37487.45247,37023.9765625,37158.93536,36692.76953125,36562.73764
2017-05-14 02:50:00,37980.00390625,37822.05323,37639.171875,37712.54753,37431.16796875,37487.45247,36903.703125,37158.93536,36708.1953125,36562.73764,36357.7578125,36197.71863
2017-05-14 03:00:00,37736.09375,37712.54753,37326.3515625,37487.45247,37103.19921875,37158.93536,36543.41796875,36562.73764,36325.19921875,36197.71863,35956.1015625,35540.68441
2017-05-14 03:10:00,37475.91015625,37487.45247,37011.4375,37158.93536,36777.58984375,36562.73764,36194.42578125,36197.71863,35965.88671875,35540.68441,35555.3671875,35291.25475
2017-05-14 03:20:00,37145.40625,37158.93536,36624.421875,36562.73764,36363.9375,36197.71863,35752.5,35540.68441,35489.16796875,35291.25475,35048.48828125,34980.98859
2017-05-14 03:30:00,36816.671875,36562.73764,36246.13671875,36197.71863,35974.5546875,35540.68441,35337.98046875,35291.25475,35049.765625,34980.98859,34573.83203125,34646.38783
2017-05-14 03:40:00,36453.57421875,36197.71863,35848.76953125,35540.68441,35543.9140625,35291.25475,34886.53515625,34980.98859,34563.33984375,34646.38783,34056.49609375,34177.94677
2017-05-14 03:50:00,35979.9765625,35540.68441,35345.37109375,35291.25475,34997.34375,34980.98859,34322.01171875,34646.38783,33951.99609375,34177.94677,33391.625,34019.77186
2017-05-14 04:00:00,35523.29296875,35291.25475,34860.4296875,34980.98859,34460.5078125,34646.38783,33770.2265625,34177.94677,33363.31640625,34019.77186,32793.8828125,33338.40304
2017-05-14 04:10:00,34948.93359375,34980.98859,34268.48828125,34646.38783,33823.765625,34177.94677,33131.5234375,34019.77186,32673.607421875,33338.40304,32053.662109375,32888.21293
2017-05-14 04:20:00,34417.09375,34646.38783,33721.09765625,34177.94677,33221.12109375,34019.77186,32523.984375,33338.40304,32030.912109375,32888.21293,31375.6015625,32261.59696
2017-05-14 04:30:00,33802.375,34177.94677,33073.90625,34019.77186,32528.61328125,33338.40304,31847.029296875,32888.21293,31321.30859375,32261.59696,30616.505859375,31458.55513
2017-05-14 04:40:00,33173.90625,34019.77186,32429.888671875,33338.40304,31841.54296875,32888.21293,31184.12890625,32261.59696,30643.09375,31458.55513,29886.583984375,30661.59696
2017-05-14 04:50:00,32517.525390625,33338.40304,31743.990234375,32888.21293,31144.28125,32261.59696,30489.84375,31458.55513,29955.67578125,30661.59696,29164.763671875,29913.30798
2017-05-14 05:00:00,31941.736328125,32888.21293,31137.41015625,32261.59696,30510.275390625,31458.55513,29876.013671875,30661.59696,29349.83203125,29913.30798,28541.373046875,29365.77947
2017-05-14 05:10:00,31305.80078125,32261.59696,30482.25,31458.55513,29868.49609375,30661.59696,29251.4140625,29913.30798,28744.591796875,29365.77947,27922.728515625,28739.1635
2017-05-14 05:20:00,30654.771484375,31458.55513,29796.36328125,30661.59696,29190.3203125,29913.30798,28588.3359375,29365.77947,28113.353515625,28739.1635,27289.10546875,28112.54753
2017-05-14 05:30:00,30147.9375,30661.59696,29278.404296875,29913.30798,28691.025390625,29365.77947,28118.453125,28739.1635,27668.240234375,28112.54753,26834.806640625,27528.51711
2017-05-14 05:40:00,29579.2265625,29913.30798,28696.40234375,29365.77947,28151.93359375,28739.1635,27576.525390625,28112.54753,27135.935546875,27528.51711,26353.318359375,26743.72624
2017-05-14 05:50:00,29023.201171875,29365.77947,28140.79296875,28739.1635,27632.521484375,28112.54753,27095.9140625,27528.51711,26648.501953125,26743.72624,25896.03125,26104.94297
2017-05-14 06:00:00,28519.1328125,28739.1635,27644.3359375,28112.54753,27175.482421875,27528.51711,26660.578125,26743.72624,26193.779296875,26104.94297,25554.4296875,25484.41065
2017-05-14 06:10:00,27984.365234375,28112.54753,27135.05078125,27528.51711,26717.572265625,26743.72624,26261.10546875,26104.94297,25775.294921875,25484.41065,25161.884765625,24979.46768
2017-05-14 06:20:00,27336.1171875,27528.51711,26536.921875,26743.72624,26131.9921875,26104.94297,25689.34375,25484.41065,25255.4609375,24979.46768,24650.962890625,24450.19011
2017-05-14 06:30:00,26777.609375,26743.72624,26004.578125,26104.94297,25657.123046875,25484.41065,25253.802734375,24979.46768,24828.66796875,24450.19011,24242.447265625,24036.5019
2017-05-14 06:40:00,26241.3125,26104.94297,25534.640625,25484.41065,25190.283203125,24979.46768,24833.138671875,24450.19011,24427.521484375,24036.5019,23888.140625,23714.06844
2017-05-14 06:50:00,25754.6171875,25484.41065,25116.828125,24979.46768,24798.099609375,24450.19011,24509.619140625,24036.5019,24102.080078125,23714.06844,23597.3359375,23257.79468
2017-05-14 07:00:00,25320.912109375,24979.46768,24777.20703125,24450.19011,24450.28125,24036.5019,24200.671875,23714.06844,23804.615234375,23257.79468,23368.40234375,22631.17871
2017-05-14 07:10:00,24932.90234375,24450.19011,24461.501953125,24036.5019,24162.451171875,23714.06844,23928.130859375,23257.79468,23546.302734375,22631.17871,23150.5390625,22229.65779
2017-05-14 07:20:00,24586.337890625,24036.5019,24191.3203125,23714.06844,23887.474609375,23257.79468,23683.3125,22631.17871,23314.236328125,22229.65779,22984.681640625,21913.30798
2017-05-14 07:30:00,24276.44140625,23714.06844,23956.630859375,23257.79468,23663.41015625,22631.17871,23495.447265625,22229.65779,23127.916015625,21913.30798,22857.86328125,21523.95437
2017-05-14 07:40:00,23994.16796875,23257.79468,23746.892578125,22631.17871,23449.107421875,22229.65779,23326.216796875,21913.30798,22939.08984375,21523.95437,22740.3046875,21353.61217
2017-05-14 07:50:00,23745.09375,22631.17871,23547.341796875,22229.65779,23269.611328125,21913.30798,23169.990234375,21523.95437,22785.728515625,21353.61217,22638.607421875,21329.27757
2017-05-14 08:00:00,23524.578125,22229.65779,23377.427734375,21913.30798,23099.55078125,21523.95437,23038.25390625,21353.61217,22647.51953125,21329.27757,22554.822265625,21335.36122
2017-05-14 08:10:00,23326.08203125,21913.30798,23210.271484375,21523.95437,22953.4296875,21353.61217,22899.572265625,21329.27757,22534.607421875,21335.36122,22473.94140625,21201.52091
2017-05-14 08:20:00,23178.40234375,21523.95437,23103.5546875,21353.61217,22860.48046875,21329.27757,22815.4921875,21335.36122,22442.18359375,21201.52091,22429.09765625,21067.68061
2017-05-14 08:30:00,23033.876953125,21353.61217,23011.66015625,21329.27757,22773.06640625,21335.36122,22735.927734375,21201.52091,22375.041015625,21067.68061,22392.943359375,20842.58555
2017-05-14 08:40:00,22905.970703125,21329.27757,22905.640625,21335.36122,22655.673828125,21201.52091,22671.388671875,21067.68061,22287.796875,20842.58555,22348.16015625,20787.8327
2017-05-14 08:50:00,22787.251953125,21335.36122,22811.19140625,21201.52091,22571.044921875,21067.68061,22597.85546875,20842.58555,22219.025390625,20787.8327,22317.748046875,21000.76046
2017-05-14 09:00:00,22694.1953125,21201.52091,22735.955078125,21067.68061,22500.029296875,20842.58555,22554.51171875,20787.8327,22170.30078125,21000.76046,22297.056640625,20891.25475
2017-05-14 09:10:00,22585.904296875,21067.68061,22630.931640625,20842.58555,22411.490234375,20787.8327,22493.830078125,21000.76046,22080.900390625,20891.25475,22223.466796875,20964.25856
2017-05-14 09:20:00,22505.640625,20842.58555,22561.453125,20787.8327,22367.89453125,21000.76046,22422.892578125,20891.25475,22017.796875,20964.25856,22179.89453125,21025.09506
2017-05-14 09:30:00,22415.33203125,20787.8327,22484.013671875,21000.76046,22325.919921875,20891.25475,22354.01953125,20964.25856,21930.630859375,21025.09506,22098.380859375,20988.59316
2017-05-14 09:40:00,22340.27734375,21000.76046,22401.056640625,20891.25475,22265.12890625,20964.25856,22282.181640625,21025.09506,21858.158203125,20988.59316,22039.140625,20866.92015
2017-05-14 09:50:00,22277.962890625,20891.25475,22329.419921875,20964.25856,22218.220703125,21025.09506,22227.818359375,20988.59316,21794.146484375,20866.92015,21979.310546875,20635.74144
2017-05-14 10:00:00,22242.5,20964.25856,22281.345703125,21025.09506,22186.2421875,20988.59316,22190.2421875,20866.92015,21750.830078125,20635.74144,21957.623046875,20587.07224
2017-05-14 10:10:00,22156.013671875,21025.09506,22178.32421875,20988.59316,22110.603515625,20866.92015,22116.419921875,20635.74144,21676.0234375,20587.07224,21875.607421875,20660.07605
2017-05-14 10:20:00,22111.21484375,20988.59316,22115.94140625,20866.92015,22071.998046875,20635.74144,22059.412109375,20587.07224,21653.427734375,20660.07605,21838.62109375,20641.8251
2017-05-14 10:30:00,22030.84765625,20866.92015,22013.013671875,20635.74144,21992.7109375,20587.07224,21974.826171875,20660.07605,21580.591796875,20641.8251,21776.046875,20891.25475
2017-05-14 10:40:00,21946.287109375,20635.74144,21934.017578125,20587.07224,21923.138671875,20660.07605,21878.716796875,20641.8251,21513.84375,20891.25475,21721.20703125,20885.1711
2017-05-14 10:50:00,21897.208984375,20587.07224,21866.17578125,20660.07605,21868.87890625,20641.8251,21819.021484375,20891.25475,21468.630859375,20885.1711,21669.05078125,20684.41065
2017-05-14 11:00:00,21830.623046875,20660.07605,21784.044921875,20641.8251,21806.626953125,20891.25475,21751.337890625,20885.1711,21418.123046875,20684.41065,21624.80078125,20410.64639
2017-05-14 11:10:00,21700.4453125,20641.8251,21682.224609375,20891.25475,21697.5625,20885.1711,21652.84765625,20684.41065,21330.572265625,20410.64639,21557.4140625,21219.77186
2017-05-14 11:20:00,21629.462890625,20891.25475,21616.69140625,20885.1711,21632.2109375,20684.41065,21591.951171875,20410.64639,21292.373046875,21219.77186,21526.6875,21213.68821
2017-05-14 11:30:00,21582.126953125,20885.1711,21559.412109375,20684.41065,21582.4296875,20410.64639,21558.45703125,21219.77186,21275.650390625,21213.68821,21532.521484375,21104.18251
2017-05-14 11:40:00,21511.271484375,20684.41065,21516.7265625,20410.64639,21535.193359375,21219.77186,21523.126953125,21213.68821,21254.986328125,21104.18251,21532.9296875,21128.51711
2017-05-14 11:50:00,21442.697265625,20410.64639,21449.193359375,21219.77186,21483.078125,21213.68821,21496.6171875,21104.18251,21252.060546875,21128.51711,21536.8046875,21244.10646
2017-05-14 12:00:00,21390.646484375,21219.77186,21411.79296875,21213.68821,21451.931640625,21104.18251,21483.6171875,21128.51711,21275.431640625,21244.10646,21583.916015625,20939.92395
2017-05-14 12:10:00,21330.42578125,21213.68821,21362.025390625,21104.18251,21408.44140625,21128.51711,21465.6484375,21244.10646,21277.599609375,20939.92395,21611.5390625,20167.30038
2017-05-14 12:20:00,21308.599609375,21104.18251,21350.8828125,21128.51711,21408.298828125,21244.10646,21498.251953125,20939.92395,21325.720703125,20167.30038,21678.34765625,19449.42966
2017-05-14 12:30:00,21297.02734375,21128.51711,21343.609375,21244.10646,21430.26953125,20939.92395,21563.22265625,20167.30038,21399.33984375,19449.42966,21779.546875,18841.06464
2017-05-14 12:40:00,21296.28515625,21244.10646,21341.7265625,20939.92395,21447.67578125,20167.30038,21610.583984375,19449.42966,21469.236328125,18841.06464,21878.2890625,18336.12167
2017-05-14 12:50:00,21385.943359375,20939.92395,21438.283203125,20167.30038,21597.845703125,19449.42966,21782.7109375,18841.06464,21667.26953125,18336.12167,22100.06640625,18342.20532
2017-05-14 13:00:00,21498.779296875,20167.30038,21560.4609375,19449.42966,21748.04296875,18841.06464,21943.587890625,18336.12167,21855.669921875,18342.20532,22313.388671875,18482.12928
2017-05-14 13:10:00,21623.994140625,19449.42966,21682.931640625,18841.06464,21921.484375,18336.12167,22128.765625,18342.20532,22059.228515625,18482.12928,22547.765625,18603.80228
2017-05-14 13:20:00,21756.658203125,18841.06464,21842.263671875,18336.12167,22104.88671875,18342.20532,22325.783203125,18482.12928,22278.359375,18603.80228,22797.9453125,19133.07985
2017-05-14 13:30:00,21925.99609375,18336.12167,22015.958984375,18342.20532,22307.79296875,18482.12928,22535.830078125,18603.80228,22520.900390625,19133.07985,23070.29296875,19358.1749
2017-05-14 13:40:00,22029.671875,18342.20532,22134.91796875,18482.12928,22430.2734375,18603.80228,22662.728515625,19133.07985,22676.431640625,19358.1749,23251.05859375,19613.68821
2017-05-14 13:50:00,22238.80078125,18482.12928,22365.25390625,18603.80228,22674.029296875,19133.07985,22896.505859375,19358.1749,22961.01171875,19613.68821,23538.20703125,19990.87452
2017-05-14 14:00:00,22485.9375,18603.80228,22635.50390625,19133.07985,22932.806640625,19358.1749,23155.751953125,19613.68821,23272.2890625,19990.87452,23833.720703125,20209.88593
2017-05-14 14:10:00,22697.044921875,19133.07985,22869.802734375,19358.1749,23153.287109375,19613.68821,23374.91796875,19990.87452,23532.919921875,20209.88593,24073.71484375,20666.1597
2017-05-14 14:20:00,22973.982421875,19358.1749,23180.271484375,19613.68821,23427.966796875,19990.87452,23660.64453125,20209.88593,23843.501953125,20666.1597,24346.17578125,21548.28897
2017-05-14 14:30:00,23339.759765625,19613.68821,23561.4375,19990.87452,23793.23828125,20209.88593,24027.23046875,20666.1597,24268.546875,21548.28897,24719.3984375,21785.55133
2017-05-14 14:40:00,23637.744140625,19990.87452,23880.240234375,20209.88593,24073.87890625,20666.1597,24319.982421875,21548.28897,24589.626953125,21785.55133,24985.125,21961.97719
2017-05-14 14:50:00,23933.095703125,20209.88593,24177.68359375,20666.1597,24370.4140625,21548.28897,24616.05859375,21785.55133,24918.32421875,21961.97719,25270.71875,22619.01141
2017-05-14 15:00:00,24414.216796875,20666.1597,24666.23046875,21548.28897,24847.27734375,21785.55133,25086.552734375,21961.97719,25411.162109375,22619.01141,25690.916015625,23422.05323
2017-05-14 15:10:00,24842.099609375,21548.28897,25098.228515625,21785.55133,25274.345703125,21961.97719,25504.548828125,22619.01141,25840.17578125,23422.05323,26080.25390625,24048.6692
2017-05-14 15:20:00,25389.14453125,21785.55133,25646.3984375,21961.97719,25814.931640625,22619.01141,26044.771484375,23422.05323,26374.189453125,24048.6692,26552.16015625,24632.69962
2017-05-14 15:30:00,25928.138671875,21961.97719,26191.603515625,22619.01141,26369.3125,23422.05323,26582.96875,24048.6692,26902.1484375,24632.69962,27032.29296875,25405.32319
2017-05-14 15:40:00,26424.607421875,22619.01141,26692.107421875,23422.05323,26853.33203125,24048.6692,27052.755859375,24632.69962,27359.169921875,25405.32319,27429.060546875,26068.44106
2017-05-14 15:50:00,26786.400390625,23422.05323,27047.99609375,24048.6692,27187.1953125,24632.69962,27379.572265625,25405.32319,27675.068359375,26068.44106,27712.6640625,26390.87452
2017-05-14 16:00:00,27294.2578125,24048.6692,27558.478515625,24632.69962,27672.072265625,25405.32319,27860.552734375,26068.44106,28123.701171875,26390.87452,28112.861328125,26451.71103
2017-05-14 16:10:00,27766.12109375,24632.69962,28035.68359375,25405.32319,28124.083984375,26068.44106,28309.64453125,26390.87452,28524.142578125,26451.71103,28499.111328125,26938.40304
2017-05-14 16:20:00,28236.75390625,25405.32319,28502.48828125,26068.44106,28557.92578125,26390.87452,28732.9921875,26451.71103,28905.916015625,26938.40304,28838.392578125,27218.25095
2017-05-14 16:30:00,28593.87890625,26068.44106,28846.216796875,26390.87452,28873.119140625,26451.71103,29033.923828125,26938.40304,29164.11328125,27218.25095,29068.5859375,27461.59696
2017-05-14 16:40:00,28974.279296875,26390.87452,29207.466796875,26451.71103,29201.681640625,26938.40304,29352.365234375,27218.25095,29428.01953125,27461.59696,29310.86328125,27437.26236
2017-05-14 16:50:00,29379.935546875,26451.71103,29577.55859375,26938.40304,29575.8515625,27218.25095,29699.404296875,27461.59696,29730.140625,27437.26236,29597.904296875,27747.52852
2017-05-14 17:00:00,29697.40234375,26938.40304,29864.056640625,27218.25095,29842.37890625,27461.59696,29944.94921875,27437.26236,29942.03515625,27747.52852,29786.55859375,28118.63118
2017-05-14 17:10:00,29945.42578125,27218.25095,30079.59765625,27461.59696,30047.779296875,27437.26236,30136.591796875,27747.52852,30101.9609375,28118.63118,29938.32421875,28136.88213
2017-05-14 17:20:00,30158.865234375,27461.59696,30259.33203125,27437.26236,30215.015625,27747.52852,30281.048828125,28118.63118,30216.810546875,28136.88213,30046.91015625,27923.95437
2017-05-14 17:30:00,30320.109375,27437.26236,30396.30078125,27747.52852,30340.537109375,28118.63118,30393.65625,28136.88213,30311.78515625,27923.95437,30137.279296875,28112.54753
2017-05-14 17:40:00,30438.9453125,27747.52852,30478.8125,28118.63118,30409.88671875,28136.88213,30449.01953125,27923.95437,30355.677734375,28112.54753,30175.263671875,28891.25475
2017-05-14 17:50:00,30479.21484375,28118.63118,30488.625,28136.88213,30388.73828125,27923.95437,30417.306640625,28112.54753,30326.66015625,28891.25475,30132.81640625,29183.26996
2017-05-14 18:00:00,30540.826171875,28136.88213,30517.21484375,27923.95437,30393.2421875,28112.54753,30408.33984375,28891.25475,30322.8671875,29183.26996,30119.013671875,29207.60456
2017-05-14 18:10:00,30546.103515625,27923.95437,30485.748046875,28112.54753,30349.9296875,28891.25475,30354.529296875,29183.26996,30271.6953125,29207.60456,30058.361328125,29000.76046
2017-05-14 18:20:00,30540.06640625,28112.54753,30457.611328125,28891.25475,30295.765625,29183.26996,30281.892578125,29207.60456,30207.66796875,29000.76046,29984.056640625,28970.34221
2017-05-14 18:30:00,30498.50390625,28891.25475,30391.048828125,29183.26996,30218.330078125,29207.60456,30179.685546875,29000.76046,30110.517578125,28970.34221,29882.177734375,29055.51331
2017-05-14 18:40:00,30458.8125,29183.26996,30324.423828125,29207.60456,30144.845703125,29000.76046,30083.91015625,28970.34221,30017.435546875,29055.51331,29787.65234375,28751.3308
2017-05-14 18:50:00,30446.404296875,29207.60456,30283.265625,29000.76046,30099.1796875,28970.34221,30016.8515625,29055.51331,29949.978515625,28751.3308,29722.13671875,28860.8365
2017-05-14 19:00:00,30443.25,29000.76046,30258.107421875,28970.34221,30074.564453125,29055.51331,29959.51953125,28751.3308,29903.22265625,28860.8365,29681.412109375,28714.8289
2017-05-14 19:10:00,30430.021484375,28970.34221,30211.67578125,29055.51331,30043.6484375,28751.3308,29908.763671875,28860.8365,29848.2109375,28714.8289,29632.0859375,28739.1635
2017-05-14 19:20:00,30401.65625,29055.51331,30158.828125,28751.3308,30005.685546875,28860.8365,29851.671875,28714.8289,29781.048828125,28739.1635,29577.318359375,28757.41445
2017-05-14 19:30:00,30381.5625,28751.3308,30108.24609375,28860.8365,29972.974609375,28714.8289,29806.5234375,28739.1635,29721.009765625,28757.41445,29534.48828125,28873.0038
2017-05-14 19:40:00,30325.54296875,28860.8365,30037.96875,28714.8289,29916.384765625,28739.1635,29719.060546875,28757.41445,29639.935546875,28873.0038,29463.650390625,28988.59316
2017-05-14 19:50:00,30246.919921875,28714.8289,29937.95703125,28739.1635,29825.591796875,28757.41445,29619.755859375,28873.0038,29544.658203125,28988.59316,29385.3203125,29073.76426
2017-05-14 20:00:00,30150.759765625,28739.1635,29836.96875,28757.41445,29735.5,28873.0038,29518.041015625,28988.59316,29443.125,29073.76426,29297.00390625,28921.673
2017-05-14 20:10:00,30063.185546875,28757.41445,29735.79296875,28873.0038,29643.08203125,28988.59316,29413.447265625,29073.76426,29336.376953125,28921.673,29214.923828125,28477.56654
2017-05-14 20:20:00,29916.42578125,28873.0038,29593.052734375,28988.59316,29501.177734375,29073.76426,29245.08984375,28921.673,29190.5703125,28477.56654,29084.45703125,28404.56274
2017-05-14 20:30:00,29772.181640625,28988.59316,29446.333984375,29073.76426,29352.541015625,28921.673,29080.953125,28477.56654,29044.9609375,28404.56274,28958.91796875,28489.73384
2017-05-14 20:40:00,29638.048828125,29073.76426,29315.1328125,28921.673,29224.025390625,28477.56654,28951.9453125,28404.56274,28929.12109375,28489.73384,28865.7421875,28380.22814
2017-05-14 20:50:00,29463.9140625,28921.673,29143.005859375,28477.56654,29053.2421875,28404.56274,28770.7734375,28489.73384,28758.10546875,28380.22814,28726.814453125,27826.61597
2017-05-14 21:00:00,29280.03515625,28477.56654,28971.6953125,28404.56274,28891.19140625,28489.73384,28607.45703125,28380.22814,28627.580078125,27826.61597,28616.66015625,27498.09886
2017-05-14 21:10:00,29187.115234375,28404.56274,28887.697265625,28489.73384,28817.71484375,28380.22814,28544.48046875,27826.61597,28576.205078125,27498.09886,28583.65625,27449.42966
2017-05-14 21:20:00,28984.11328125,28489.73384,28706.42578125,28380.22814,28639.96875,27826.61597,28382.333984375,27498.09886,28427.576171875,27449.42966,28467.8984375,27406.84411
2017-05-14 21:30:00,28844.873046875,28380.22814,28584.048828125,27826.61597,28528.013671875,27498.09886,28279.572265625,27449.42966,28335.18359375,27406.84411,28411.984375,27169.58175
2017-05-14 21:40:00,28673.880859375,27826.61597,28431.958984375,27498.09886,28382.970703125,27449.42966,28158.208984375,27406.84411,28238.599609375,27169.58175,28338.974609375,27315.58935
2017-05-14 21:50:00,28522.201171875,27498.09886,28314.578125,27449.42966,28276.767578125,27406.84411,28081.548828125,27169.58175,28175.216796875,27315.58935,28292.037109375,27412.92776
2017-05-14 22:00:00,28338.705078125,27449.42966,28172.31640625,27406.84411,28141.669921875,27169.58175,27987.810546875,27315.58935,28094.5703125,27412.92776,28246.6328125,27741.44487
2017-05-14 22:10:00,28115.408203125,27406.84411,27995.037109375,27169.58175,27991.16796875,27315.58935,27868.53515625,27412.92776,28018.298828125,27741.44487,28204.12890625,28069.96198
2017-05-14 22:20:00,27971.05078125,27169.58175,27915.3125,27315.58935,27941.611328125,27412.92776,27861.3359375,27741.44487,28039.43359375,28069.96198,28269.322265625,28885.1711
2017-05-14 22:30:00,27922.8515625,27315.58935,27924.30859375,27412.92776,27983.310546875,27741.44487,27960.517578125,28069.96198,28175.314453125,28885.1711,28414.01953125,29846.38783
2017-05-14 22:40:00,27906.458984375,27412.92776,27986.658203125,27741.44487,28089.939453125,28069.96198,28128.857421875,28885.1711,28395.4375,29846.38783,28691.20703125,32243.34601
2017-05-14 22:50:00,28050.765625,27741.44487,28223.841796875,28069.96198,28370.67578125,28885.1711,28499.955078125,29846.38783,28813.423828125,32243.34601,29170.52734375,35406.84411
2017-05-14 23:00:00,28408.44921875,28069.96198,28689.8125,28885.1711,28909.8515625,29846.38783,29139.771484375,32243.34601,29521.953125,35406.84411,29931.912109375,36471.48289
2017-05-14 23:10:00,28740.208984375,28885.1711,29119.123046875,29846.38783,29415.94921875,32243.34601,29747.962890625,35406.84411,30194.1796875,36471.48289,30668.521484375,37025.09506
2017-05-14 23:20:00,29503.16015625,29846.38783,29997.7265625,32243.34601,30367.953125,35406.84411,30786.15234375,36471.48289,31292.01171875,37025.09506,31798.193359375,37195.43726
2017-05-14 23:30:00,30316.943359375,32243.34601,30913.29296875,35406.84411,31335.76171875,36471.48289,31831.34765625,37025.09506,32357.201171875,37195.43726,32887.6484375,37450.95057
2017-05-14 23:40:00,31514.12109375,35406.84411,32251.287109375,36471.48289,32724.080078125,37025.09506,33294.078125,37195.43726,33792.08203125,37450.95057,34307.8125,37493.53612
2017-05-14 23:50:00,33001.04296875,36471.48289,33776.5,37025.09506,34247.36328125,37195.43726,34764.0078125,37450.95057,35154.30078125,37493.53612,35603.55859375,37396.19772
2017-05-15 00:00:00,34428.21875,37025.09506,35200.84375,37195.43726,35635.3125,37450.95057,36046.73046875,37493.53612,36271.453125,37396.19772,36578.20703125,37590.87452
2017-05-15 00:10:00,35383.25390625,37195.43726,36030.78125,37450.95057,36405.48046875,37493.53612,36659.1328125,37396.19772,36754.328125,37590.87452,36898.359375,37663.87833
2017-05-15 00:20:00,36061.8515625,37450.95057,36619.3515625,37493.53612,36918.55078125,37396.19772,37028.56640625,37590.87452,37039.67578125,37663.87833,37046.203125,38053.23194
2017-05-15 00:30:00,36381.0859375,37493.53612,36818.22265625,37396.19772,37063.44140625,37590.87452,37074.08203125,37663.87833,37031.72265625,38053.23194,36915.8046875,38016.73004
2017-05-15 00:40:00,36638.41015625,37396.19772,36999.41796875,37590.87452,37206.01171875,37663.87833,37160.22265625,38053.23194,37067.796875,38016.73004,36871.53125,38034.98099
2017-05-15 00:50:00,36799.171875,37590.87452,37080.01171875,37663.87833,37254.10546875,38053.23194,37163.2109375,38016.73004,37052.57421875,38034.98099,36771.88671875,38357.41445
2017-05-15 01:00:00,36965.390625,37663.87833,37190.91015625,38053.23194,37327.96484375,38016.73004,37217.05078125,38034.98099,37077.109375,38357.41445,36748.1640625,38381.74905
2017-05-15 01:10:00,37080.34375,38053.23194,37249.89453125,38016.73004,37358.421875,38034.98099,37228.15234375,38357.41445,37084.453125,38381.74905,36705.6328125,38083.65019
2017-05-15 01:20:00,37202.5234375,38016.73004,37326.4296875,38034.98099,37398.48828125,38357.41445,37250.4296875,38381.74905,37105.328125,38083.65019,36682.9296875,38320.91255
2017-05-15 01:30:00,37260.55078125,38034.98099,37335.3359375,38357.41445,37370.484375,38381.74905,37210.88671875,38083.65019,37074.76171875,38320.91255,36628.99609375,38734.60076
2017-05-15 01:40:00,37329.6015625,38357.41445,37358.66796875,38381.74905,37351.94140625,38083.65019,37164.99609375,38320.91255,37046.04296875,38734.60076,36570.02734375,38728.51711
2017-05-15 01:50:00,37381.27734375,38381.74905,37370.26171875,38083.65019,37327.6171875,38320.91255,37111.5,38734.60076,36996.59375,38728.51711,36537.3046875,38728.51711
2017-05-15 02:00:00,37438.6953125,38083.65019,37378.03125,38320.91255,37302.265625,38734.60076,37049.65234375,38728.51711,36934.83984375,38728.51711,36464.43359375,38424.3346
2017-05-15 02:10:00,37429.6328125,38320.91255,37339.66796875,38734.60076,37230.5859375,38728.51711,36936.30859375,38728.51711,36820.453125,38424.3346,36377.69140625,38053.23194
2017-05-15 02:20:00,37419.51171875,38734.60076,37289.3125,38728.51711,37154.484375,38728.51711,36832.546875,38424.3346,36717.12890625,38053.23194,36262.1953125,37761.21673
2017-05-15 02:30:00,37378.26953125,38728.51711,37215.1875,38728.51711,37047.51953125,38424.3346,36691.0859375,38053.23194,36576.38671875,37761.21673,36153.859375,37311.02662
2017-05-15 02:40:00,37343.10546875,38728.51711,37142.55859375,38424.3346,36959.8984375,38053.23194,36572.328125,37761.21673,36458.89453125,37311.02662,36039.578125,37006.84411
2017-05-15 02:50:00,37264.8671875,38424.3346,37023.01171875,38053.23194,36817.98046875,37761.21673,36401.94140625,37311.02662,36291.01953125,37006.84411,35881.26953125,36538.40304
2017-05-15 03:00:00,37208.89453125,38053.23194,36929.2578125,37761.21673,36709.8984375,37311.02662,36265.69921875,37006.84411,36170.015625,36538.40304,35745.30859375,35942.20532
2017-05-15 03:10:00,37088.96484375,37761.21673,36759.51171875,37311.02662,36532.22265625,37006.84411,36061.8671875,36538.40304,35955.08203125,35942.20532,35526.43359375,35510.26616
2017-05-15 03:20:00,36989.97265625,37311.02662,36616.10546875,37006.84411,36380.2109375,36538.40304,35876.99609375,35942.20532,35776.84765625,35510.26616,35334.0546875,35370.34221
2017-05-15 03:30:00,36843.76171875,37006.84411,36419.4453125,36538.40304,36177.73828125,35942.20532,35648.84765625,35510.26616,35530.71875,35370.34221,35057.953125,34926.23574
2017-05-15 03:40:00,36677.66015625,36538.40304,36208.67578125,35942.20532,35945.10546875,35510.26616,35386.546875,35370.34221,35252.921875,34926.23574,34763.21484375,34299.61977
2017-05-15 03:50:00,36466.4140625,35942.20532,35956.515625,35510.26616,35673.2265625,35370.34221,35095.84765625,34926.23574,34925.83984375,34299.61977,34400.0234375,33709.5057
2017-05-15 04:00:00,36182.30859375,35510.26616,35640.80078125,35370.34221,35327.5078125,34926.23574,34720.515625,34299.61977,34512.56640625,33709.5057,33981.046875,32997.71863
2017-05-15 04:10:00,35821.41015625,35370.34221,35248.1953125,34926.23574,34901.62890625,34299.61977,34276.84765625,33709.5057,34019.4609375,32997.71863,33443.95703125,32340.68441
2017-05-15 04:20:00,35454.2109375,34926.23574,34868.98828125,34299.61977,34454.53515625,33709.5057,33813.51171875,32997.71863,33521.22265625,32340.68441,32934.85546875,31580.22814
2017-05-15 04:30:00,34957.75390625,34299.61977,34339.06640625,33709.5057,33884.6484375,32997.71863,33239.90234375,32340.68441,32884.5234375,31580.22814,32241.583984375,30801.52091
2017-05-15 04:40:00,34470.30078125,33709.5057,33843.109375,32997.71863,33313.47265625,32340.68441,32671.802734375,31580.22814,32272.39453125,30801.52091,31599.46484375,30047.14829
2017-05-15 04:50:00,33911.03125,32997.71863,33246.4453125,32340.68441,32680.228515625,31580.22814,32043.75,30801.52091,31589.857421875,30047.14829,30854.470703125,29323.19392
2017-05-15 05:00:00,33311.265625,32340.68441,32638.5859375,31580.22814,32005.71484375,30801.52091,31381.130859375,30047.14829,30893.69921875,29323.19392,30124.443359375,28453.23194
2017-05-15 05:10:00,32625.626953125,31580.22814,31902.896484375,30801.52091,31269.166015625,30047.14829,30644.53515625,29323.19392,30126.810546875,28453.23194,29315.5,27917.87072
2017-05-15 05:20:00,32026.08984375,30801.52091,31281.5625,30047.14829,30607.283203125,29323.19392,30012.654296875,28453.23194,29494.81640625,27917.87072,28681.884765625,27260.8365
2017-05-15 05:30:00,31313.966796875,30047.14829,30540.5625,29323.19392,29874.67578125,28453.23194,29308.427734375,27917.87072,28782.009765625,27260.8365,27961.380859375,26585.55133
2017-05-15 05:40:00,30607.80859375,29323.19392,29826.623046875,28453.23194,29158.0,27917.87072,28613.06640625,27260.8365,28114.76953125,26585.55133,27282.54296875,26177.94677
2017-05-15 05:50:00,29871.998046875,28453.23194,29080.138671875,27917.87072,28443.908203125,27260.8365,27925.6640625,26585.55133,27441.43359375,26177.94677,26607.306640625,25466.1597
2017-05-15 06:00:00,29254.9765625,27917.87072,28466.0,27260.8365,27852.52734375,26585.55133,27376.126953125,26177.94677,26901.99609375,25466.1597,26088.052734375,25022.05323
2017-05-15 06:10:00,28627.125,27260.8365,27838.931640625,26585.55133,27289.35546875,26177.94677,26841.615234375,25466.1597,26346.06640625,25022.05323,25580.427734375,24584.03042
2017-05-15 06:20:00,27827.296875,26585.55133,27079.43359375,26177.94677,26578.982421875,25466.1597,26137.2265625,25022.05323,25708.16796875,24584.03042,24944.1015625,24304.18251
2017-05-15 06:30:00,27067.857421875,26177.94677,26359.0390625,25466.1597,25934.048828125,25022.05323,25529.099609375,24584.03042,25117.27734375,24304.18251,24400.11328125,23878.327
2017-05-15 06:40:00,26550.36328125,25466.1597,25892.01953125,25022.05323,25496.39453125,24584.03042,25130.3046875,24304.18251,24723.65234375,23878.327,24047.044921875,23397.71863
2017-05-15 06:50:00,25991.296875,25022.05323,25392.51953125,24584.03042,25044.87109375,24304.18251,24751.47265625,23878.327,24340.873046875,23397.71863,23717.94921875,23282.12928
2017-05-15 07:00:00,25517.51953125,24584.03042,24991.626953125,24304.18251,24661.73828125,23878.327,24416.162109375,23397.71863,24011.8828125,23282.12928,23458.578125,22752.85171
2017-05-15 07:10:00,25132.5625,24304.18251,24668.25390625,23878.327,24350.30078125,23397.71863,24156.58984375,23282.12928,23758.46875,22752.85171,23259.51171875,22649.42966
2017-05-15 07:20:00,24777.2578125,23878.327,24352.998046875,23397.71863,24064.33203125,23282.12928,23895.177734375,22752.85171,23538.6484375,22649.42966,23076.095703125,22339.1635
2017-05-15 07:30:00,24447.212890625,23397.71863,24079.77734375,23282.12928,23825.630859375,22752.85171,23671.71484375,22649.42966,23347.625,22339.1635,22932.8046875,22235.74144
2017-05-15 07:40:00,24196.193359375,23282.12928,23867.775390625,22752.85171,23622.96875,22649.42966,23482.892578125,22339.1635,23185.705078125,22235.74144,22819.771484375,22107.98479
2017-05-15 07:50:00,23963.447265625,22752.85171,23671.515625,22649.42966,23436.498046875,22339.1635,23333.986328125,22235.74144,23043.498046875,22107.98479,22730.02734375,21998.47909
2017-05-15 08:00:00,23772.6796875,22649.42966,23505.146484375,22339.1635,23276.5546875,22235.74144,23209.345703125,22107.98479,22930.455078125,21998.47909,22650.833984375,21949.80989
2017-05-15 08:10:00,23578.103515625,22339.1635,23332.943359375,22235.74144,23135.107421875,22107.98479,23073.7421875,21998.47909,22821.841796875,21949.80989,22555.544921875,21694.29658
2017-05-15 08:20:00,23449.669921875,22235.74144,23230.703125,22107.98479,23067.587890625,21998.47909,22997.43359375,21949.80989,22766.642578125,21694.29658,22544.9296875,21791.63498
2017-05-15 08:30:00,23277.322265625,22107.98479,23102.5625,21998.47909,22951.392578125,21949.80989,22886.3515625,21694.29658,22649.82421875,21791.63498,22491.474609375,21682.12928
2017-05-15 08:40:00,23194.72265625,21998.47909,23031.046875,21949.80989,22901.630859375,21694.29658,22853.390625,21791.63498,22613.3203125,21682.12928,22485.548828125,21487.45247
2017-05-15 08:50:00,23112.537109375,21949.80989,22949.447265625,21694.29658,22842.365234375,21791.63498,22809.5625,21682.12928,22550.388671875,21487.45247,22466.123046875,21596.95817
2017-05-15 09:00:00,23051.349609375,21694.29658,22899.583984375,21791.63498,22827.083984375,21682.12928,22800.04296875,21487.45247,22535.47265625,21596.95817,22462.79296875,21493.53612
2017-05-15 09:10:00,22962.24609375,21791.63498,22823.8203125,21682.12928,22777.896484375,21487.45247,22748.095703125,21596.95817,22477.93359375,21493.53612,22415.638671875,21578.70722
2017-05-15 09:20:00,22887.126953125,21682.12928,22752.564453125,21487.45247,22726.0625,21596.95817,22703.58984375,21493.53612,22422.009765625,21578.70722,22367.791015625,21505.70342
2017-05-15 09:30:00,22857.111328125,21487.45247,22707.486328125,21596.95817,22707.2734375,21493.53612,22682.90234375,21578.70722,22403.607421875,21505.70342,22349.453125,21438.78327
2017-05-15 09:40:00,22844.71484375,21596.95817,22690.322265625,21493.53612,22708.54296875,21578.70722,22710.591796875,21505.70342,22403.72265625,21438.78327,22342.650390625,21317.11027
2017-05-15 09:50:00,22793.482421875,21493.53612,22641.943359375,21578.70722,22672.70703125,21505.70342,22690.89453125,21438.78327,22372.36328125,21317.11027,22320.90625,21493.53612
2017-05-15 10:00:00,22773.234375,21578.70722,22620.14453125,21505.70342,22663.1796875,21438.78327,22691.08984375,21317.11027,22362.873046875,21493.53612,22304.080078125,21463.11787
2017-05-15 10:10:00,22742.880859375,21505.70342,22582.82421875,21438.78327,22642.08203125,21317.11027,22665.05859375,21493.53612,22335.150390625,21463.11787,22289.5390625,21481.36882
2017-05-15 10:20:00,22729.869140625,21438.78327,22564.67578125,21317.11027,22635.677734375,21493.53612,22682.912109375,21463.11787,22357.4921875,21481.36882,22302.853515625,21828.13688
2017-05-15 10:30:00,22679.9765625,21317.11027,22507.1875,21493.53612,22593.1484375,21463.11787,22634.849609375,21481.36882,22327.31640625,21828.13688,22269.7109375,21730.79848
2017-05-15 10:40:00,22668.291015625,21493.53612,22488.7109375,21463.11787,22595.775390625,21481.36882,22646.859375,21828.13688,22359.25390625,21730.79848,22292.3828125,22004.56274
2017-05-15 10:50:00,22607.865234375,21463.11787,22428.31640625,21481.36882,22544.501953125,21828.13688,22589.009765625,21730.79848,22324.6875,22004.56274,22265.912109375,22199.23954
2017-05-15 11:00:00,22532.517578125,21481.36882,22356.771484375,21828.13688,22497.55859375,21730.79848,22537.9765625,22004.56274,22296.736328125,22199.23954,22232.935546875,22284.41065
2017-05-15 11:10:00,22496.0625,21828.13688,22323.564453125,21730.79848,22466.48046875,22004.56274,22507.234375,22199.23954,22297.93359375,22284.41065,22243.4296875,23184.79087
2017-05-15 11:20:00,22462.69921875,21730.79848,22297.9140625,22004.56274,22459.193359375,22199.23954,22506.94140625,22284.41065,22316.8125,23184.79087,22264.8203125,23428.13688
2017-05-15 11:30:00,22394.619140625,22004.56274,22232.09375,22199.23954,22406.638671875,22284.41065,22456.78515625,23184.79087,22295.697265625,23428.13688,22247.314453125,23653.23194
2017-05-15 11:40:00,22369.744140625,22199.23954,22225.587890625,22284.41065,22410.759765625,23184.79087,22471.388671875,23428.13688,22334.333984375,23653.23194,22302.376953125,23841.8251
2017-05-15 11:50:00,22342.48828125,22284.41065,22207.48046875,23184.79087,22405.103515625,23428.13688,22482.07421875,23653.23194,22379.82421875,23841.8251,22331.359375,24188.59316
2017-05-15 12:00:00,22339.7265625,23184.79087,22225.861328125,23428.13688,22435.630859375,23653.23194,22535.279296875,23841.8251,22463.12890625,24188.59316,22430.0078125,24249.42966
2017-05-15 12:10:00,22332.1640625,23428.13688,22243.650390625,23653.23194,22457.130859375,23841.8251,22583.8984375,24188.59316,22528.71875,24249.42966,22513.619140625,23896.57795
2017-05-15 12:20:00,22406.966796875,23653.23194,22325.4296875,23841.8251,22596.056640625,24188.59316,22734.962890625,24249.42966,22719.498046875,23896.57795,22694.16796875,23312.54753
2017-05-15 12:30:00,22516.337890625,23841.8251,22469.87890625,24188.59316,22756.041015625,24249.42966,22935.009765625,23896.57795,22957.615234375,23312.54753,22948.931640625,23744.48669
2017-05-15 12:40:00,22642.748046875,24188.59316,22631.6015625,24249.42966,22958.912109375,23896.57795,23175.552734375,23312.54753,23231.830078125,23744.48669,23251.4921875,23744.48669
2017-05-15 12:50:00,22791.796875,24249.42966,22828.525390625,23896.57795,23170.982421875,23312.54753,23423.38671875,23744.48669,23511.55859375,23744.48669,23559.484375,23470.72243
2017-05-15 13:00:00,23011.81640625,23896.57795,23091.904296875,23312.54753,23479.33203125,23744.48669,23773.923828125,23744.48669,23877.470703125,23470.72243,23966.103515625,22971.86312
2017-05-15 13:10:00,23294.162109375,23312.54753,23419.3359375,23744.48669,23821.919921875,23744.48669,24172.74609375,23470.72243,24297.5625,22971.86312,24439.142578125,23002.28137
2017-05-15 13:20:00,23523.73828125,23744.48669,23694.86328125,23744.48669,24131.966796875,23470.72243,24515.61328125,22971.86312,24668.921875,23002.28137,24832.400390625,23598.47909
2017-05-15 13:30:00,23845.00390625,23744.48669,24064.171875,23470.72243,24515.587890625,22971.86312,24923.232421875,23002.28137,25075.822265625,23598.47909,25298.78515625,24018.25095
2017-05-15 13:40:00,24356.32421875,23470.72243,24632.103515625,22971.86312,25076.509765625,23002.28137,25520.896484375,23598.47909,25693.046875,24018.25095,25970.962890625,24529.27757
2017-05-15 13:50:00,24713.669921875,22971.86312,25018.060546875,23002.28137,25469.873046875,23598.47909,25933.451171875,24018.25095,26120.341796875,24529.27757,26417.158203125,25155.89354
2017-05-15 14:00:00,25043.796875,23002.28137,25369.76171875,23598.47909,25818.904296875,24018.25095,26294.591796875,24529.27757,26530.267578125,25155.89354,26843.7421875,25752.09125
2017-05-15 14:10:00,25349.662109375,23598.47909,25690.02734375,24018.25095,26158.44921875,24529.27757,26628.96875,25155.89354,26880.53125,25752.09125,27194.201171875,25928.51711
2017-05-15 14:20:00,25682.490234375,24018.25095,26036.048828125,24529.27757,26474.544921875,25155.89354,26937.23046875,25752.09125,27234.720703125,25928.51711,27534.9140625,26634.22053
2017-05-15 14:30:00,26102.791015625,24529.27757,26470.2578125,25155.89354,26891.279296875,25752.09125,27357.87890625,25928.51711,27655.578125,26634.22053,27961.529296875,27565.01901
2017-05-15 14:40:00,26462.326171875,25155.89354,26808.32421875,25752.09125,27191.18359375,25928.51711,27650.11328125,26634.22053,27942.447265625,27565.01901,28242.787109375,26208.36502
2017-05-15 14:50:00,26917.755859375,25752.09125,27250.330078125,25928.51711,27641.703125,26634.22053,28096.61328125,27565.01901,28386.119140625,26208.36502,28680.49609375,26731.55894
2017-05-15 15:00:00,27290.52734375,25928.51711,27611.25390625,26634.22053,27986.84375,27565.01901,28438.90234375,26208.36502,28727.548828125,26731.55894,28993.71875,27595.43726
2017-05-15 15:10:00,27820.298828125,26634.22053,28126.98046875,27565.01901,28511.8203125,26208.36502,28953.125,26731.55894,29224.38671875,27595.43726,29467.8203125,28684.41065
2017-05-15 15:20:00,28282.828125,27565.01901,28561.09375,26208.36502,28915.05859375,26731.55894,29355.076171875,27595.43726,29607.966796875,28684.41065,29814.556640625,29700.38023
2017-05-15 15:30:00,28780.6640625,26208.36502,29073.099609375,26731.55894,29421.93359375,27595.43726,29866.783203125,28684.41065,30093.626953125,29700.38023,30279.7890625,30266.1597
2017-05-15 15:40:00,29336.515625,26731.55894,29597.470703125,27595.43726,29950.576171875,28684.41065,30352.23046875,29700.38023,30537.73046875,30266.1597,30721.791015625,30710.26616
2017-05-15 15:50:00,29634.79296875,27595.43726,29874.91796875,28684.41065,30178.990234375,29700.38023,30586.720703125,30266.1597,30752.76953125,30710.26616,30907.767578125,31032.69962
2017-05-15 16:00:00,29982.21484375,28684.41065,30181.015625,29700.38023,30478.609375,30266.1597,30864.787109375,30710.26616,30981.646484375,31032.69962,31122.654296875,31549.80989
2017-05-15 16:10:00,30406.375,29700.38023,30600.1015625,30266.1597,30906.736328125,30710.26616,31262.708984375,31032.69962,31368.90234375,31549.80989,31502.21484375,31531.55894
2017-05-15 16:20:00,30713.5546875,30266.1597,30860.92578125,30710.26616,31135.32421875,31032.69962,31477.400390625,31549.80989,31538.642578125,31531.55894,31652.3203125,31555.89354
2017-05-15 16:30:00,30997.044921875,30710.26616,31138.79296875,31032.69962,31380.37109375,31549.80989,31734.4140625,31531.55894,31759.3203125,31555.89354,31865.53515625,31799.23954
2017-05-15 16:40:00,31370.33203125,31032.69962,31485.951171875,31549.80989,31714.3984375,31531.55894,32033.75390625,31555.89354,32012.65234375,31799.23954,32113.751953125,32066.92015
2017-05-15 16:50:00,31717.615234375,31549.80989,31819.21484375,31531.55894,32025.404296875,31555.89354,32320.357421875,31799.23954,32272.244140625,32066.92015,32375.4140625,32541.44487
2017-05-15 17:00:00,32002.576171875,31531.55894,32086.00390625,31555.89354,32288.9296875,31799.23954,32557.3125,32066.92015,32461.623046875,32541.44487,32587.873046875,32584.03042
2017-05-15 17:10:00,32368.853515625,31555.89354,32456.140625,31799.23954,32629.90234375,32066.92015,32878.8359375,32541.44487,32754.205078125,32584.03042,32883.18359375,32760.45627
2017-05-15 17:20:00,32685.296875,31799.23954,32757.125,32066.92015,32906.33984375,32541.44487,33128.80859375,32584.03042,32959.90625,32760.45627,33086.953125,32644.86692
2017-05-15 17:30:00,32962.88671875,32066.92015,33033.1953125,32541.44487,33151.5546875,32584.03042,33358.3671875,32760.45627,33171.44140625,32644.86692,33307.125,32657.03422
2017-05-15 17:40:00,33131.7890625,32541.44487,33183.81640625,32584.03042,33287.5,32760.45627,33460.4375,32644.86692,33233.41796875,32657.03422,33369.36328125,32638.78327
2017-05-15 17:50:00,33306.4609375,32584.03042,33322.90234375,32760.45627,33395.19140625,32644.86692,33561.73828125,32657.03422,33311.9140625,32638.78327,33448.0234375,32815.20913
2017-05-15 18:00:00,33455.83984375,32760.45627,33455.2109375,32644.86692,33509.1796875,32657.03422,33642.6171875,32638.78327,33358.07421875,32815.20913,33502.72265625,32541.44487
2017-05-15 18:10:00,33614.5234375,32644.86692,33604.83984375,32657.03422,33651.5,32638.78327,33754.7734375,32815.20913,33458.0703125,32541.44487,33633.19921875,32389.35361
2017-05-15 18:20:00,33674.78515625,32657.03422,33626.765625,32638.78327,33658.125,32815.20913,33746.40234375,32541.44487,33414.8359375,32389.35361,33587.16015625,32839.54373
2017-05-15 18:30:00,33679.20703125,32638.78327,33602.78125,32815.20913,33628.26171875,32541.44487,33701.89453125,32389.35361,33348.96484375,32839.54373,33556.453125,32900.38023
2017-05-15 18:40:00,33734.22265625,32815.20913,33630.953125,32541.44487,33644.46484375,32389.35361,33689.66015625,32839.54373,33326.734375,32900.38023,33553.99609375,33028.13688
2017-05-15 18:50:00,33758.12109375,32541.44487,33646.328125,32389.35361,33648.453125,32839.54373,33691.95703125,32900.38023,33316.3203125,33028.13688,33568.4921875,32900.38023
2017-05-15 19:00:00,33677.66015625,32389.35361,33529.94921875,32839.54373,33525.8125,32900.38023,33550.15625,33028.13688,33152.60546875,32900.38023,33442.1953125,32657.03422
2017-05-15 19:10:00,33677.64453125,32839.54373,33501.32421875,32900.38023,33499.1875,33028.13688,33521.60546875,32900.38023,33120.75390625,32657.03422,33443.53125,32474.52471
2017-05-15 19:20:00,33530.265625,32900.38023,33329.21484375,33028.13688,33341.515625,32900.38023,33355.56640625,32657.03422,32934.12890625,32474.52471,33300.09375,32699.61977
2017-05-15 19:30:00,33463.3359375,33028.13688,33224.34765625,32900.38023,33250.87109375,32657.03422,33262.51953125,32474.52471,32834.85546875,32699.61977,33241.1015625,32529.27757
2017-05-15 19:40:00,33333.55859375,32900.38023,33079.58203125,32657.03422,33127.25390625,32474.52471,33147.609375,32699.61977,32705.6640625,32529.27757,33150.40625,32365.01901
2017-05-15 19:50:00,33206.75390625,32657.03422,32935.1640625,32474.52471,32994.3671875,32699.61977,33011.76171875,32529.27757,32574.03125,32365.01901,33045.21875,32614.44867
2017-05-15 20:00:00,33106.80859375,32474.52471,32833.28515625,32699.61977,32900.49609375,32529.27757,32939.3671875,32365.01901,32503.126953125,32614.44867,33004.55859375,32669.20152
2017-05-15 20:10:00,32984.15625,32699.61977,32717.287109375,32529.27757,32784.9296875,32365.01901,32836.77734375,32614.44867,32424.36328125,32669.20152,32943.91015625,32705.70342
2017-05-15 20:20:00,32814.515625,32529.27757,32556.31640625,32365.01901,32632.890625,32614.44867,32709.16796875,32669.20152,32305.931640625,32705.70342,32859.61328125,32517.11027
2017-05-15 20:30:00,32708.484375,32365.01901,32458.921875,32614.44867,32531.609375,32669.20152,32627.86328125,32705.70342,32267.693359375,32517.11027,32839.09765625,32340.68441
2017-05-15 20:40:00,32558.857421875,32614.44867,32330.380859375,32669.20152,32421.71484375,32705.70342,32561.525390625,32517.11027,32226.86328125,32340.68441,32843.16015625,32200.76046
2017-05-15 20:50:00,32377.876953125,32669.20152,32170.71484375,32705.70342,32269.744140625,32517.11027,32438.0078125,32340.68441,32169.1015625,32200.76046,32795.703125,31841.8251
2017-05-15 21:00:00,32264.82421875,32705.70342,32092.78125,32517.11027,32203.18359375,32340.68441,32424.15234375,32200.76046,32205.171875,31841.8251,32868.71875,31738.40304
2017-05-15 21:10:00,32129.33984375,32517.11027,31988.98046875,32340.68441,32113.009765625,32200.76046,32382.3515625,31841.8251,32231.951171875,31738.40304,32904.16796875,31513.30798
2017-05-15 21:20:00,32097.578125,32340.68441,31988.072265625,32200.76046,32119.05859375,31841.8251,32458.46484375,31738.40304,32378.61328125,31513.30798,33079.62890625,31537.64259
2017-05-15 21:30:00,32037.54296875,32200.76046,31967.78515625,31841.8251,32126.580078125,31738.40304,32538.705078125,31513.30798,32558.7734375,31537.64259,33258.37890625,31878.327
2017-05-15 21:40:00,31982.232421875,31841.8251,31956.20703125,31738.40304,32134.6328125,31513.30798,32636.46875,31537.64259,32735.630859375,31878.327,33456.234375,31987.8327
2017-05-15 21:50:00,32005.712890625,31738.40304,32013.80859375,31513.30798,32206.962890625,31537.64259,32796.25390625,31878.327,33000.97265625,31987.8327,33730.3984375,32164.25856
2017-05-15 22:00:00,32075.365234375,31513.30798,32128.91796875,31537.64259,32346.474609375,31878.327,33025.16015625,31987.8327,33326.40234375,32164.25856,34068.87109375,32638.78327
2017-05-15 22:10:00,32197.0625,31537.64259,32298.74609375,31878.327,32536.939453125,31987.8327,33312.31640625,32164.25856,33733.875,32638.78327,34447.08984375,33131.55894
2017-05-15 22:20:00,32396.21484375,31878.327,32545.302734375,31987.8327,32803.0234375,32164.25856,33677.0859375,32638.78327,34239.15234375,33131.55894,34954.703125,33770.34221
2017-05-15 22:30:00,32428.49609375,31987.8327,32628.7890625,32164.25856,32903.0078125,32638.78327,33882.6328125,33131.55894,34524.32421875,33770.34221,35219.234375,34914.06844
2017-05-15 22:40:00,32856.18359375,32164.25856,33110.65234375,32638.78327,33409.9765625,33131.55894,34465.859375,33770.34221,35203.31640625,34914.06844,35916.9453125,37116.34981
2017-05-15 22:50:00,33479.8671875,32638.78327,33774.66796875,33131.55894,34134.05078125,33770.34221,35309.234375,34914.06844,36188.05078125,37116.34981,36920.5234375,39853.9924
2017-05-15 23:00:00,34054.77734375,33131.55894,34419.72265625,33770.34221,34843.96875,34914.06844,36088.74609375,37116.34981,37070.734375,39853.9924,37823.3046875,40504.94297
2017-05-15 23:10:00,35175.765625,33770.34221,35587.26953125,34914.06844,36123.69140625,37116.34981,37453.6328125,39853.9924,38540.37109375,40504.94297,39332.2265625,40869.96198
2017-05-15 23:20:00,36303.375,34914.06844,36789.7421875,37116.34981,37385.5859375,39853.9924,38707.890625,40504.94297,39801.43359375,40869.96198,40542.4765625,40821.29278
2017-05-15 23:30:00,37634.7890625,37116.34981,38177.3203125,39853.9924,38792.2265625,40504.94297,40040.18359375,40869.96198,41093.01171875,40821.29278,41722.4453125,40936.88213
2017-05-15 23:40:00,38977.5625,39853.9924,39582.20703125,40504.94297,40198.75390625,40869.96198,41283.94140625,40821.29278,42242.87109375,40936.88213,42655.03125,40760.45627
2017-05-15 23:50:00,39898.37109375,40504.94297,40498.7578125,40869.96198,40977.62890625,40821.29278,41650.45703125,40936.88213,42404.34375,40760.45627,42551.375,40833.46008
2017-05-16 00:00:00,40430.2890625,40869.96198,41024.29296875,40821.29278,41355.0703125,40936.88213,41688.12890625,40760.45627,42290.18359375,40833.46008,42277.078125,40401.52091
2017-05-16 00:10:00,40801.390625,40821.29278,41315.265625,40936.88213,41445.43359375,40760.45627,41447.90625,40833.46008,41918.60546875,40401.52091,41763.03515625,40431.93916
2017-05-16 00:20:00,40913.41015625,40936.88213,41419.2890625,40760.45627,41428.22265625,40833.46008,41260.35546875,40401.52091,41662.19921875,40431.93916,41425.62109375,40517.11027
2017-05-16 00:30:00,40863.4765625,40760.45627,41316.5390625,40833.46008,41247.61328125,40401.52091,41014.83984375,40431.93916,41294.421875,40517.11027,41048.33203125,40486.69202
2017-05-16 00:40:00,40927.703125,40833.46008,41331.51953125,40401.52091,41241.6953125,40431.93916,40958.16796875,40517.11027,41177.93359375,40486.69202,40907.31640625,40219.01141
2017-05-16 00:50:00,40920.890625,40401.52091,41265.859375,40431.93916,41173.5703125,40517.11027,40856.04296875,40486.69202,40976.1875,40219.01141,40727.73828125,39957.41445
2017-05-16 01:00:00,40939.72265625,40431.93916,41222.875,40517.11027,41134.50390625,40486.69202,40803.734375,40219.01141,40838.57421875,39957.41445,40598.8046875,39482.88973
2017-05-16 01:10:00,40954.23828125,40517.11027,41171.63671875,40486.69202,41063.546875,40219.01141,40711.77734375,39957.41445,40683.68359375,39482.88973,40445.515625,39318.63118
2017-05-16 01:20:00,40940.546875,40486.69202,41099.3515625,40219.01141,40994.10546875,39957.41445,40626.9921875,39482.88973,40536.38671875,39318.63118,40292.27734375,39306.46388
2017-05-16 01:30:00,40980.55859375,40219.01141,41071.36328125,39957.41445,40942.85546875,39482.88973,40549.3671875,39318.63118,40428.7265625,39306.46388,40152.5546875,39884.41065
2017-05-16 01:40:00,40916.86328125,39957.41445,40949.96484375,39482.88973,40815.51171875,39318.63118,40401.7890625,39306.46388,40243.12109375,39884.41065,39946.98828125,39616.73004
2017-05-16 01:50:00,40781.65625,39482.88973,40748.1640625,39318.63118,40594.03515625,39306.46388,40137.5390625,39884.41065,39962.94140625,39616.73004,39631.4140625,39288.21293
2017-05-16 02:00:00,40624.828125,39318.63118,40526.96484375,39306.46388,40348.5546875,39884.41065,39856.4609375,39616.73004,39648.1484375,39288.21293,39292.12890625,39123.95437
2017-05-16 02:10:00,40423.69921875,39306.46388,40252.07421875,39884.41065,40052.2109375,39616.73004,39515.140625,39288.21293,39273.94921875,39123.95437,38921.73046875,39130.03802
2017-05-16 02:20:00,40239.25390625,39884.41065,40016.671875,39616.73004,39802.625,39288.21293,39235.203125,39123.95437,38952.37890625,39130.03802,38591.0078125,38825.85551
2017-05-16 02:30:00,39929.54296875,39616.73004,39627.56640625,39288.21293,39375.5390625,39123.95437,38766.6171875,39130.03802,38471.796875,38825.85551,38120.17578125,38406.08365
2017-05-16 02:40:00,39710.5859375,39288.21293,39330.90625,39123.95437,39102.0546875,39130.03802,38464.00390625,38825.85551,38137.125,38406.08365,37745.33203125,37730.79848
2017-05-16 02:50:00,39360.5,39123.95437,38913.1875,39130.03802,38647.515625,38825.85551,37994.4453125,38406.08365,37618.96484375,37730.79848,37239.04296875,37158.93536
2017-05-16 03:00:00,39090.27734375,39130.03802,38609.53515625,38825.85551,38357.9140625,38406.08365,37685.828125,37730.79848,37294.30078125,37158.93536,36852.22265625,36282.88973
2017-05-16 03:10:00,38762.3984375,38825.85551,38214.77734375,38406.08365,37916.6640625,37730.79848,37231.35546875,37158.93536,36775.96484375,36282.88973,36361.921875,35717.11027
2017-05-16 03:20:00,38333.6875,38406.08365,37753.68359375,37730.79848,37449.25390625,37158.93536,36754.9921875,36282.88973,36297.8828125,35717.11027,35814.890625,34974.90494
2017-05-16 03:30:00,38006.6796875,37730.79848,37393.08203125,37158.93536,37016.0859375,36282.88973,36310.67578125,35717.11027,35780.9921875,34974.90494,35302.2265625,34804.56274
2017-05-16 03:40:00,37756.75390625,37158.93536,37087.62109375,36282.88973,36714.27734375,35717.11027,35989.89453125,34974.90494,35455.578125,34804.56274,34872.48828125,34184.03042
2017-05-16 03:50:00,37309.2109375,36282.88973,36621.1640625,35717.11027,36138.00390625,34974.90494,35424.90234375,34804.56274,34792.38671875,34184.03042,34200.11328125,33569.58175
2017-05-16 04:00:00,36954.1015625,35717.11027,36295.7734375,34974.90494,35761.0390625,34804.56274,35009.10546875,34184.03042,34445.9453125,33569.58175,33761.3984375,33022.05323
2017-05-16 04:10:00,36507.03125,34974.90494,35813.3828125,34804.56274,35204.78125,34184.03042,34471.73828125,33569.58175,33832.72265625,33022.05323,33146.5703125,31969.58175
2017-05-16 04:20:00,35936.015625,34804.56274,35233.5859375,34184.03042,34596.953125,33569.58175,33845.609375,33022.05323,33215.7578125,31969.58175,32480.783203125,31032.69962
2017-05-16 04:30:00,35349.55859375,34184.03042,34627.3828125,33569.58175,33878.96875,33022.05323,33167.4921875,31969.58175,32518.109375,31032.69962,31715.73046875,30546.0076
2017-05-16 04:40:00,34825.86328125,33569.58175,34098.23046875,33022.05323,33356.015625,31969.58175,32629.140625,31032.69962,32018.8359375,30546.0076,31218.267578125,29761.21673
2017-05-16 04:50:00,34093.33984375,33022.05323,33331.92578125,31969.58175,32537.025390625,31032.69962,31827.681640625,30546.0076,31220.12890625,29761.21673,30381.935546875,29049.42966
2017-05-16 05:00:00,33354.65234375,31969.58175,32572.26953125,31032.69962,31803.015625,30546.0076,31079.79296875,29761.21673,30559.00390625,29049.42966,29643.083984375,28234.22053
2017-05-16 05:10:00,32594.94140625,31032.69962,31789.630859375,30546.0076,31007.322265625,29761.21673,30285.19921875,29049.42966,29812.67578125,28234.22053,28895.92578125,27625.85551
2017-05-16 05:20:00,31792.59765625,30546.0076,30955.056640625,29761.21673,30256.427734375,29049.42966,29529.64453125,28234.22053,29122.416015625,27625.85551,28157.443359375,26968.82129
2017-05-16 05:30:00,30993.326171875,29761.21673,30159.73828125,29049.42966,29443.96875,28234.22053,28733.515625,27625.85551,28381.99609375,26968.82129,27443.623046875,26567.30038
2017-05-16 05:40:00,30255.154296875,29049.42966,29378.25,28234.22053,28788.400390625,27625.85551,28083.42578125,26968.82129,27793.6796875,26567.30038,26849.82421875,25971.10266
2017-05-16 05:50:00,29454.685546875,28234.22053,28618.080078125,27625.85551,28034.87109375,26968.82129,27362.853515625,26567.30038,27119.044921875,25971.10266,26224.3359375,25575.6654
2017-05-16 06:00:00,28829.84765625,27625.85551,27975.912109375,26968.82129,27484.15625,26567.30038,26881.279296875,25971.10266,26623.796875,25575.6654,25744.08984375,25028.13688
2017-05-16 06:10:00,28268.091796875,26968.82129,27414.69921875,26567.30038,26956.169921875,25971.10266,26383.828125,25575.6654,26153.685546875,25028.13688,25336.908203125,24553.61217
2017-05-16 06:20:00,27683.916015625,26567.30038,26833.26171875,25971.10266,26484.8671875,25575.6654,25942.556640625,25028.13688,25729.322265625,24553.61217,24891.466796875,24073.0038
2017-05-16 06:30:00,27061.005859375,25971.10266,26283.224609375,25575.6654,25955.3359375,25028.13688,25457.80859375,24553.61217,25257.896484375,24073.0038,24490.681640625,23762.73764
2017-05-16 06:40:00,26612.87890625,25575.6654,25859.203125,25028.13688,25609.2421875,24553.61217,25142.3984375,24073.0038,24959.09375,23762.73764,24184.892578125,23385.55133
2017-05-16 06:50:00,26151.802734375,25028.13688,25482.80859375,24553.61217,25247.541015625,24073.0038,24809.62890625,23762.73764,24642.3359375,23385.55133,23920.390625,23105.70342
2017-05-16 07:00:00,25865.271484375,24553.61217,25212.6953125,24073.0038,25037.927734375,23762.73764,24629.1953125,23385.55133,24458.76953125,23105.70342,23736.939453125,22771.10266
2017-05-16 07:10:00,25537.916015625,24073.0038,24962.021484375,23762.73764,24781.12109375,23385.55133,24420.08203125,23105.70342,24247.21875,22771.10266,23572.236328125,22546.0076
2017-05-16 07:20:00,25355.5,23762.73764,24779.904296875,23385.55133,24655.923828125,23105.70342,24324.611328125,22771.10266,24157.240234375,22546.0076,23480.501953125,22436.5019
2017-05-16 07:30:00,25056.998046875,23385.55133,24559.140625,23105.70342,24421.951171875,22771.10266,24132.81640625,22546.0076,23975.755859375,22436.5019,23361.2578125,22296.57795
2017-05-16 07:40:00,24854.40625,23105.70342,24394.857421875,22771.10266,24290.73828125,22546.0076,24026.3046875,22436.5019,23863.88671875,22296.57795,23264.494140625,22211.40684
2017-05-16 07:50:00,24640.3125,22771.10266,24242.203125,22546.0076,24148.517578125,22436.5019,23896.041015625,22296.57795,23732.7734375,22211.40684,23197.96875,22138.40304
2017-05-16 08:00:00,24472.193359375,22546.0076,24095.853515625,22436.5019,24014.2265625,22296.57795,23797.693359375,22211.40684,23636.03125,22138.40304,23116.25,21907.22433
2017-05-16 08:10:00,24267.66796875,22436.5019,23933.70703125,22296.57795,23865.103515625,22211.40684,23676.634765625,22138.40304,23518.1484375,21907.22433,23062.142578125,21688.21293
2017-05-16 08:20:00,24190.900390625,22296.57795,23848.154296875,22211.40684,23808.21484375,22138.40304,23654.416015625,21907.22433,23491.208984375,21688.21293,23068.912109375,21676.04563
2017-05-16 08:30:00,24044.95703125,22211.40684,23735.41015625,22138.40304,23706.205078125,21907.22433,23573.048828125,21688.21293,23397.93359375,21676.04563,23035.166015625,21578.70722
2017-05-16 08:40:00,23981.10546875,22138.40304,23665.3046875,21907.22433,23659.2890625,21688.21293,23562.2890625,21676.04563,23372.150390625,21578.70722,23014.99609375,21669.96198
2017-05-16 08:50:00,23840.56640625,21907.22433,23559.00390625,21688.21293,23565.357421875,21676.04563,23475.859375,21578.70722,23266.7109375,21669.96198,22968.935546875,21377.94677
2017-05-16 09:00:00,23813.30859375,21688.21293,23510.287109375,21676.04563,23544.494140625,21578.70722,23468.0859375,21669.96198,23252.271484375,21377.94677,22978.091796875,21262.35741
2017-05-16 09:10:00,23683.9609375,21676.04563,23406.873046875,21578.70722,23434.583984375,21669.96198,23393.42578125,21377.94677,23131.435546875,21262.35741,22913.189453125,21165.01901
2017-05-16 09:20:00,23658.890625,21578.70722,23368.525390625,21669.96198,23422.8046875,21377.94677,23386.404296875,21262.35741,23122.126953125,21165.01901,22889.427734375,20939.92395
2017-05-16 09:30:00,23565.751953125,21669.96198,23292.642578125,21377.94677,23342.130859375,21262.35741,23323.833984375,21165.01901,23026.3828125,20939.92395,22843.853515625,21165.01901
2017-05-16 09:40:00,23502.51953125,21377.94677,23237.267578125,21262.35741,23294.076171875,21165.01901,23285.734375,20939.92395,22977.810546875,21165.01901,22813.431640625,21043.34601
2017-05-16 09:50:00,23391.681640625,21262.35741,23135.400390625,21165.01901,23194.01171875,20939.92395,23207.283203125,21165.01901,22890.673828125,21043.34601,22744.3515625,21012.92776
2017-05-16 10:00:00,23380.32421875,21165.01901,23114.8046875,20939.92395,23185.79296875,21165.01901,23206.05078125,21043.34601,22872.63671875,21012.92776,22739.166015625,20921.673
2017-05-16 10:10:00,23252.59375,20939.92395,23026.349609375,21165.01901,23089.04296875,21043.34601,23122.955078125,21012.92776,22780.548828125,20921.673,22686.8203125,21000.76046
2017-05-16 10:20:00,23206.720703125,21165.01901,22972.28515625,21043.34601,23052.23828125,21012.92776,23093.83984375,20921.673,22755.521484375,21000.76046,22672.125,21146.76806
2017-05-16 10:30:00,23091.21484375,21043.34601,22869.431640625,21012.92776,22954.15234375,20921.673,22997.73046875,21000.76046,22681.6015625,21146.76806,22620.61328125,21463.11787
2017-05-16 10:40:00,23049.111328125,21012.92776,22831.27734375,20921.673,22924.513671875,21000.76046,22967.677734375,21146.76806,22676.150390625,21463.11787,22607.671875,21639.54373
2017-05-16 10:50:00,22926.294921875,20921.673,22734.931640625,21000.76046,22830.16796875,21146.76806,22878.673828125,21463.11787,22605.501953125,21639.54373,22565.0,21858.55513
2017-05-16 11:00:00,22839.685546875,21000.76046,22634.79296875,21146.76806,22743.3671875,21463.11787,22791.240234375,21639.54373,22551.814453125,21858.55513,22500.88671875,21919.39163
2017-05-16 11:10:00,22731.521484375,21146.76806,22538.4375,21463.11787,22661.6953125,21639.54373,22712.814453125,21858.55513,22489.900390625,21919.39163,22457.001953125,22783.26996
2017-05-16 11:20:00,22671.921875,21463.11787,22478.046875,21639.54373,22611.48046875,21858.55513,22662.181640625,21919.39163,22481.1015625,22783.26996,22438.251953125,23215.20913
2017-05-16 11:30:00,22553.515625,21639.54373,22380.8984375,21858.55513,22537.3515625,21919.39163,22593.92578125,22783.26996,22429.2890625,23215.20913,22415.205078125,23294.29658
2017-05-16 11:40:00,22525.701171875,21858.55513,22364.107421875,21919.39163,22524.583984375,22783.26996,22589.31640625,23215.20913,22472.595703125,23294.29658,22453.888671875,23452.47148
2017-05-16 11:50:00,22468.466796875,21919.39163,22323.005859375,22783.26996,22501.150390625,23215.20913,22578.115234375,23294.29658,22491.435546875,23452.47148,22486.70703125,23519.39163
2017-05-16 12:00:00,22454.357421875,22783.26996,22324.013671875,23215.20913,22504.185546875,23294.29658,22607.484375,23452.47148,22560.478515625,23519.39163,22574.7109375,23568.06084
2017-05-16 12:10:00,22502.2890625,23215.20913,22395.05859375,23294.29658,22617.0859375,23452.47148,22750.802734375,23519.39163,22728.220703125,23568.06084,22756.02734375,23342.96578
2017-05-16 12:20:00,22492.01171875,23294.29658,22391.828125,23452.47148,22652.419921875,23519.39163,22796.26953125,23568.06084,22818.3515625,23342.96578,22845.060546875,23203.04183
2017-05-16 12:30:00,22582.0546875,23452.47148,22511.2734375,23519.39163,22811.37109375,23568.06084,23000.0859375,23342.96578,23038.03515625,23203.04183,23100.38671875,23154.37262
2017-05-16 12:40:00,22644.544921875,23519.39163,22595.11328125,23568.06084,22941.40625,23342.96578,23149.48828125,23203.04183,23218.82421875,23154.37262,23277.576171875,22996.19772
2017-05-16 12:50:00,22793.580078125,23568.06084,22792.79296875,23342.96578,23189.232421875,23203.04183,23421.98046875,23154.37262,23518.439453125,22996.19772,23626.27734375,22825.85551
2017-05-16 13:00:00,23101.44140625,23342.96578,23175.34765625,23203.04183,23580.193359375,23154.37262,23870.83984375,22996.19772,24001.9375,22825.85551,24160.728515625,22716.34981
2017-05-16 13:10:00,23411.494140625,23203.04183,23515.775390625,23154.37262,23983.26953125,22996.19772,24272.81640625,22825.85551,24439.83984375,22716.34981,24644.7578125,22345.24715
2017-05-16 13:20:00,23762.810546875,23154.37262,23937.982421875,22996.19772,24409.6875,22825.85551,24757.5,22716.34981,24938.37109375,22345.24715,25203.0078125,22941.44487
2017-05-16 13:30:00,24200.931640625,22996.19772,24420.22265625,22825.85551,24920.802734375,22716.34981,25280.17578125,22345.24715,25483.751953125,22941.44487,25781.1484375,23507.22433
2017-05-16 13:40:00,24516.515625,22825.85551,24754.908203125,22716.34981,25240.134765625,22345.24715,25638.51171875,22941.44487,25872.240234375,23507.22433,26182.509765625,24431.93916
2017-05-16 13:50:00,24888.3046875,22716.34981,25172.67578125,22345.24715,25669.697265625,22941.44487,26078.521484375,23507.22433,26324.998046875,24431.93916,26661.078125,24821.29278
2017-05-16 14:00:00,25219.931640625,22345.24715,25512.19921875,22941.44487,25987.970703125,23507.22433,26398.427734375,24431.93916,26685.935546875,24821.29278,27020.259765625,25393.15589
2017-05-16 14:10:00,25637.421875,22941.44487,25935.404296875,23507.22433,26379.275390625,24431.93916,26783.5546875,24821.29278,27074.201171875,25393.15589,27419.681640625,26013.68821
2017-05-16 14:20:00,25870.826171875,23507.22433,26179.685546875,24431.93916,26614.759765625,24821.29278,27015.71484375,25393.15589,27324.388671875,26013.68821,27653.79296875,26500.38023
2017-05-16 14:30:00,26136.9765625,24431.93916,26427.85546875,24821.29278,26847.876953125,25393.15589,27253.001953125,26013.68821,27586.119140625,26500.38023,27886.380859375,27078.327
2017-05-16 14:40:00,26629.5,24821.29278,26924.984375,25393.15589,27315.6640625,26013.68821,27720.83203125,26500.38023,28040.509765625,27078.327,28314.30078125,27358.1749
2017-05-16 14:50:00,26992.35546875,25393.15589,27270.0546875,26013.68821,27620.142578125,26500.38023,28026.1328125,27078.327,28348.76171875,27358.1749,28580.998046875,27656.27376
2017-05-16 15:00:00,27441.900390625,26013.68821,27709.60546875,26500.38023,28041.517578125,27078.327,28446.576171875,27358.1749,28765.927734375,27656.27376,28971.361328125,26780.22814
2017-05-16 15:10:00,27863.8515625,26500.38023,28099.4765625,27078.327,28421.494140625,27358.1749,28823.671875,27656.27376,29111.1640625,26780.22814,29294.822265625,28136.88213
2017-05-16 15:20:00,28234.69921875,27078.327,28472.86328125,27358.1749,28784.126953125,27656.27376,29176.392578125,26780.22814,29458.8515625,28136.88213,29621.216796875,28994.67681
2017-05-16 15:30:00,28803.37890625,27358.1749,29016.04296875,27656.27376,29320.408203125,26780.22814,29697.666015625,28136.88213,29947.900390625,28994.67681,30093.54296875,29384.03042
2017-05-16 15:40:00,29253.146484375,27656.27376,29447.814453125,26780.22814,29745.611328125,28136.88213,30119.09375,28994.67681,30324.09765625,29384.03042,30454.830078125,29919.39163
2017-05-16 15:50:00,29678.302734375,26780.22814,29824.728515625,28136.88213,30114.25390625,28994.67681,30475.7578125,29384.03042,30621.8671875,29919.39163,30737.052734375,30272.24335
2017-05-16 16:00:00,30091.109375,28136.88213,30213.076171875,28994.67681,30498.24609375,29384.03042,30839.81640625,29919.39163,30938.013671875,30272.24335,31046.42578125,30698.09886
2017-05-16 16:10:00,30292.962890625,28994.67681,30376.732421875,29384.03042,30627.62109375,29919.39163,30945.203125,30272.24335,31016.705078125,30698.09886,31099.83984375,31233.46008
2017-05-16 16:20:00,30608.845703125,29384.03042,30665.58984375,29919.39163,30905.583984375,30272.24335,31218.390625,30698.09886,31240.349609375,31233.46008,31314.865234375,31549.80989
2017-05-16 16:30:00,30860.953125,29919.39163,30861.484375,30272.24335,31097.216796875,30698.09886,31367.953125,31233.46008,31354.541015625,31549.80989,31417.1953125,31902.6616
2017-05-16 16:40:00,31109.462890625,30272.24335,31086.162109375,30698.09886,31297.341796875,31233.46008,31558.28515625,31549.80989,31496.6875,31902.6616,31551.84375,32158.1749
2017-05-16 16:50:00,31297.732421875,30698.09886,31260.123046875,31233.46008,31453.814453125,31549.80989,31700.734375,31902.6616,31624.16015625,32158.1749,31668.64453125,32596.19772
2017-05-16 17:00:00,31618.056640625,31233.46008,31595.119140625,31549.80989,31759.419921875,31902.6616,31974.603515625,32158.1749,31863.09375,32596.19772,31918.890625,32803.04183
2017-05-16 17:10:00,31800.291015625,31549.80989,31758.95703125,31902.6616,31897.34375,32158.1749,32120.388671875,32596.19772,32008.365234375,32803.04183,32065.10546875,32863.87833
2017-05-16 17:20:00,32024.013671875,31902.6616,31967.376953125,32158.1749,32095.27734375,32596.19772,32277.0625,32803.04183,32127.076171875,32863.87833,32202.251953125,32936.88213
2017-05-16 17:30:00,32244.0546875,32158.1749,32179.900390625,32596.19772,32304.888671875,32803.04183,32470.919921875,32863.87833,32307.984375,32936.88213,32400.265625,33314.06844
2017-05-16 17:40:00,32445.6328125,32596.19772,32353.234375,32803.04183,32481.080078125,32863.87833,32633.787109375,32936.88213,32422.15234375,33314.06844,32531.29296875,33569.58175
2017-05-16 17:50:00,32643.150390625,32803.04183,32535.48046875,32863.87833,32683.21484375,32936.88213,32811.83984375,33314.06844,32556.20703125,33569.58175,32698.0625,33776.42586
2017-05-16 18:00:00,32859.15625,32863.87833,32750.1875,32936.88213,32873.1328125,33314.06844,32973.49609375,33569.58175,32695.85546875,33776.42586,32834.29296875,33606.08365
2017-05-16 18:10:00,32972.15234375,32936.88213,32852.4765625,33314.06844,32952.67578125,33569.58175,33040.70703125,33776.42586,32764.97265625,33606.08365,32906.15234375,34104.94297
2017-05-16 18:20:00,33102.77734375,33314.06844,32984.83203125,33569.58175,33048.7890625,33776.42586,33122.28515625,33606.08365,32826.63671875,34104.94297,32972.0234375,34360.45627
2017-05-16 18:30:00,33216.40234375,33569.58175,33093.453125,33776.42586,33157.3125,33606.08365,33219.62109375,34104.94297,32907.91796875,34360.45627,33061.65234375,34482.12928
2017-05-16 18:40:00,33315.765625,33776.42586,33188.859375,33606.08365,33219.1640625,34104.94297,33263.44921875,34360.45627,32936.21875,34482.12928,33090.17578125,34433.46008
2017-05-16 18:50:00,33430.890625,33606.08365,33295.85546875,34104.94297,33332.32421875,34360.45627,33353.8671875,34482.12928,33026.5078125,34433.46008,33200.21484375,32973.38403
2017-05-16 19:00:00,33511.3046875,34104.94297,33374.46875,34360.45627,33380.2109375,34482.12928,33384.86328125,34433.46008,33053.67578125,32973.38403,33228.84765625,32109.5057
2017-05-16 19:10:00,33522.84375,34360.45627,33358.9921875,34482.12928,33378.01953125,34433.46008,33365.046875,32973.38403,33016.0625,32109.5057,33213.390625,31683.65019
2017-05-16 19:20:00,33602.6015625,34482.12928,33433.05078125,34433.46008,33438.33203125,32973.38403,33405.96484375,32109.5057,33044.3359375,31683.65019,33238.703125,32036.5019
2017-05-16 19:30:00,33692.6171875,34433.46008,33509.55078125,32973.38403,33519.078125,32109.5057,33474.171875,31683.65019,33116.30859375,32036.5019,33313.95703125,32985.55133
2017-05-16 19:40:00,33734.29296875,32973.38403,33547.09375,32109.5057,33530.02734375,31683.65019,33472.7421875,32036.5019,33111.20703125,32985.55133,33308.92578125,33569.58175
2017-05-16 19:50:00,33760.0625,32109.5057,33546.3359375,31683.65019,33526.26171875,32036.5019,33447.828125,32985.55133,33089.91796875,33569.58175,33287.140625,33569.58175
2017-05-16 20:00:00,33735.58984375,31683.65019,33502.78125,32036.5019,33452.48828125,32985.55133,33358.046875,33569.58175,33011.66015625,33569.58175,33202.75390625,33715.58935
2017-05-16 20:10:00,33698.5078125,32036.5019,33443.08203125,32985.55133,33393.52734375,33569.58175,33280.87890625,33569.58175,32940.96875,33715.58935,33151.19140625,33374.90494
2017-05-16 20:20:00,33518.3125,32985.55133,33240.80078125,33569.58175,33165.875,33569.58175,33033.95703125,33715.58935,32706.6484375,33374.90494,32933.515625,33374.90494
2017-05-16 20:30:00,33352.3515625,33569.58175,33059.12890625,33569.58175,32993.44921875,33715.58935,32849.48046875,33374.90494,32523.072265625,33374.90494,32787.7734375,33216.73004
2017-05-16 20:40:00,33178.66796875,33569.58175,32875.04296875,33715.58935,32789.7421875,33374.90494,32634.86328125,33374.90494,32346.69140625,33216.73004,32615.30859375,33387.07224
2017-05-16 20:50:00,33024.75,33715.58935,32720.408203125,33374.90494,32645.16015625,33374.90494,32486.00390625,33216.73004,32216.392578125,33387.07224,32516.865234375,33180.22814
2017-05-16 21:00:00,32910.5390625,33374.90494,32605.92578125,33374.90494,32537.759765625,33216.73004,32384.25,33387.07224,32137.4296875,33180.22814,32453.056640625,32912.54753
2017-05-16 21:10:00,32757.53515625,33374.90494,32469.271484375,33216.73004,32419.15234375,33387.07224,32288.15234375,33180.22814,32071.359375,32912.54753,32431.568359375,32328.51711
2017-05-16 21:20:00,32644.0859375,33216.73004,32359.515625,33387.07224,32328.03125,33180.22814,32230.1796875,32912.54753,32045.138671875,32328.51711,32436.015625,31951.3308
2017-05-16 21:30:00,32537.337890625,33387.07224,32262.861328125,33180.22814,32266.10546875,32912.54753,32215.359375,32328.51711,32056.30859375,31951.3308,32493.822265625,32121.673
2017-05-16 21:40:00,32436.4609375,33180.22814,32166.033203125,32912.54753,32188.0078125,32328.51711,32178.5234375,31951.3308,32067.265625,32121.673,32528.787109375,32133.8403
2017-05-16 21:50:00,32447.79296875,32912.54753,32205.318359375,32328.51711,32261.9140625,31951.3308,32316.5,32121.673,32253.310546875,32133.8403,32743.14453125,32438.02281
2017-05-16 22:00:00,32474.986328125,32328.51711,32257.201171875,31951.3308,32332.5390625,32121.673,32454.837890625,32133.8403,32449.29296875,32438.02281,32946.30078125,32924.71483
2017-05-16 22:10:00,32441.755859375,31951.3308,32248.37890625,32121.673,32352.0390625,32133.8403,32536.310546875,32438.02281,32565.884765625,32924.71483,33091.21484375,33143.72624
2017-05-16 22:20:00,32653.662109375,32121.673,32487.1875,32133.8403,32613.38671875,32438.02281,32883.18359375,32924.71483,32975.5625,33143.72624,33499.859375,33849.42966
2017-05-16 22:30:00,32826.64453125,32133.8403,32698.791015625,32438.02281,32877.03515625,32924.71483,33239.5625,33143.72624,33426.49609375,33849.42966,33971.08984375,34445.62738
2017-05-16 22:40:00,32910.44140625,32438.02281,32849.6953125,32924.71483,33090.296875,33143.72624,33560.109375,33849.42966,33829.64453125,34445.62738,34437.7578125,36538.40304
2017-05-16 22:50:00,33157.35546875,32924.71483,33108.58203125,33143.72624,33386.96875,33849.42966,33955.5078125,34445.62738,34285.5625,36538.40304,34908.07421875,39069.20152
2017-05-16 23:00:00,33482.859375,33143.72624,33481.40625,33849.42966,33822.73046875,34445.62738,34472.5234375,36538.40304,34910.140625,39069.20152,35559.5234375,40614.44867
2017-05-16 23:10:00,34055.375,33849.42966,34104.75390625,34445.62738,34530.7578125,36538.40304,35297.5859375,39069.20152,35878.41796875,40614.44867,36582.3359375,41149.80989
2017-05-16 23:20:00,34808.88671875,34445.62738,34901.453125,36538.40304,35407.8125,39069.20152,36255.578125,40614.44867,36962.91015625,41149.80989,37677.453125,40894.29658
2017-05-16 23:30:00,35911.4453125,36538.40304,36043.8671875,39069.20152,36638.05859375,40614.44867,37533.15234375,41149.80989,38343.9453125,40894.29658,39025.29296875,40833.46008
2017-05-16 23:40:00,37059.45703125,39069.20152,37286.7421875,40614.44867,37942.7890625,41149.80989,38844.80078125,40894.29658,39691.58203125,40833.46008,40323.15625,40869.96198
2017-05-16 23:50:00,38501.1015625,40614.44867,38816.97265625,41149.80989,39431.21484375,40894.29658,40172.765625,40833.46008,40982.40625,40869.96198,41394.50390625,40857.79468
2017-05-17 00:00:00,39469.98828125,41149.80989,39817.8359375,40894.29658,40313.52734375,40833.46008,40746.84375,40869.96198,41423.1796875,40857.79468,41578.85546875,40918.63118
2017-05-17 00:10:00,40009.33984375,40894.29658,40351.98828125,40833.46008,40664.328125,40869.96198,40790.2421875,40857.79468,41311.21875,40918.63118,41290.71484375,40784.79087
2017-05-17 00:20:00,40168.4375,40833.46008,40491.46484375,40869.96198,40663.02734375,40857.79468,40573.7109375,40918.63118,41010.09765625,40784.79087,40864.6640625,40577.94677
2017-05-17 00:30:00,40230.99609375,40869.96198,40547.921875,40857.79468,40632.01953125,40918.63118,40423.44140625,40784.79087,40786.48828125,40577.94677,40579.8125,40918.63118
2017-05-17 00:40:00,40224.15625,40857.79468,40520.8984375,40918.63118,40559.69140625,40784.79087,40282.58984375,40577.94677,40576.9609375,40918.63118,40331.05859375,40565.77947
2017-05-17 00:50:00,40329.92578125,40918.63118,40601.0625,40784.79087,40612.3515625,40577.94677,40294.3046875,40918.63118,40518.9921875,40565.77947,40252.046875,40322.43346
2017-05-17 01:00:00,40346.57421875,40784.79087,40579.3125,40577.94677,40572.0,40918.63118,40223.0625,40565.77947,40391.54296875,40322.43346,40100.828125,40200.76046
2017-05-17 01:10:00,40448.84375,40577.94677,40638.40234375,40918.63118,40612.9140625,40565.77947,40248.81640625,40322.43346,40353.91015625,40200.76046,40053.12109375,40054.75285
2017-05-17 01:20:00,40447.02734375,40918.63118,40589.71875,40565.77947,40552.59765625,40322.43346,40167.5234375,40200.76046,40228.46484375,40054.75285,39926.42578125,39835.74144
2017-05-17 01:30:00,40481.765625,40565.77947,40573.3046875,40322.43346,40522.05859375,40200.76046,40119.19921875,40054.75285,40125.73046875,39835.74144,39824.41015625,40212.92776
2017-05-17 01:40:00,40426.0625,40322.43346,40452.5234375,40200.76046,40389.9921875,40054.75285,39968.12890625,39835.74144,39926.765625,40212.92776,39616.96875,39969.58175
2017-05-17 01:50:00,40364.7109375,40200.76046,40339.7421875,40054.75285,40257.92578125,39835.74144,39819.9296875,40212.92776,39727.8984375,39969.58175,39405.34765625,39543.72624
2017-05-17 02:00:00,40207.8359375,40054.75285,40115.84375,39835.74144,40014.7421875,40212.92776,39543.3515625,39969.58175,39418.8984375,39543.72624,39100.33203125,39385.55133
2017-05-17 02:10:00,40040.88671875,39835.74144,39892.23046875,40212.92776,39765.60546875,39969.58175,39272.48046875,39543.72624,39123.828125,39385.55133,38796.65234375,39105.70342
2017-05-17 02:20:00,39783.94140625,40212.92776,39559.07421875,39969.58175,39416.87890625,39543.72624,38888.05859375,39385.55133,38715.75,39105.70342,38385.63671875,38168.82129
2017-05-17 02:30:00,39532.2890625,39969.58175,39241.078125,39543.72624,39076.90625,39385.55133,38530.01171875,39105.70342,38327.953125,38168.82129,37968.3203125,37864.63878
2017-05-17 02:40:00,39223.32421875,39543.72624,38862.7109375,39385.55133,38675.58203125,39105.70342,38102.609375,38168.82129,37864.5234375,37864.63878,37483.95703125,37596.95817
2017-05-17 02:50:00,38936.5078125,39385.55133,38524.10546875,39105.70342,38310.66015625,38168.82129,37714.1875,37864.63878,37446.61328125,37596.95817,37056.25390625,36964.25856
2017-05-17 03:00:00,38649.62890625,39105.70342,38184.2890625,38168.82129,37937.94140625,37864.63878,37320.65625,37596.95817,37038.84375,36964.25856,36600.98046875,36538.40304
2017-05-17 03:10:00,38302.4140625,38168.82129,37786.30859375,37864.63878,37513.8671875,37596.95817,36875.51171875,36964.25856,36551.15234375,36538.40304,36099.10546875,35966.53992
2017-05-17 03:20:00,37994.66015625,37864.63878,37438.71484375,37596.95817,37133.86328125,36964.25856,36488.73046875,36538.40304,36141.91015625,35966.53992,35639.890625,35479.84791
2017-05-17 03:30:00,37609.80078125,37596.95817,37009.53125,36964.25856,36669.91796875,36538.40304,36013.62109375,35966.53992,35613.54296875,35479.84791,35112.22265625,34713.30798
2017-05-17 03:40:00,37238.3203125,36964.25856,36606.92578125,36538.40304,36215.5546875,35966.53992,35554.61328125,35479.84791,35120.0234375,34713.30798,34584.11328125,34044.10646
2017-05-17 03:50:00,36743.18359375,36538.40304,36079.2109375,35966.53992,35642.203125,35479.84791,34974.3359375,34713.30798,34480.68359375,34044.10646,33925.84765625,33277.56654
2017-05-17 04:00:00,36179.12109375,35966.53992,35495.8359375,35479.84791,35009.875,34713.30798,34334.44140625,34044.10646,33808.7734375,33277.56654,33209.0390625,32851.71103
2017-05-17 04:10:00,35629.59765625,35479.84791,34916.0,34713.30798,34378.20703125,34044.10646,33712.765625,33277.56654,33135.72265625,32851.71103,32502.26171875,32146.0076
2017-05-17 04:20:00,35088.1953125,34713.30798,34355.59375,34044.10646,33792.07421875,33277.56654,33115.37109375,32851.71103,32519.783203125,32146.0076,31855.7109375,31209.12548
2017-05-17 04:30:00,34436.234375,34044.10646,33676.70703125,33277.56654,33079.44140625,32851.71103,32403.9765625,32146.0076,31788.109375,31209.12548,31097.865234375,30418.25095
2017-05-17 04:40:00,33841.19140625,33277.56654,33075.890625,32851.71103,32450.5234375,32146.0076,31776.751953125,31209.12548,31182.609375,30418.25095,30446.1953125,29676.04563
2017-05-17 04:50:00,33020.05078125,32851.71103,32229.369140625,32146.0076,31598.26171875,31209.12548,30929.95703125,30418.25095,30369.6796875,29676.04563,29585.548828125,28824.3346
2017-05-17 05:00:00,32327.029296875,32146.0076,31515.16015625,31209.12548,30910.53515625,30418.25095,30235.501953125,29676.04563,29717.779296875,28824.3346,28892.287109375,28179.46768
2017-05-17 05:10:00,31508.220703125,31209.12548,30690.32421875,30418.25095,30086.240234375,29676.04563,29424.5546875,28824.3346,28956.421875,28179.46768,28116.453125,27546.76806
2017-05-17 05:20:00,30846.681640625,30418.25095,30007.12890625,29676.04563,29446.912109375,28824.3346,28794.265625,28179.46768,28379.376953125,27546.76806,27533.396484375,26853.23194
2017-05-17 05:30:00,30107.4296875,29676.04563,29273.248046875,28824.3346,28728.798828125,28179.46768,28108.484375,27546.76806,27730.431640625,26853.23194,26926.138671875,26390.87452
2017-05-17 05:40:00,29513.275390625,28824.3346,28655.599609375,28179.46768,28172.404296875,27546.76806,27578.267578125,26853.23194,27224.90234375,26390.87452,26454.35546875,25733.8403
2017-05-17 05:50:00,28874.14453125,28179.46768,28020.630859375,27546.76806,27580.326171875,26853.23194,26993.734375,26390.87452,26672.26171875,25733.8403,25940.2421875,24955.13308
2017-05-17 06:00:00,28366.33203125,27546.76806,27507.134765625,26853.23194,27132.251953125,26390.87452,26579.63671875,25733.8403,26256.583984375,24955.13308,25562.537109375,24590.11407
2017-05-17 06:10:00,27822.09375,26853.23194,26971.982421875,26390.87452,26632.515625,25733.8403,26108.310546875,24955.13308,25787.24609375,24590.11407,25151.251953125,24188.59316
2017-05-17 06:20:00,27285.896484375,26390.87452,26473.513671875,25733.8403,26183.560546875,24955.13308,25670.29296875,24590.11407,25380.236328125,24188.59316,24754.529296875,23665.39924
2017-05-17 06:30:00,26714.509765625,25733.8403,25947.904296875,24955.13308,25679.173828125,24590.11407,25196.52734375,24188.59316,24939.849609375,23665.39924,24351.708984375,23239.54373
2017-05-17 06:40:00,26317.228515625,24955.13308,25570.982421875,24590.11407,25358.3203125,24188.59316,24872.822265625,23665.39924,24638.625,23239.54373,24068.818359375,22911.02662
2017-05-17 06:50:00,25905.052734375,24590.11407,25220.474609375,24188.59316,25021.75,23665.39924,24569.037109375,23239.54373,24363.390625,22911.02662,23821.349609375,22692.01521
2017-05-17 07:00:00,25553.37109375,24188.59316,24925.31640625,23665.39924,24745.302734375,23239.54373,24319.265625,22911.02662,24127.357421875,22692.01521,23613.84375,22400.0
2017-05-17 07:10:00,25215.130859375,23665.39924,24653.154296875,23239.54373,24475.689453125,22911.02662,24092.37109375,22692.01521,23907.365234375,22400.0,23431.0625,22059.31559
2017-05-17 07:20:00,24930.81640625,23239.54373,24424.271484375,22911.02662,24251.107421875,22692.01521,23907.03125,22400.0,23721.556640625,22059.31559,23281.134765625,21767.30038
2017-05-17 07:30:00,24670.279296875,22911.02662,24209.328125,22692.01521,24058.13671875,22400.0,23735.435546875,22059.31559,23565.142578125,21767.30038,23168.826171875,21621.29278
2017-05-17 07:40:00,24435.81640625,22692.01521,24031.5390625,22400.0,23889.99609375,22059.31559,23596.978515625,21767.30038,23424.46875,21621.29278,23065.537109375,21560.45627
2017-05-17 07:50:00,24213.23046875,22400.0,23857.6015625,22059.31559,23737.638671875,21767.30038,23455.7109375,21621.29278,23293.078125,21560.45627,22972.95703125,21450.95057
2017-05-17 08:00:00,24016.662109375,22059.31559,23699.48828125,21767.30038,23590.029296875,21621.29278,23349.666015625,21560.45627,23167.466796875,21450.95057,22889.560546875,21256.27376
2017-05-17 08:10:00,23841.671875,21767.30038,23549.36328125,21621.29278,23459.83984375,21560.45627,23245.361328125,21450.95057,23082.51171875,21256.27376,22827.92578125,21134.60076
2017-05-17 08:20:00,23698.91015625,21621.29278,23426.37890625,21560.45627,23350.962890625,21450.95057,23164.666015625,21256.27376,22983.087890625,21134.60076,22787.693359375,21061.59696
2017-05-17 08:30:00,23581.625,21560.45627,23347.38671875,21450.95057,23278.259765625,21256.27376,23120.443359375,21134.60076,22930.642578125,21061.59696,22775.81640625,20769.58175
2017-05-17 08:40:00,23479.439453125,21450.95057,23253.591796875,21256.27376,23190.25,21134.60076,23065.845703125,21061.59696,22858.06640625,20769.58175,22739.2578125,20733.07985
2017-05-17 08:50:00,23352.970703125,21256.27376,23156.142578125,21134.60076,23104.8515625,21061.59696,22990.673828125,20769.58175,22775.31640625,20733.07985,22687.931640625,20733.07985
2017-05-17 09:00:00,23266.708984375,21134.60076,23086.822265625,21061.59696,23045.916015625,20769.58175,22938.232421875,20733.07985,22709.998046875,20733.07985,22660.388671875,20903.42205
2017-05-17 09:10:00,23157.27734375,21061.59696,22986.78125,20769.58175,22962.056640625,20733.07985,22870.595703125,20733.07985,22617.27734375,20903.42205,22591.173828125,20830.41825
2017-05-17 09:20:00,23079.306640625,20769.58175,22905.89453125,20733.07985,22895.81640625,20733.07985,22807.541015625,20903.42205,22544.89453125,20830.41825,22541.328125,20696.57795
2017-05-17 09:30:00,22990.87890625,20733.07985,22829.314453125,20733.07985,22830.7734375,20903.42205,22751.568359375,20830.41825,22468.693359375,20696.57795,22477.990234375,20733.07985
2017-05-17 09:40:00,22919.828125,20733.07985,22760.150390625,20903.42205,22775.3203125,20830.41825,22701.3359375,20696.57795,22414.478515625,20733.07985,22433.9453125,20733.07985
2017-05-17 09:50:00,22846.068359375,20903.42205,22676.599609375,20830.41825,22703.18359375,20696.57795,22646.703125,20733.07985,22329.517578125,20733.07985,22371.17578125,20781.74905
2017-05-17 10:00:00,22776.66015625,20830.41825,22598.169921875,20696.57795,22645.533203125,20733.07985,22588.23046875,20733.07985,22276.466796875,20781.74905,22314.3046875,20489.73384
2017-05-17 10:10:00,22718.296875,20696.57795,22532.861328125,20733.07985,22590.919921875,20733.07985,22536.513671875,20781.74905,22215.064453125,20489.73384,22266.75,20514.06844
2017-05-17 10:20:00,22621.642578125,20733.07985,22444.05078125,20733.07985,22507.30078125,20781.74905,22456.828125,20489.73384,22137.5859375,20514.06844,22200.453125,20647.90875
2017-05-17 10:30:00,22543.87109375,20733.07985,22363.673828125,20781.74905,22440.310546875,20489.73384,22391.9453125,20514.06844,22080.263671875,20647.90875,22139.12109375,20939.92395
2017-05-17 10:40:00,22476.689453125,20781.74905,22296.4609375,20489.73384,22383.15234375,20514.06844,22331.171875,20647.90875,22034.9453125,20939.92395,22100.080078125,21098.09886
2017-05-17 10:50:00,22390.30078125,20489.73384,22219.787109375,20514.06844,22322.291015625,20647.90875,22270.537109375,20939.92395,21995.060546875,21098.09886,22054.388671875,21292.77567
2017-05-17 11:00:00,22287.890625,20514.06844,22123.8515625,20647.90875,22235.98828125,20939.92395,22189.3046875,21098.09886,21926.875,21292.77567,21994.99609375,21268.44106
2017-05-17 11:10:00,22185.33203125,20647.90875,22030.697265625,20939.92395,22150.765625,21098.09886,22100.0234375,21292.77567,21859.138671875,21268.44106,21950.388671875,22083.65019
2017-05-17 11:20:00,22075.43359375,20939.92395,21932.6796875,21098.09886,22053.455078125,21292.77567,22011.884765625,21268.44106,21783.76171875,22083.65019,21903.666015625,22570.34221
2017-05-17 11:30:00,22013.5,21098.09886,21883.765625,21292.77567,22016.541015625,21268.44106,22001.95703125,22083.65019,21801.93359375,22570.34221,21922.912109375,22497.3384
2017-05-17 11:40:00,21944.763671875,21292.77567,21804.736328125,21268.44106,21939.298828125,22083.65019,21942.947265625,22570.34221,21777.517578125,22497.3384,21913.244140625,22570.34221
2017-05-17 11:50:00,21867.994140625,21268.44106,21748.228515625,22083.65019,21890.90625,22570.34221,21923.66015625,22497.3384,21784.74609375,22570.34221,21950.2890625,22862.35741
2017-05-17 12:00:00,21861.06640625,22083.65019,21755.3515625,22570.34221,21903.244140625,22497.3384,21967.6640625,22570.34221,21880.78515625,22862.35741,22043.4140625,23227.37643
2017-05-17 12:10:00,21845.099609375,22570.34221,21739.92578125,22497.3384,21921.720703125,22570.34221,22026.689453125,22862.35741,21971.45703125,23227.37643,22151.849609375,23093.53612
2017-05-17 12:20:00,21858.26171875,22497.3384,21771.447265625,22570.34221,21962.8203125,22862.35741,22116.21484375,23227.37643,22112.5703125,23093.53612,22312.12109375,22740.68441
2017-05-17 12:30:00,21928.97265625,22570.34221,21865.837890625,22862.35741,22102.298828125,23227.37643,22292.96484375,23093.53612,22319.904296875,22740.68441,22527.609375,22959.69582
2017-05-17 12:40:00,22002.18359375,22862.35741,21960.669921875,23227.37643,22208.45703125,23093.53612,22440.7890625,22740.68441,22506.541015625,22959.69582,22734.744140625,23324.71483
2017-05-17 12:50:00,22134.390625,23227.37643,22124.01171875,23093.53612,22419.646484375,22740.68441,22705.875,22959.69582,22800.513671875,23324.71483,23060.615234375,23397.71863
2017-05-17 13:00:00,22329.453125,23093.53612,22349.12109375,22740.68441,22679.244140625,22959.69582,23001.552734375,23324.71483,23123.32421875,23397.71863,23400.240234375,23057.03422
2017-05-17 13:10:00,22681.298828125,22740.68441,22767.21484375,22959.69582,23139.630859375,23324.71483,23516.9921875,23397.71863,23681.900390625,23057.03422,23990.08984375,23008.36502
2017-05-17 13:20:00,23014.373046875,22959.69582,23128.390625,23324.71483,23509.84765625,23397.71863,23915.509765625,23057.03422,24101.041015625,23008.36502,24444.18359375,23482.88973
2017-05-17 13:30:00,23387.474609375,23324.71483,23551.8203125,23397.71863,23960.68359375,23057.03422,24391.09765625,23008.36502,24596.98046875,23482.88973,24965.85546875,24115.58935
2017-05-17 13:40:00,23767.138671875,23397.71863,23979.767578125,23057.03422,24384.78515625,23008.36502,24838.767578125,23482.88973,25064.724609375,24115.58935,25446.1640625,24407.60456
2017-05-17 13:50:00,24177.048828125,23057.03422,24410.35546875,23008.36502,24809.201171875,23482.88973,25270.228515625,24115.58935,25524.74609375,24407.60456,25913.935546875,25551.3308
2017-05-17 14:00:00,24615.142578125,23008.36502,24894.173828125,23482.88973,25275.04296875,24115.58935,25760.666015625,24407.60456,26025.96484375,25551.3308,26420.5859375,25831.17871
2017-05-17 14:10:00,24877.607421875,23482.88973,25150.953125,24115.58935,25513.306640625,24407.60456,25973.556640625,25551.3308,26259.94921875,25831.17871,26634.47265625,26281.36882
2017-05-17 14:20:00,25046.283203125,24115.58935,25301.74609375,24407.60456,25669.455078125,25551.3308,26120.740234375,25831.17871,26434.1875,26281.36882,26841.75,26962.73764
2017-05-17 14:30:00,25333.2890625,24407.60456,25597.787109375,25551.3308,25980.251953125,25831.17871,26397.845703125,26281.36882,26702.7890625,26962.73764,27081.86328125,27619.77186
2017-05-17 14:40:00,25925.498046875,25551.3308,26261.431640625,25831.17871,26575.21875,26281.36882,27015.552734375,26962.73764,27356.580078125,27619.77186,27718.935546875,28252.47148
2017-05-17 14:50:00,26330.0,25831.17871,26629.2421875,26281.36882,26918.484375,26962.73764,27321.08984375,27619.77186,27656.90234375,28252.47148,27963.47265625,28666.1597
2017-05-17 15:00:00,26807.25,26281.36882,27139.595703125,26962.73764,27370.09765625,27619.77186,27808.353515625,28252.47148,28143.025390625,28666.1597,28468.05859375,29067.68061
2017-05-17 15:10:00,27300.83203125,26962.73764,27591.162109375,27619.77186,27823.994140625,28252.47148,28227.958984375,28666.1597,28554.71484375,29067.68061,28783.416015625,29177.18631
2017-05-17 15:20:00,27950.53125,27619.77186,28238.2265625,28252.47148,28420.30859375,28666.1597,28821.056640625,29067.68061,29120.84765625,29177.18631,29345.87890625,29371.86312
2017-05-17 15:30:00,28482.880859375,28252.47148,28708.470703125,28666.1597,28927.076171875,29067.68061,29334.26171875,29177.18631,29592.84375,29371.86312,29763.873046875,30016.73004
2017-05-17 15:40:00,28943.310546875,28666.1597,29128.2734375,29067.68061,29283.796875,29177.18631,29667.037109375,29371.86312,29879.9375,30016.73004,30026.443359375,30880.60837
2017-05-17 15:50:00,29411.001953125,29067.68061,29564.92578125,29177.18631,29768.455078125,29371.86312,30132.69921875,30016.73004,30276.52734375,30880.60837,30419.78515625,31148.28897
2017-05-17 16:00:00,29892.650390625,29177.18631,30024.21875,29371.86312,30194.474609375,30016.73004,30544.970703125,30880.60837,30664.08984375,31148.28897,30756.6796875,31525.47529
2017-05-17 16:10:00,30255.24609375,29371.86312,30350.6953125,30016.73004,30524.376953125,30880.60837,30868.203125,31148.28897,30940.591796875,31525.47529,31011.33984375,32462.35741
2017-05-17 16:20:00,30649.693359375,30016.73004,30694.380859375,30880.60837,30825.353515625,31148.28897,31144.18359375,31525.47529,31193.521484375,32462.35741,31259.56640625,32474.52471
2017-05-17 16:30:00,30891.146484375,30880.60837,30931.1484375,31148.28897,31047.572265625,31525.47529,31322.134765625,32462.35741,31344.966796875,32474.52471,31385.451171875,33180.22814
2017-05-17 16:40:00,31320.34765625,31148.28897,31339.0234375,31525.47529,31429.00390625,32462.35741,31682.900390625,32474.52471,31671.265625,33180.22814,31727.650390625,33679.08745
2017-05-17 16:50:00,31530.857421875,31525.47529,31549.330078125,32462.35741,31648.00390625,32474.52471,31873.130859375,33180.22814,31793.90625,33679.08745,31849.029296875,33885.93156
2017-05-17 17:00:00,31940.13671875,32462.35741,31931.787109375,32474.52471,31999.68359375,33180.22814,32187.087890625,33679.08745,32093.359375,33885.93156,32156.12109375,34384.79087
2017-05-17 17:10:00,32100.78125,32474.52471,32078.833984375,33180.22814,32140.208984375,33679.08745,32301.66015625,33885.93156,32189.044921875,34384.79087,32228.40625,34445.62738
2017-05-17 17:20:00,32463.66015625,33180.22814,32421.232421875,33679.08745,32448.84375,33885.93156,32588.880859375,34384.79087,32446.900390625,34445.62738,32490.099609375,34068.44106
2017-05-17 17:30:00,32670.984375,33679.08745,32631.5390625,33885.93156,32649.048828125,34384.79087,32759.779296875,34445.62738,32579.396484375,34068.44106,32607.03515625,33910.26616
2017-05-17 17:40:00,32969.515625,33885.93156,32918.66015625,34384.79087,32898.2578125,34445.62738,32985.18359375,34068.44106,32794.8359375,33910.26616,32822.24609375,34275.28517
2017-05-17 17:50:00,33158.125,34384.79087,33102.25390625,34445.62738,33062.73828125,34068.44106,33123.95703125,33910.26616,32910.109375,34275.28517,32926.2578125,34433.46008
2017-05-17 18:00:00,33408.46875,34445.62738,33336.30859375,34068.44106,33280.4296875,33910.26616,33309.94921875,34275.28517,33087.66796875,34433.46008,33103.83203125,34056.27376
2017-05-17 18:10:00,33566.1328125,34068.44106,33484.65234375,33910.26616,33434.5234375,34275.28517,33442.390625,34433.46008,33182.77734375,34056.27376,33197.25,34031.93916
2017-05-17 18:20:00,33857.80859375,33910.26616,33769.66796875,34275.28517,33698.0546875,34433.46008,33689.11328125,34056.27376,33416.4921875,34031.93916,33433.890625,33630.41825
2017-05-17 18:30:00,33993.921875,34275.28517,33892.38671875,34433.46008,33812.1484375,34056.27376,33778.8203125,34031.93916,33492.390625,33630.41825,33505.6953125,33362.73764
2017-05-17 18:40:00,34199.32421875,34433.46008,34089.296875,34056.27376,33996.06640625,34031.93916,33941.765625,33630.41825,33644.26953125,33362.73764,33665.0234375,33350.57034
2017-05-17 18:50:00,34248.5546875,34056.27376,34125.87890625,34031.93916,34001.92578125,33630.41825,33927.4765625,33362.73764,33631.984375,33350.57034,33646.76953125,33399.23954
2017-05-17 19:00:00,34408.2421875,34031.93916,34278.18359375,33630.41825,34136.59765625,33362.73764,34035.33203125,33350.57034,33752.78125,33399.23954,33761.109375,33387.07224
2017-05-17 19:10:00,34393.64453125,33630.41825,34230.69140625,33362.73764,34064.703125,33350.57034,33934.5,33399.23954,33658.48046875,33387.07224,33661.7109375,33253.23194
2017-05-17 19:20:00,34478.35546875,33362.73764,34299.32421875,33350.57034,34120.13671875,33399.23954,33965.44921875,33387.07224,33690.3515625,33253.23194,33708.34765625,33265.39924
2017-05-17 19:30:00,34450.05859375,33350.57034,34237.30859375,33399.23954,34060.13671875,33387.07224,33883.25,33253.23194,33602.19921875,33265.39924,33646.21875,33228.89734
2017-05-17 19:40:00,34456.18359375,33399.23954,34212.953125,33387.07224,34038.75390625,33253.23194,33846.63671875,33265.39924,33548.05078125,33228.89734,33626.6796875,33095.05703
2017-05-17 19:50:00,34308.20703125,33387.07224,34035.0,33253.23194,33867.4453125,33265.39924,33650.03515625,33228.89734,33337.85546875,33095.05703,33441.59765625,32778.70722
2017-05-17 20:00:00,34272.7109375,33253.23194,33984.1640625,33265.39924,33799.29296875,33228.89734,33562.02734375,33095.05703,33263.890625,32778.70722,33363.4296875,32657.03422
2017-05-17 20:10:00,34050.8125,33265.39924,33730.5859375,33228.89734,33536.58203125,33095.05703,33269.65625,32778.70722,32986.640625,32657.03422,33089.5234375,32450.19011
2017-05-17 20:20:00,33887.5078125,33228.89734,33566.32421875,33095.05703,33374.99609375,32778.70722,33086.03515625,32657.03422,32783.33984375,32450.19011,32931.359375,32365.01901
2017-05-17 20:30:00,33706.01953125,33095.05703,33378.71875,32778.70722,33200.91796875,32657.03422,32927.09765625,32450.19011,32615.94921875,32365.01901,32792.01171875,32158.1749
2017-05-17 20:40:00,33576.5546875,32778.70722,33222.609375,32657.03422,33045.15234375,32450.19011,32743.86328125,32365.01901,32445.58203125,32158.1749,32657.921875,32486.69202
2017-05-17 20:50:00,33400.69140625,32657.03422,33049.5859375,32450.19011,32894.09765625,32365.01901,32603.673828125,32158.1749,32330.0703125,32486.69202,32579.71875,32425.85551
2017-05-17 21:00:00,33190.078125,32450.19011,32830.59375,32365.01901,32704.08203125,32158.1749,32416.35546875,32486.69202,32153.24609375,32425.85551,32446.4921875,32085.1711
2017-05-17 21:10:00,32959.33203125,32365.01901,32580.41796875,32158.1749,32479.033203125,32486.69202,32217.451171875,32425.85551,31970.322265625,32085.1711,32267.33203125,31829.65779
2017-05-17 21:20:00,32834.1171875,32158.1749,32477.69921875,32486.69202,32392.162109375,32425.85551,32156.986328125,32085.1711,31916.72265625,31829.65779,32245.5,31817.49049
2017-05-17 21:30:00,32568.205078125,32486.69202,32235.75,32425.85551,32170.1015625,32085.1711,31969.59375,31829.65779,31776.671875,31817.49049,32112.462890625,32012.1673
2017-05-17 21:40:00,32503.09765625,32425.85551,32203.7734375,32085.1711,32178.34765625,31829.65779,32016.18359375,31817.49049,31854.4453125,32012.1673,32234.837890625,32304.18251
2017-05-17 21:50:00,32421.095703125,32085.1711,32156.578125,31829.65779,32191.357421875,31817.49049,32123.740234375,32012.1673,32032.263671875,32304.18251,32451.353515625,32596.19772
2017-05-17 22:00:00,32423.876953125,31829.65779,32198.912109375,31817.49049,32289.84765625,32012.1673,32270.251953125,32304.18251,32244.630859375,32596.19772,32722.525390625,32754.37262
2017-05-17 22:10:00,32446.025390625,31817.49049,32285.423828125,32012.1673,32409.8984375,32304.18251,32518.5859375,32596.19772,32603.3515625,32754.37262,33092.16015625,32985.55133
2017-05-17 22:20:00,32469.884765625,32012.1673,32332.62890625,32304.18251,32501.984375,32596.19772,32666.8828125,32754.37262,32813.359375,32985.55133,33315.6953125,33520.91255
2017-05-17 22:30:00,32721.25,32304.18251,32617.6796875,32596.19772,32878.68359375,32754.37262,33208.0546875,32985.55133,33439.97265625,33520.91255,33977.0234375,34737.64259
2017-05-17 22:40:00,32959.34765625,32596.19772,32906.7890625,32754.37262,33245.76171875,32985.55133,33656.23046875,33520.91255,33993.4453125,34737.64259,34614.8046875,36708.74525
2017-05-17 22:50:00,33545.76953125,32754.37262,33572.5546875,32985.55133,34006.8828125,33520.91255,34591.61328125,34737.64259,35107.5625,36708.74525,35818.7890625,39738.40304
2017-05-17 23:00:00,33911.9609375,32985.55133,33955.62109375,33520.91255,34443.76171875,34737.64259,35112.296875,36708.74525,35712.1015625,39738.40304,36404.9765625,40711.78707
2017-05-17 23:10:00,34739.26171875,33520.91255,34889.4765625,34737.64259,35486.63671875,36708.74525,36302.4453125,39738.40304,37070.9921875,40711.78707,37810.76953125,40590.11407
2017-05-17 23:20:00,35763.8046875,34737.64259,35980.453125,36708.74525,36636.02734375,39738.40304,37505.3125,40711.78707,38385.74609375,40590.11407,39133.55859375,40480.60837
2017-05-17 23:30:00,36994.23046875,36708.74525,37331.50390625,39738.40304,38045.41015625,40711.78707,38992.10546875,40590.11407,39964.36328125,40480.60837,40655.86328125,40468.44106
2017-05-17 23:40:00,38022.171875,39738.40304,38399.0390625,40711.78707,39101.3984375,40590.11407,39928.109375,40480.60837,40827.34375,40468.44106,41364.78515625,40784.79087
2017-05-17 23:50:00,39257.86328125,40711.78707,39722.67578125,40590.11407,40316.63671875,40480.60837,40904.19140625,40468.44106,41690.76171875,40784.79087,41967.1796875,40796.95817
2017-05-18 00:00:00,39994.41796875,40590.11407,40444.421875,40480.60837,40870.69140625,40468.44106,41117.16015625,40784.79087,41744.22265625,40796.95817,41799.1484375,40468.44106
2017-05-18 00:10:00,40347.1328125,40480.60837,40754.58984375,40468.44106,41006.296875,40784.79087,40977.79296875,40796.95817,41472.36328125,40468.44106,41366.5625,39811.40684
2017-05-18 00:20:00,40345.265625,40468.44106,40720.265625,40784.79087,40856.56640625,40796.95817,40691.35546875,40468.44106,41085.76171875,39811.40684,40905.73828125,39884.41065
2017-05-18 00:30:00,40295.28515625,40784.79087,40636.3828125,40796.95817,40701.5703125,40468.44106,40449.9453125,39811.40684,40782.0390625,39884.41065,40546.01171875,39860.07605
2017-05-18 00:40:00,40241.85546875,40796.95817,40539.52734375,40468.44106,40573.04296875,39811.40684,40272.5,39884.41065,40527.046875,39860.07605,40255.70703125,39908.74525
2017-05-18 00:50:00,40289.8203125,40468.44106,40557.5078125,39811.40684,40564.3125,39884.41065,40232.2734375,39860.07605,40421.625,39908.74525,40133.46484375,39726.23574
2017-05-18 01:00:00,40237.44140625,39811.40684,40453.609375,39884.41065,40439.26953125,39860.07605,40092.5390625,39908.74525,40228.1484375,39726.23574,39917.4375,39519.39163
2017-05-18 01:10:00,40340.5546875,39884.41065,40507.6640625,39860.07605,40472.54296875,39908.74525,40105.7109375,39726.23574,40195.06640625,39519.39163,39873.27734375,39482.88973
2017-05-18 01:20:00,40300.58203125,39860.07605,40409.125,39908.74525,40357.8359375,39726.23574,39974.7890625,39519.39163,40016.20703125,39482.88973,39678.31640625,39555.89354
2017-05-18 01:30:00,40312.265625,39908.74525,40369.5703125,39726.23574,40301.0546875,39519.39163,39898.21484375,39482.88973,39896.96484375,39555.89354,39557.0625,39653.23194
2017-05-18 01:40:00,40192.52734375,39726.23574,40184.56640625,39519.39163,40098.90625,39482.88973,39678.9140625,39555.89354,39631.81640625,39653.23194,39269.84375,39653.23194
2017-05-18 01:50:00,40121.9921875,39519.39163,40055.078125,39482.88973,39942.91015625,39555.89354,39499.37890625,39653.23194,39406.2421875,39653.23194,39043.75390625,39495.05703
2017-05-18 02:00:00,39909.890625,39482.88973,39779.2265625,39555.89354,39639.01953125,39653.23194,39162.55078125,39653.23194,39039.87890625,39495.05703,38670.48046875,39263.87833
2017-05-18 02:10:00,39738.53515625,39555.89354,39540.92578125,39653.23194,39383.5078125,39653.23194,38877.5,39495.05703,38723.515625,39263.87833,38364.1796875,38704.18251
2017-05-18 02:20:00,39445.84375,39653.23194,39177.48828125,39653.23194,39004.37109375,39495.05703,38465.54296875,39263.87833,38298.20703125,38704.18251,37926.37109375,38217.49049
2017-05-18 02:30:00,39178.31640625,39653.23194,38836.99609375,39495.05703,38646.65625,39263.87833,38080.796875,38704.18251,37869.21875,38217.49049,37489.8359375,37937.64259
2017-05-18 02:40:00,38864.45703125,39495.05703,38462.09765625,39263.87833,38251.125,38704.18251,37664.91796875,38217.49049,37434.453125,37937.64259,37036.02734375,37499.61977
2017-05-18 02:50:00,38582.9140625,39263.87833,38115.8984375,38704.18251,37883.890625,38217.49049,37277.125,37937.64259,36996.9765625,37499.61977,36587.2265625,37146.76806
2017-05-18 03:00:00,38295.1015625,38704.18251,37778.41015625,38217.49049,37516.46875,37937.64259,36893.66015625,37499.61977,36594.5703125,37146.76806,36157.6640625,36623.57414
2017-05-18 03:10:00,37959.08203125,38217.49049,37384.96484375,37937.64259,37112.3984375,37499.61977,36466.66015625,37146.76806,36122.9453125,36623.57414,35662.984375,36355.89354
2017-05-18 03:20:00,37644.6015625,37937.64259,37026.921875,37499.61977,36720.046875,37146.76806,36062.1171875,36623.57414,35696.38671875,36355.89354,35201.76953125,36039.54373
2017-05-18 03:30:00,37318.9609375,37499.61977,36657.98046875,37146.76806,36323.7578125,36623.57414,35654.23046875,36355.89354,35248.57421875,36039.54373,34699.66015625,35552.85171
2017-05-18 03:40:00,36939.7265625,37146.76806,36253.41015625,36623.57414,35883.68359375,36355.89354,35204.83984375,36039.54373,34757.03125,35552.85171,34195.265625,34664.63878
2017-05-18 03:50:00,36538.81640625,36623.57414,35825.12890625,36355.89354,35419.0,36039.54373,34731.3359375,35552.85171,34240.23046875,34664.63878,33645.01171875,33922.43346
2017-05-18 04:00:00,36049.48828125,36355.89354,35320.0546875,36039.54373,34860.48046875,35552.85171,34171.9765625,34664.63878,33628.55078125,33922.43346,33020.33984375,32924.71483
2017-05-18 04:10:00,35560.25,36039.54373,34802.22265625,35552.85171,34313.76171875,34664.63878,33626.29296875,33922.43346,33038.83984375,32924.71483,32396.794921875,31793.15589
2017-05-18 04:20:00,35030.1171875,35552.85171,34270.04296875,34664.63878,33714.42578125,33922.43346,33041.8359375,32924.71483,32427.8828125,31793.15589,31748.37890625,30904.94297
2017-05-18 04:30:00,34409.06640625,34664.63878,33628.546875,33922.43346,33051.52734375,32924.71483,32385.86328125,31793.15589,31760.779296875,30904.94297,31030.421875,30150.57034
2017-05-18 04:40:00,33874.1796875,33922.43346,33087.765625,32924.71483,32461.0078125,31793.15589,31816.2421875,30904.94297,31187.962890625,30150.57034,30430.01171875,29298.85932
2017-05-18 04:50:00,33207.48828125,32924.71483,32401.41796875,31793.15589,31774.775390625,30904.94297,31130.818359375,30150.57034,30518.48828125,29298.85932,29721.767578125,28958.1749
2017-05-18 05:00:00,32613.146484375,31793.15589,31793.849609375,30904.94297,31146.935546875,30150.57034,30518.404296875,29298.85932,29934.189453125,28958.1749,29151.357421875,28629.65779
2017-05-18 05:10:00,31783.193359375,30904.94297,30959.982421875,30150.57034,30333.40234375,29298.85932,29702.74609375,28958.1749,29171.529296875,28629.65779,28353.783203125,27680.60837
2017-05-18 05:20:00,31071.228515625,30150.57034,30255.15234375,29298.85932,29632.646484375,28958.1749,29018.875,28629.65779,28544.8671875,27680.60837,27725.072265625,26938.40304
2017-05-18 05:30:00,30331.91015625,29298.85932,29496.96875,28958.1749,28922.3203125,28629.65779,28319.0625,27680.60837,27891.5078125,26938.40304,27087.41015625,26609.88593
2017-05-18 05:40:00,29655.892578125,28958.1749,28854.765625,28629.65779,28289.322265625,27680.60837,27727.224609375,26938.40304,27325.986328125,26609.88593,26538.46484375,25892.01521
2017-05-18 05:50:00,28980.3984375,28629.65779,28163.29296875,27680.60837,27659.39453125,26938.40304,27109.029296875,26609.88593,26742.708984375,25892.01521,25981.984375,25356.65399
2017-05-18 06:00:00,28434.921875,27680.60837,27637.173828125,26938.40304,27155.064453125,26609.88593,26649.765625,25892.01521,26298.9921875,25356.65399,25600.876953125,25064.63878
2017-05-18 06:10:00,27857.333984375,26938.40304,27062.27734375,26609.88593,26646.013671875,25892.01521,26167.40625,25356.65399,25814.359375,25064.63878,25144.51953125,24602.28137
2017-05-18 06:20:00,27304.279296875,26609.88593,26552.93359375,25892.01521,26172.291015625,25356.65399,25694.16796875,25064.63878,25384.802734375,24602.28137,24759.296875,24030.41825
2017-05-18 06:30:00,26727.81640625,25892.01521,26022.25,25356.65399,25685.369140625,25064.63878,25231.228515625,24602.28137,24942.775390625,24030.41825,24343.958984375,23993.91635
2017-05-18 06:40:00,26272.3125,25356.65399,25592.130859375,25064.63878,25298.212890625,24602.28137,24845.4140625,24030.41825,24598.876953125,23993.91635,24038.728515625,23555.89354
2017-05-18 06:50:00,25883.703125,25064.63878,25256.126953125,24602.28137,24993.740234375,24030.41825,24554.078125,23993.91635,24327.515625,23555.89354,23789.162109375,23324.71483
2017-05-18 07:00:00,25495.71484375,24602.28137,24920.845703125,24030.41825,24659.009765625,23993.91635,24256.5703125,23555.89354,24057.546875,23324.71483,23568.83203125,23117.87072
2017-05-18 07:10:00,25160.01953125,24030.41825,24612.728515625,23993.91635,24399.55078125,23555.89354,24018.841796875,23324.71483,23832.07421875,23117.87072,23364.822265625,22971.86312
2017-05-18 07:20:00,24849.5625,23993.91635,24370.6796875,23555.89354,24139.806640625,23324.71483,23814.349609375,23117.87072,23623.51953125,22971.86312,23224.7265625,22716.34981
2017-05-18 07:30:00,24641.6484375,23555.89354,24187.578125,23324.71483,23988.53515625,23117.87072,23693.521484375,22971.86312,23507.45703125,22716.34981,23131.904296875,22193.15589
2017-05-18 07:40:00,24359.853515625,23324.71483,23986.451171875,23117.87072,23780.89453125,22971.86312,23505.484375,22716.34981,23329.833984375,22193.15589,23000.638671875,22071.48289
2017-05-18 07:50:00,24147.044921875,23117.87072,23819.697265625,22971.86312,23626.13671875,22716.34981,23388.2734375,22193.15589,23198.037109375,22071.48289,22916.94140625,21949.80989
2017-05-18 08:00:00,23938.0859375,22971.86312,23650.92578125,22716.34981,23467.201171875,22193.15589,23270.203125,22071.48289,23072.1875,21949.80989,22844.39453125,21755.13308
2017-05-18 08:10:00,23810.724609375,22716.34981,23529.458984375,22193.15589,23374.40234375,22071.48289,23208.341796875,21949.80989,23006.62109375,21755.13308,22810.1640625,21633.46008
2017-05-18 08:20:00,23674.837890625,22193.15589,23414.9921875,22071.48289,23265.48046875,21949.80989,23150.697265625,21755.13308,22934.2265625,21633.46008,22779.25,21487.45247
2017-05-18 08:30:00,23546.333984375,22071.48289,23311.732421875,21949.80989,23173.041015625,21755.13308,23075.720703125,21633.46008,22862.92578125,21487.45247,22730.990234375,21329.27757
2017-05-18 08:40:00,23403.26953125,21949.80989,23207.27734375,21755.13308,23077.60546875,21633.46008,22996.494140625,21487.45247,22751.0078125,21329.27757,22667.091796875,21256.27376
2017-05-18 08:50:00,23300.6640625,21755.13308,23115.833984375,21633.46008,23019.5,21487.45247,22939.529296875,21329.27757,22678.5703125,21256.27376,22634.609375,21195.43726
2017-05-18 09:00:00,23214.328125,21633.46008,23050.9296875,21487.45247,22946.93359375,21329.27757,22892.376953125,21256.27376,22607.0390625,21195.43726,22601.404296875,20915.58935
2017-05-18 09:10:00,23154.92578125,21487.45247,23001.46484375,21329.27757,22917.5625,21256.27376,22879.46484375,21195.43726,22567.55859375,20915.58935,22594.564453125,20952.09125
2017-05-18 09:20:00,23011.541015625,21329.27757,22881.48828125,21256.27376,22803.693359375,21195.43726,22778.998046875,20915.58935,22442.0546875,20952.09125,22500.578125,21049.42966
2017-05-18 09:30:00,22884.38671875,21256.27376,22768.513671875,21195.43726,22722.546875,20915.58935,22678.056640625,20952.09125,22336.212890625,21049.42966,22398.40625,21158.93536
2017-05-18 09:40:00,22799.2265625,21195.43726,22697.248046875,20915.58935,22656.888671875,20952.09125,22611.123046875,21049.42966,22265.615234375,21158.93536,22338.259765625,21292.77567
2017-05-18 09:50:00,22767.291015625,20915.58935,22660.455078125,20952.09125,22637.498046875,21049.42966,22584.935546875,21158.93536,22241.294921875,21292.77567,22310.931640625,21037.26236
2017-05-18 10:00:00,22714.30859375,20952.09125,22592.705078125,21049.42966,22575.85546875,21158.93536,22556.8984375,21292.77567,22193.853515625,21037.26236,22280.716796875,21280.60837
2017-05-18 10:10:00,22611.048828125,21049.42966,22482.78125,21158.93536,22494.76953125,21292.77567,22462.568359375,21037.26236,22111.81640625,21280.60837,22209.001953125,21280.60837
2017-05-18 10:20:00,22501.8203125,21158.93536,22383.32421875,21292.77567,22397.91015625,21037.26236,22366.1484375,21280.60837,22025.12109375,21280.60837,22137.181640625,21548.28897
2017-05-18 10:30:00,22433.607421875,21292.77567,22319.267578125,21037.26236,22351.853515625,21280.60837,22293.416015625,21280.60837,21974.263671875,21548.28897,22086.140625,21536.12167
2017-05-18 10:40:00,22362.49609375,21037.26236,22239.421875,21280.60837,22271.8671875,21280.60837,22226.57421875,21548.28897,21922.029296875,21536.12167,22035.166015625,21730.79848
2017-05-18 10:50:00,22268.92578125,21280.60837,22134.08984375,21280.60837,22192.9921875,21548.28897,22147.48046875,21536.12167,21857.904296875,21730.79848,21964.58203125,22010.64639
2017-05-18 11:00:00,22158.419921875,21280.60837,22035.939453125,21548.28897,22098.720703125,21536.12167,22060.6171875,21730.79848,21791.63671875,22010.64639,21909.541015625,22095.81749
2017-05-18 11:10:00,22085.455078125,21548.28897,21969.2578125,21536.12167,22045.83984375,21730.79848,22003.587890625,22010.64639,21759.59765625,22095.81749,21889.08203125,22874.52471
2017-05-18 11:20:00,22001.826171875,21536.12167,21899.326171875,21730.79848,21978.6640625,22010.64639,21947.591796875,22095.81749,21716.54296875,22874.52471,21867.013671875,23555.89354
2017-05-18 11:30:00,21931.82421875,21730.79848,21816.1015625,22010.64639,21916.79296875,22095.81749,21896.291015625,22874.52471,21680.73046875,23555.89354,21837.943359375,23470.72243
2017-05-18 11:40:00,21859.0078125,22010.64639,21734.580078125,22095.81749,21850.033203125,22874.52471,21841.3671875,23555.89354,21658.072265625,23470.72243,21823.2734375,23762.73764
2017-05-18 11:50:00,21801.130859375,22095.81749,21682.958984375,22874.52471,21809.888671875,23555.89354,21827.181640625,23470.72243,21663.41796875,23762.73764,21851.615234375,23884.41065
2017-05-18 12:00:00,21759.349609375,22874.52471,21652.4140625,23555.89354,21784.873046875,23470.72243,21830.029296875,23762.73764,21704.193359375,23884.41065,21905.474609375,23896.57795
2017-05-18 12:10:00,21737.796875,23555.89354,21626.90234375,23470.72243,21778.947265625,23762.73764,21857.2890625,23884.41065,21755.736328125,23896.57795,21982.14453125,23677.56654
2017-05-18 12:20:00,21746.294921875,23470.72243,21652.8359375,23762.73764,21823.482421875,23884.41065,21941.357421875,23896.57795,21882.39453125,23677.56654,22120.462890625,23361.21673
2017-05-18 12:30:00,21816.216796875,23762.73764,21733.458984375,23884.41065,21937.623046875,23896.57795,22105.369140625,23677.56654,22078.572265625,23361.21673,22330.666015625,23239.54373
2017-05-18 12:40:00,21928.8984375,23884.41065,21871.75390625,23896.57795,22105.787109375,23677.56654,22320.1015625,23361.21673,22344.98828125,23239.54373,22609.583984375,23519.39163
2017-05-18 12:50:00,22115.11328125,23896.57795,22086.638671875,23677.56654,22363.740234375,23361.21673,22636.7421875,23239.54373,22698.48828125,23519.39163,22995.005859375,22959.69582
2017-05-18 13:00:00,22363.841796875,23677.56654,22378.158203125,23361.21673,22694.5703125,23239.54373,23011.53125,23519.39163,23115.22265625,22959.69582,23440.556640625,22667.68061
2017-05-18 13:10:00,22709.638671875,23361.21673,22782.724609375,23239.54373,23134.060546875,23519.39163,23500.8984375,22959.69582,23642.63671875,22667.68061,24015.220703125,22521.673
2017-05-18 13:20:00,23107.076171875,23239.54373,23221.76953125,23519.39163,23597.689453125,22959.69582,24000.4453125,22667.68061,24177.033203125,22521.673,24565.701171875,22911.02662
2017-05-18 13:30:00,23548.337890625,23519.39163,23725.681640625,22959.69582,24113.08203125,22667.68061,24550.638671875,22521.673,24758.46484375,22911.02662,25180.232421875,23568.06084
2017-05-18 13:40:00,23916.369140625,22959.69582,24122.61328125,22667.68061,24516.126953125,22521.673,24963.412109375,22911.02662,25201.6171875,23568.06084,25628.314453125,24225.09506
2017-05-18 13:50:00,24344.005859375,22667.68061,24596.322265625,22521.673,24977.275390625,22911.02662,25443.697265625,23568.06084,25714.5078125,24225.09506,26159.1875,24906.46388
2017-05-18 14:00:00,24686.3046875,22521.673,24952.58203125,22911.02662,25313.16796875,23568.06084,25773.978515625,24225.09506,26073.8203125,24906.46388,26505.73046875,25307.98479
2017-05-18 14:10:00,24988.8828125,22911.02662,25268.556640625,23568.06084,25612.892578125,24225.09506,26067.587890625,24906.46388,26392.767578125,25307.98479,26827.1796875,25453.9924
2017-05-18 14:20:00,25219.5703125,23568.06084,25496.888671875,24225.09506,25818.466796875,24906.46388,26256.5625,25307.98479,26608.8046875,25453.9924,27028.5390625,26378.70722
2017-05-18 14:30:00,25552.158203125,24225.09506,25847.408203125,24906.46388,26139.615234375,25307.98479,26564.705078125,25453.9924,26939.83984375,26378.70722,27328.853515625,26804.56274
2017-05-18 14:40:00,25983.572265625,24906.46388,26279.228515625,25307.98479,26540.22265625,25453.9924,26943.4765625,26378.70722,27339.470703125,26804.56274,27675.51171875,27437.26236
2017-05-18 14:50:00,26313.111328125,25307.98479,26612.73046875,25453.9924,26840.341796875,26378.70722,27232.505859375,26804.56274,27647.3828125,27437.26236,27949.93359375,27753.61217
2017-05-18 15:00:00,26700.966796875,25453.9924,26998.255859375,26378.70722,27210.806640625,26804.56274,27591.83203125,27437.26236,28002.865234375,27753.61217,28275.2265625,28045.62738
2017-05-18 15:10:00,27254.494140625,26378.70722,27551.369140625,26804.56274,27755.8515625,27437.26236,28123.65625,27753.61217,28512.734375,28045.62738,28726.775390625,28507.98479
2017-05-18 15:20:00,27735.47265625,26804.56274,28011.0078125,27437.26236,28192.294921875,27753.61217,28543.666015625,28045.62738,28913.85546875,28507.98479,29095.203125,29019.01141
2017-05-18 15:30:00,28258.00390625,27437.26236,28516.025390625,27753.61217,28682.4296875,28045.62738,29033.416015625,28507.98479,29364.134765625,29019.01141,29524.103515625,29688.21293
2017-05-18 15:40:00,28742.115234375,27753.61217,28986.828125,28045.62738,29144.130859375,28507.98479,29478.984375,29019.01141,29770.197265625,29688.21293,29909.3515625,30296.57795
2017-05-18 15:50:00,29186.21484375,28045.62738,29400.8828125,28507.98479,29545.240234375,29019.01141,29875.154296875,29688.21293,30126.853515625,30296.57795,30233.2265625,30807.60456
2017-05-18 16:00:00,29687.439453125,28507.98479,29883.12109375,29019.01141,30018.5390625,29688.21293,30323.984375,30296.57795,30539.134765625,30807.60456,30613.13671875,31403.80228
2017-05-18 16:10:00,30069.423828125,29019.01141,30229.96484375,29688.21293,30352.501953125,30296.57795,30643.404296875,30807.60456,30806.736328125,31403.80228,30856.107421875,31610.64639
2017-05-18 16:20:00,30522.845703125,29688.21293,30668.76171875,30296.57795,30778.845703125,30807.60456,31030.470703125,31403.80228,31141.515625,31610.64639,31194.958984375,31890.4943
2017-05-18 16:30:00,30881.232421875,30296.57795,31001.005859375,30807.60456,31101.373046875,31403.80228,31329.056640625,31610.64639,31391.0625,31890.4943,31432.732421875,32109.5057
2017-05-18 16:40:00,31205.814453125,30807.60456,31289.3515625,31403.80228,31388.09765625,31610.64639,31595.6171875,31890.4943,31615.45703125,32109.5057,31669.8046875,32121.673
2017-05-18 16:50:00,31515.615234375,31403.80228,31566.8671875,31610.64639,31676.302734375,31890.4943,31860.6484375,32109.5057,31819.53515625,32121.673,31884.146484375,32863.87833
2017-05-18 17:00:00,31807.177734375,31610.64639,31830.26953125,31890.4943,31917.439453125,32109.5057,32088.8125,32121.673,32009.6171875,32863.87833,32081.20703125,32936.88213
2017-05-18 17:10:00,32069.37109375,31890.4943,32072.27734375,32109.5057,32152.625,32121.673,32308.859375,32863.87833,32192.369140625,32936.88213,32258.3828125,32778.70722
2017-05-18 17:20:00,32329.154296875,32109.5057,32294.14453125,32121.673,32373.775390625,32863.87833,32520.21875,32936.88213,32354.091796875,32778.70722,32416.001953125,32681.36882
2017-05-18 17:30:00,32530.341796875,32121.673,32483.869140625,32863.87833,32538.25390625,32936.88213,32669.97265625,32778.70722,32468.205078125,32681.36882,32525.0078125,33070.72243
2017-05-18 17:40:00,32787.70703125,32863.87833,32728.80859375,32936.88213,32759.044921875,32778.70722,32870.671875,32681.36882,32650.068359375,33070.72243,32704.419921875,33472.24335
2017-05-18 17:50:00,32932.5,32936.88213,32867.3515625,32778.70722,32864.62109375,32681.36882,32954.32421875,33070.72243,32716.1640625,33472.24335,32756.146484375,33776.42586
2017-05-18 18:00:00,33167.96484375,32778.70722,33093.8984375,32681.36882,33077.8671875,33070.72243,33137.80859375,33472.24335,32885.93359375,33776.42586,32918.4453125,33496.57795
2017-05-18 18:10:00,33301.0078125,32681.36882,33217.359375,33070.72243,33165.71875,33472.24335,33209.17578125,33776.42586,32943.6015625,33496.57795,32974.640625,33703.42205
2017-05-18 18:20:00,33463.6953125,33070.72243,33385.25,33472.24335,33301.5078125,33776.42586,33310.27734375,33496.57795,33046.046875,33703.42205,33061.96875,33314.06844
2017-05-18 18:30:00,33547.69921875,33472.24335,33453.41015625,33776.42586,33357.62109375,33496.57795,33332.75390625,33703.42205,33057.734375,33314.06844,33077.11328125,33155.89354
2017-05-18 18:40:00,33641.5078125,33776.42586,33531.01171875,33496.57795,33423.22265625,33703.42205,33367.74609375,33314.06844,33081.42578125,33155.89354,33109.39453125,33374.90494
2017-05-18 18:50:00,33686.7734375,33496.57795,33560.3203125,33703.42205,33421.69140625,33314.06844,33341.5546875,33155.89354,33044.24609375,33374.90494,33075.86328125,33058.55513
2017-05-18 19:00:00,33749.29296875,33703.42205,33606.40234375,33314.06844,33470.03125,33155.89354,33355.4765625,33374.90494,33049.734375,33058.55513,33089.640625,32535.36122
2017-05-18 19:10:00,33788.6953125,33314.06844,33625.484375,33155.89354,33466.54296875,33374.90494,33336.4296875,33058.55513,33026.5,32535.36122,33069.52734375,32389.35361
2017-05-18 19:20:00,33777.140625,33155.89354,33587.8046875,33374.90494,33414.5859375,33058.55513,33249.953125,32535.36122,32939.46875,32389.35361,32982.36328125,32632.69962
2017-05-18 19:30:00,33801.33984375,33374.90494,33583.859375,33058.55513,33405.359375,32535.36122,33212.359375,32389.35361,32903.76953125,32632.69962,32959.1484375,32571.86312
2017-05-18 19:40:00,33750.796875,33058.55513,33518.71484375,32535.36122,33329.45703125,32389.35361,33117.62109375,32632.69962,32802.88671875,32571.86312,32872.88671875,32377.18631
2017-05-18 19:50:00,33763.40234375,32535.36122,33511.63671875,32389.35361,33322.29296875,32632.69962,33092.43359375,32571.86312,32783.80078125,32377.18631,32862.98828125,32158.1749
2017-05-18 20:00:00,33680.5546875,32389.35361,33394.1953125,32632.69962,33201.0625,32571.86312,32953.37890625,32377.18631,32649.826171875,32158.1749,32738.375,32328.51711
2017-05-18 20:10:00,33566.69140625,32632.69962,33262.9140625,32571.86312,33071.109375,32377.18631,32811.5234375,32158.1749,32498.951171875,32328.51711,32604.66796875,32267.68061
2017-05-18 20:20:00,33458.30859375,32571.86312,33134.37890625,32377.18631,32949.5390625,32158.1749,32669.74609375,32328.51711,32370.458984375,32267.68061,32499.958984375,32511.02662
2017-05-18 20:30:00,33375.4296875,32377.18631,33032.9921875,32158.1749,32859.74609375,32328.51711,32584.162109375,32267.68061,32269.150390625,32511.02662,32439.158203125,32267.68061
2017-05-18 20:40:00,33170.7421875,32158.1749,32815.0234375,32328.51711,32651.583984375,32267.68061,32359.259765625,32511.02662,32047.287109375,32267.68061,32246.357421875,32085.1711
2017-05-18 20:50:00,33062.7578125,32328.51711,32693.201171875,32267.68061,32553.197265625,32511.02662,32277.705078125,32267.68061,31963.353515625,32085.1711,32211.40625,32085.1711
2017-05-18 21:00:00,32819.1640625,32267.68061,32455.169921875,32511.02662,32324.794921875,32267.68061,32049.732421875,32085.1711,31757.103515625,32085.1711,32025.734375,31902.6616
2017-05-18 21:10:00,32613.53515625,32511.02662,32245.08203125,32267.68061,32126.62890625,32085.1711,31861.912109375,32085.1711,31572.126953125,31902.6616,31881.5703125,31720.15209
2017-05-18 21:20:00,32394.02734375,32267.68061,32032.572265625,32085.1711,31924.4765625,32085.1711,31672.30859375,31902.6616,31411.498046875,31720.15209,31733.85546875,31878.327
2017-05-18 21:30:00,32306.69140625,32085.1711,31970.701171875,32085.1711,31879.4921875,31902.6616,31676.583984375,31720.15209,31444.16796875,31878.327,31797.19140625,32158.1749
2017-05-18 21:40:00,32174.6640625,32085.1711,31856.255859375,31902.6616,31798.396484375,31720.15209,31626.763671875,31878.327,31442.4609375,32158.1749,31819.943359375,32109.5057
2017-05-18 21:50:00,32069.27734375,31902.6616,31803.294921875,31720.15209,31779.11328125,31878.327,31684.232421875,32158.1749,31562.70703125,32109.5057,31973.490234375,32523.19392
2017-05-18 22:00:00,32084.37890625,31720.15209,31824.501953125,31878.327,31851.427734375,32158.1749,31806.07421875,32109.5057,31731.548828125,32523.19392,32167.01953125,33192.39544
2017-05-18 22:10:00,32155.888671875,31878.327,31940.013671875,32158.1749,31993.0234375,32109.5057,32036.234375,32523.19392,32034.966796875,33192.39544,32489.76171875,34007.60456
2017-05-18 22:20:00,32232.30859375,32158.1749,32075.6875,32109.5057,32186.716796875,32523.19392,32335.255859375,33192.39544,32409.087890625,34007.60456,32909.23828125,34676.80608
2017-05-18 22:30:00,32392.90625,32109.5057,32250.2265625,32523.19392,32391.470703125,33192.39544,32623.2890625,34007.60456,32761.958984375,34676.80608,33258.0234375,35601.52091
2017-05-18 22:40:00,32710.470703125,32523.19392,32600.755859375,33192.39544,32815.875,34007.60456,33146.5078125,34676.80608,33362.87109375,35601.52091,33889.36328125,37341.44487
2017-05-18 22:50:00,33193.7578125,33192.39544,33136.52734375,34007.60456,33426.01953125,34676.80608,33899.65234375,35601.52091,34239.29296875,37341.44487,34819.2578125,40383.26996
2017-05-18 23:00:00,33766.8828125,34007.60456,33779.359375,34676.80608,34168.109375,35601.52091,34734.00390625,37341.44487,35203.80078125,40383.26996,35842.6171875,43206.08365
2017-05-18 23:10:00,34608.19140625,34676.80608,34638.97265625,35601.52091,35096.625,37341.44487,35745.66015625,40383.26996,36327.15234375,43206.08365,36945.75390625,43948.28897
2017-05-18 23:20:00,35455.5703125,35601.52091,35531.328125,37341.44487,36051.296875,40383.26996,36714.43359375,43206.08365,37368.23046875,43948.28897,37985.015625,43972.62357
2017-05-18 23:30:00,36923.5546875,37341.44487,37076.77734375,40383.26996,37635.72265625,43206.08365,38247.23828125,43948.28897,38968.734375,43972.62357,39498.27734375,43936.12167
2017-05-18 23:40:00,37984.25,40383.26996,38207.58984375,43206.08365,38732.6875,43948.28897,39234.45703125,43972.62357,39949.75,43936.12167,40311.1328125,43631.93916
2017-05-18 23:50:00,39002.1484375,43206.08365,39253.58203125,43948.28897,39661.453125,43972.62357,39926.03125,43936.12167,40532.125,43631.93916,40682.62890625,43254.75285
2017-05-19 00:00:00,39534.23046875,43948.28897,39784.16015625,43972.62357,40055.83203125,43936.12167,40109.23046875,43631.93916,40629.05078125,43254.75285,40596.98828125,43193.91635
2017-05-19 00:10:00,39930.51171875,43972.62357,40185.76953125,43936.12167,40331.32421875,43631.93916,40188.62109375,43254.75285,40618.49609375,43193.91635,40453.6328125,43437.26236
2017-05-19 00:20:00,40063.921875,43936.12167,40347.10546875,43631.93916,40427.5390625,43254.75285,40196.53515625,43193.91635,40560.5390625,43437.26236,40338.921875,43279.08745
2017-05-19 00:30:00,40269.5234375,43631.93916,40557.12890625,43254.75285,40601.5546875,43193.91635,40291.16796875,43437.26236,40560.8203125,43279.08745,40316.2734375,43023.57414
2017-05-19 00:40:00,40424.5390625,43254.75285,40709.80859375,43193.91635,40753.8671875,43437.26236,40403.4609375,43279.08745,40616.44140625,43023.57414,40355.828125,41137.64259
2017-05-19 00:50:00,40720.2734375,43193.91635,40973.99609375,43437.26236,41011.50390625,43279.08745,40638.83984375,43023.57414,40744.22265625,41137.64259,40480.1328125,39446.38783
2017-05-19 01:00:00,40832.71484375,43437.26236,41055.83984375,43279.08745,41085.546875,43023.57414,40715.73046875,41137.64259,40758.02734375,39446.38783,40493.63671875,39288.21293
2017-05-19 01:10:00,41037.6328125,43279.08745,41194.37109375,43023.57414,41208.6796875,41137.64259,40840.03125,39446.38783,40794.6640625,39288.21293,40526.0,39081.36882
2017-05-19 01:20:00,41109.1796875,43023.57414,41213.49609375,41137.64259,41218.1953125,39446.38783,40838.62109375,39288.21293,40750.43359375,39081.36882,40465.27734375,39130.03802
2017-05-19 01:30:00,41260.85546875,41137.64259,41293.6328125,39446.38783,41281.61328125,39288.21293,40893.5390625,39081.36882,40720.0078125,39130.03802,40426.4140625,39653.23194
2017-05-19 01:40:00,41278.46484375,39446.38783,41258.17578125,39288.21293,41229.109375,39081.36882,40836.3671875,39130.03802,40621.96484375,39653.23194,40311.71484375,39324.71483
2017-05-19 01:50:00,41176.74609375,39288.21293,41078.2890625,39081.36882,41021.22265625,39130.03802,40608.06640625,39653.23194,40347.546875,39324.71483,40017.30078125,39568.06084
2017-05-19 02:00:00,40943.76953125,39081.36882,40783.97265625,39130.03802,40695.2734375,39653.23194,40253.02734375,39324.71483,39993.359375,39568.06084,39630.7890625,39203.04183
2017-05-19 02:10:00,40653.37109375,39130.03802,40417.15625,39653.23194,40292.54296875,39324.71483,39819.25390625,39568.06084,39522.1484375,39203.04183,39141.48046875,39190.87452
2017-05-19 02:20:00,40242.56640625,39653.23194,39937.34765625,39324.71483,39783.07421875,39568.06084,39270.09765625,39203.04183,38966.99609375,39190.87452,38561.70703125,39166.53992
2017-05-19 02:30:00,39802.8515625,39324.71483,39431.67578125,39568.06084,39246.515625,39203.04183,38687.00390625,39190.87452,38355.98046875,39166.53992,37923.71875,38874.52471
2017-05-19 02:40:00,39365.6015625,39568.06084,38952.86328125,39203.04183,38741.98828125,39190.87452,38148.9140625,39166.53992,37808.8515625,38874.52471,37361.296875,38290.4943
2017-05-19 02:50:00,38860.22265625,39203.04183,38387.2578125,39190.87452,38152.4375,39166.53992,37523.8515625,38874.52471,37144.53515625,38290.4943,36680.3671875,37767.30038
2017-05-19 03:00:00,38351.4765625,39190.87452,37838.3359375,39166.53992,37567.98828125,38874.52471,36909.57421875,38290.4943,36512.3515625,37767.30038,36027.04296875,37049.42966
2017-05-19 03:10:00,37889.7421875,39166.53992,37331.703125,38874.52471,37027.87109375,38290.4943,36350.36328125,37767.30038,35907.27734375,37049.42966,35393.39453125,36903.42205
2017-05-19 03:20:00,37434.5390625,38874.52471,36852.47265625,38290.4943,36510.9140625,37767.30038,35822.60546875,37049.42966,35348.01953125,36903.42205,34824.171875,36355.89354
2017-05-19 03:30:00,36962.9765625,38290.4943,36332.8515625,37767.30038,35963.109375,37049.42966,35261.23828125,36903.42205,34730.7421875,36355.89354,34183.98828125,36076.04563
2017-05-19 03:40:00,36552.66015625,37767.30038,35900.4375,37049.42966,35492.0,36903.42205,34781.6640625,36355.89354,34236.28515625,36076.04563,33667.671875,35273.0038
2017-05-19 03:50:00,36120.703125,37049.42966,35432.74609375,36903.42205,34995.19140625,36355.89354,34282.03515625,36076.04563,33699.02734375,35273.0038,33086.41015625,34348.28897
2017-05-19 04:00:00,35662.8046875,36903.42205,34966.28125,36355.89354,34485.59765625,36076.04563,33775.11328125,35273.0038,33174.4921875,34348.28897,32527.193359375,33618.25095
2017-05-19 04:10:00,35111.9765625,36355.89354,34384.765625,36076.04563,33876.83984375,35273.0038,33169.046875,34348.28897,32549.107421875,33618.25095,31839.8515625,32997.71863
2017-05-19 04:20:00,34651.76171875,36076.04563,33929.46484375,35273.0038,33382.0,34348.28897,32687.69921875,33618.25095,32075.244140625,32997.71863,31334.958984375,31987.8327
2017-05-19 04:30:00,34055.15625,35273.0038,33302.2421875,34348.28897,32753.03125,33618.25095,32065.00390625,32997.71863,31457.326171875,31987.8327,30680.6328125,31160.45627
2017-05-19 04:40:00,33491.08203125,34348.28897,32745.53125,33618.25095,32173.890625,32997.71863,31502.89453125,31987.8327,30929.189453125,31160.45627,30137.49609375,30126.23574
2017-05-19 04:50:00,32855.28515625,33618.25095,32090.2265625,32997.71863,31509.763671875,31987.8327,30855.05859375,31160.45627,30313.44140625,30126.23574,29498.998046875,29505.70342
2017-05-19 05:00:00,32275.2421875,32997.71863,31516.861328125,31987.8327,30927.03125,31160.45627,30298.865234375,30126.23574,29807.16796875,29505.70342,28976.326171875,28909.5057
2017-05-19 05:10:00,31604.86328125,31987.8327,30827.98828125,31160.45627,30246.89453125,30126.23574,29641.51171875,29505.70342,29197.939453125,28909.5057,28352.580078125,28167.30038
2017-05-19 05:20:00,30982.99609375,31160.45627,30205.03125,30126.23574,29631.4375,29505.70342,29055.416015625,28909.5057,28663.841796875,28167.30038,27813.646484375,27266.92015
2017-05-19 05:30:00,30333.361328125,30126.23574,29544.994140625,29505.70342,28990.755859375,28909.5057,28441.982421875,28167.30038,28096.423828125,27266.92015,27249.650390625,27023.57414
2017-05-19 05:40:00,29739.82421875,29505.70342,28967.041015625,28909.5057,28435.876953125,28167.30038,27930.1328125,27266.92015,27619.515625,27023.57414,26788.55078125,26390.87452
2017-05-19 05:50:00,29130.365234375,28909.5057,28354.541015625,28167.30038,27861.966796875,27266.92015,27388.251953125,27023.57414,27087.51171875,26390.87452,26302.880859375,25867.68061
2017-05-19 06:00:00,28630.94140625,28167.30038,27870.884765625,27266.92015,27423.775390625,27023.57414,26981.01171875,26390.87452,26683.072265625,25867.68061,25940.748046875,25429.65779
2017-05-19 06:10:00,28089.064453125,27266.92015,27335.94140625,27023.57414,26933.591796875,26390.87452,26528.806640625,25867.68061,26220.46484375,25429.65779,25527.552734375,24991.63498
2017-05-19 06:20:00,27587.248046875,27023.57414,26859.3046875,26390.87452,26502.625,25867.68061,26103.78125,25429.65779,25829.73828125,24991.63498,25136.423828125,24723.95437
2017-05-19 06:30:00,27041.9453125,26390.87452,26343.87890625,25867.68061,26043.353515625,25429.65779,25630.5546875,24991.63498,25378.662109375,24723.95437,24706.84765625,24346.76806
2017-05-19 06:40:00,26635.66796875,25867.68061,25959.615234375,25429.65779,25705.150390625,24991.63498,25297.1484375,24723.95437,25068.169921875,24346.76806,24393.818359375,24164.25856
2017-05-19 06:50:00,26220.865234375,25429.65779,25589.318359375,24991.63498,25364.927734375,24723.95437,24986.748046875,24346.76806,24769.001953125,24164.25856,24118.998046875,23799.23954
2017-05-19 07:00:00,25846.181640625,24991.63498,25292.658203125,24723.95437,25076.015625,24346.76806,24724.486328125,24164.25856,24509.4375,23799.23954,23914.5625,23507.22433
2017-05-19 07:10:00,25534.9921875,24723.95437,25020.28515625,24346.76806,24824.263671875,24164.25856,24494.3046875,23799.23954,24291.33203125,23507.22433,23712.125,23105.70342
2017-05-19 07:20:00,25254.84375,24346.76806,24797.44140625,24164.25856,24601.43359375,23799.23954,24316.796875,23507.22433,24108.572265625,23105.70342,23579.6328125,22740.68441
2017-05-19 07:30:00,25001.783203125,24164.25856,24585.18359375,23799.23954,24406.947265625,23507.22433,24143.771484375,23105.70342,23943.716796875,22740.68441,23457.541015625,22631.17871
2017-05-19 07:40:00,24747.689453125,23799.23954,24389.017578125,23507.22433,24206.64453125,23105.70342,23979.298828125,22740.68441,23776.138671875,22631.17871,23338.57421875,22387.8327
2017-05-19 07:50:00,24544.361328125,23507.22433,24216.421875,23105.70342,24053.55859375,22740.68441,23842.974609375,22631.17871,23638.97265625,22387.8327,23247.1171875,22156.65399
2017-05-19 08:00:00,24324.34765625,23105.70342,24036.2265625,22740.68441,23877.076171875,22631.17871,23710.884765625,22387.8327,23488.8828125,22156.65399,23146.50390625,21949.80989
2017-05-19 08:10:00,24140.29296875,22740.68441,23866.3984375,22631.17871,23734.970703125,22387.8327,23587.361328125,22156.65399,23378.625,21949.80989,23066.28515625,22059.31559
2017-05-19 08:20:00,23978.8046875,22631.17871,23731.884765625,22387.8327,23603.95703125,22156.65399,23491.34765625,21949.80989,23257.412109375,22059.31559,23005.44921875,21803.80228
2017-05-19 08:30:00,23879.2578125,22387.8327,23647.626953125,22156.65399,23528.607421875,21949.80989,23446.375,22059.31559,23203.1328125,21803.80228,22991.009765625,21669.96198
2017-05-19 08:40:00,23737.193359375,22156.65399,23516.87890625,21949.80989,23409.814453125,22059.31559,23362.51953125,21803.80228,23097.396484375,21669.96198,22921.916015625,21645.62738
2017-05-19 08:50:00,23619.009765625,21949.80989,23424.658203125,22059.31559,23326.5859375,21803.80228,23283.5859375,21669.96198,23015.158203125,21645.62738,22876.5078125,21304.94297
2017-05-19 09:00:00,23500.140625,22059.31559,23330.837890625,21803.80228,23238.373046875,21669.96198,23200.158203125,21645.62738,22921.794921875,21304.94297,22826.67578125,21219.77186
2017-05-19 09:10:00,23407.345703125,21803.80228,23249.98046875,21669.96198,23166.162109375,21645.62738,23137.07421875,21304.94297,22837.189453125,21219.77186,22779.134765625,21268.44106
2017-05-19 09:20:00,23305.115234375,21669.96198,23151.693359375,21645.62738,23071.03515625,21304.94297,23061.45703125,21219.77186,22742.4921875,21268.44106,22710.353515625,21025.09506
2017-05-19 09:30:00,23203.443359375,21645.62738,23054.86328125,21304.94297,22990.779296875,21219.77186,22979.173828125,21268.44106,22649.28515625,21025.09506,22641.73046875,21000.76046
2017-05-19 09:40:00,23106.21875,21304.94297,22970.775390625,21219.77186,22915.552734375,21268.44106,22906.69140625,21025.09506,22564.11328125,21000.76046,22582.189453125,20988.59316
2017-05-19 09:50:00,23003.71875,21219.77186,22868.169921875,21268.44106,22829.4453125,21025.09506,22815.37109375,21000.76046,22469.01953125,20988.59316,22503.4140625,21037.26236
2017-05-19 10:00:00,22926.33203125,21268.44106,22789.646484375,21025.09506,22760.73828125,21000.76046,22743.224609375,20988.59316,22391.76171875,21037.26236,22447.537109375,20952.09125
2017-05-19 10:10:00,22839.7890625,21025.09506,22705.408203125,21000.76046,22692.36328125,20988.59316,22676.234375,21037.26236,22312.48046875,20952.09125,22394.3515625,20708.74525
2017-05-19 10:20:00,22743.65625,21000.76046,22609.4765625,20988.59316,22603.439453125,21037.26236,22594.833984375,20952.09125,22229.228515625,20708.74525,22324.658203125,20903.42205
2017-05-19 10:30:00,22653.587890625,20988.59316,22503.478515625,21037.26236,22512.201171875,20952.09125,22499.669921875,20708.74525,22139.806640625,20903.42205,22247.791015625,21256.27376
2017-05-19 10:40:00,22573.734375,21037.26236,22443.45703125,20952.09125,22454.6015625,20708.74525,22446.96875,20903.42205,22098.25390625,21256.27376,22213.755859375,21268.44106
2017-05-19 10:50:00,22467.17578125,20952.09125,22342.052734375,20708.74525,22362.92578125,20903.42205,22355.37890625,21256.27376,22017.1640625,21268.44106,22147.51171875,21475.28517
2017-05-19 11:00:00,22347.349609375,20708.74525,22221.42578125,20903.42205,22248.546875,21256.27376,22240.76953125,21268.44106,21937.005859375,21475.28517,22077.5390625,21840.30418
2017-05-19 11:10:00,22256.701171875,20903.42205,22146.89453125,21256.27376,22183.322265625,21268.44106,22177.759765625,21475.28517,21880.255859375,21840.30418,22043.46484375,22594.67681
2017-05-19 11:20:00,22146.537109375,21256.27376,22050.580078125,21268.44106,22097.845703125,21475.28517,22096.607421875,21840.30418,21835.08984375,22594.67681,22004.123046875,23044.86692
2017-05-19 11:30:00,22051.818359375,21268.44106,21951.24609375,21475.28517,22007.830078125,21840.30418,22018.076171875,22594.67681,21777.162109375,23044.86692,21962.478515625,22874.52471
2017-05-19 11:40:00,21931.041015625,21475.28517,21849.896484375,21840.30418,21913.771484375,22594.67681,21927.703125,23044.86692,21716.00390625,22874.52471,21925.009765625,23154.37262
2017-05-19 11:50:00,21862.091796875,21840.30418,21780.1953125,22594.67681,21863.1640625,23044.86692,21893.3515625,22874.52471,21706.99609375,23154.37262,21921.44921875,23251.71103
2017-05-19 12:00:00,21776.638671875,22594.67681,21692.29296875,23044.86692,21784.056640625,22874.52471,21830.048828125,23154.37262,21678.20703125,23251.71103,21917.6796875,23300.38023
2017-05-19 12:10:00,21723.6953125,23044.86692,21643.58203125,22874.52471,21752.890625,23154.37262,21829.056640625,23251.71103,21700.6796875,23300.38023,21964.388671875,23361.21673
2017-05-19 12:20:00,21731.466796875,22874.52471,21654.0703125,23154.37262,21793.99609375,23251.71103,21908.9375,23300.38023,21812.580078125,23361.21673,22088.380859375,23190.87452
2017-05-19 12:30:00,21771.224609375,23154.37262,21691.3671875,23251.71103,21856.712890625,23300.38023,22005.1796875,23361.21673,21957.1328125,23190.87452,22253.662109375,23142.20532
2017-05-19 12:40:00,21824.583984375,23251.71103,21767.533203125,23300.38023,21966.052734375,23361.21673,22157.259765625,23190.87452,22140.091796875,23142.20532,22473.025390625,23190.87452
2017-05-19 12:50:00,21995.806640625,23300.38023,21975.26953125,23361.21673,22204.6484375,23190.87452,22442.439453125,23142.20532,22471.416015625,23190.87452,22821.001953125,22521.673
2017-05-19 13:00:00,22270.384765625,23361.21673,22282.025390625,23190.87452,22553.42578125,23142.20532,22844.015625,23190.87452,22913.80859375,22521.673,23309.53125,22205.32319
2017-05-19 13:10:00,22545.224609375,23190.87452,22611.578125,23142.20532,22911.25,23190.87452,23241.72265625,22521.673,23357.517578125,22205.32319,23800.369140625,22022.81369
2017-05-19 13:20:00,22852.166015625,23142.20532,22960.763671875,23190.87452,23294.833984375,22521.673,23655.45703125,22205.32319,23806.619140625,22022.81369,24280.87109375,22485.1711
2017-05-19 13:30:00,23256.5078125,23190.87452,23411.587890625,22521.673,23762.580078125,22205.32319,24151.55078125,22022.81369,24340.435546875,22485.1711,24832.37109375,23105.70342
2017-05-19 13:40:00,23721.41015625,22521.673,23919.892578125,22205.32319,24275.541015625,22022.81369,24673.8515625,22485.1711,24896.466796875,23105.70342,25403.05859375,23738.40304
2017-05-19 13:50:00,24139.369140625,22205.32319,24374.83203125,22022.81369,24728.701171875,22485.1711,25142.962890625,23105.70342,25411.49609375,23738.40304,25908.4453125,24322.43346
2017-05-19 14:00:00,24484.037109375,22022.81369,24739.220703125,22485.1711,25068.166015625,23105.70342,25467.15234375,23738.40304,25763.6015625,24322.43346,26264.009765625,24942.96578
2017-05-19 14:10:00,24777.642578125,22485.1711,25037.458984375,23105.70342,25337.826171875,23738.40304,25719.44921875,24322.43346,26039.58984375,24942.96578,26526.087890625,25478.327
2017-05-19 14:20:00,25146.712890625,23105.70342,25428.158203125,23738.40304,25706.439453125,24322.43346,26078.1171875,24942.96578,26433.5703125,25478.327,26873.935546875,25819.01141
2017-05-19 14:30:00,25469.525390625,23738.40304,25758.28515625,24322.43346,25997.974609375,24942.96578,26348.64453125,25478.327,26723.318359375,25819.01141,27113.103515625,26476.04563
2017-05-19 14:40:00,25743.6484375,24322.43346,26033.048828125,24942.96578,26237.337890625,25478.327,26565.34765625,25819.01141,26954.421875,26476.04563,27310.1640625,27133.07985
2017-05-19 14:50:00,26186.240234375,24942.96578,26479.611328125,25478.327,26660.50390625,25819.01141,26967.71484375,26476.04563,27375.7578125,27133.07985,27659.625,27668.44106
2017-05-19 15:00:00,26613.1328125,25478.327,26906.49609375,25819.01141,27058.15625,26476.04563,27347.091796875,27133.07985,27758.755859375,27668.44106,27990.048828125,28021.29278
2017-05-19 15:10:00,27038.16796875,25819.01141,27322.74609375,26476.04563,27462.591796875,27133.07985,27738.3828125,27668.44106,28135.2734375,28021.29278,28321.90234375,28520.15209
2017-05-19 15:20:00,27498.205078125,26476.04563,27769.53515625,27133.07985,27895.4296875,27668.44106,28164.2109375,28021.29278,28534.126953125,28520.15209,28678.384765625,29043.34601
2017-05-19 15:30:00,27988.65234375,27133.07985,28243.81640625,27668.44106,28346.529296875,28021.29278,28614.267578125,28520.15209,28954.845703125,29043.34601,29054.234375,29481.36882
2017-05-19 15:40:00,28441.912109375,27668.44106,28665.177734375,28021.29278,28749.560546875,28520.15209,29008.6640625,29043.34601,29308.537109375,29481.36882,29379.123046875,29736.88213
2017-05-19 15:50:00,28919.720703125,28021.29278,29122.48046875,28520.15209,29195.48828125,29043.34601,29450.576171875,29481.36882,29701.197265625,29736.88213,29740.341796875,30211.40684
2017-05-19 16:00:00,29324.111328125,28520.15209,29486.380859375,29043.34601,29552.67578125,29481.36882,29787.728515625,29736.88213,29987.240234375,30211.40684,30009.3828125,30539.92395
2017-05-19 16:10:00,29755.60546875,29043.34601,29892.765625,29481.36882,29941.619140625,29736.88213,30160.37109375,30211.40684,30316.115234375,30539.92395,30314.41796875,30953.61217
2017-05-19 16:20:00,30093.279296875,29481.36882,30191.44921875,29736.88213,30235.84765625,30211.40684,30435.544921875,30539.92395,30544.11328125,30953.61217,30533.123046875,30917.11027
2017-05-19 16:30:00,30433.669921875,29736.88213,30503.212890625,30211.40684,30535.935546875,30539.92395,30711.236328125,30953.61217,30773.298828125,30917.11027,30755.26953125,31586.31179
2017-05-19 16:40:00,30723.810546875,30211.40684,30759.669921875,30539.92395,30789.060546875,30953.61217,30937.921875,30917.11027,30952.369140625,31586.31179,30935.1796875,31793.15589
2017-05-19 16:50:00,31000.216796875,30539.92395,31015.39453125,30953.61217,31027.84375,30917.11027,31155.966796875,31586.31179,31139.0234375,31793.15589,31111.837890625,32365.01901
2017-05-19 17:00:00,31245.96484375,30953.61217,31232.421875,30917.11027,31244.1875,31586.31179,31347.6640625,31793.15589,31291.755859375,32365.01901,31266.865234375,32705.70342
2017-05-19 17:10:00,31519.958984375,30917.11027,31489.3671875,31586.31179,31493.345703125,31793.15589,31578.658203125,32365.01901,31485.400390625,32705.70342,31460.1796875,32158.1749
2017-05-19 17:20:00,31746.0859375,31586.31179,31699.55859375,31793.15589,31693.490234375,32365.01901,31755.26953125,32705.70342,31627.640625,32158.1749,31608.8203125,31476.80608
2017-05-19 17:30:00,31988.884765625,31793.15589,31925.826171875,32365.01901,31910.83203125,32705.70342,31955.060546875,32158.1749,31794.7109375,31476.80608,31778.23046875,31245.62738
2017-05-19 17:40:00,32156.814453125,32365.01901,32083.373046875,32705.70342,32047.8203125,32158.1749,32071.0859375,31476.80608,31883.978515625,31245.62738,31863.09375,31196.95817
2017-05-19 17:50:00,32358.2421875,32705.70342,32270.05859375,32158.1749,32229.4140625,31476.80608,32227.12890625,31245.62738,32004.8125,31196.95817,31982.28515625,31026.61597
2017-05-19 18:00:00,32510.369140625,32158.1749,32403.630859375,31476.80608,32347.3828125,31245.62738,32330.869140625,31196.95817,32077.61328125,31026.61597,32059.4140625,30941.44487
2017-05-19 18:10:00,32685.498046875,31476.80608,32572.244140625,31245.62738,32509.33984375,31196.95817,32465.958984375,31026.61597,32187.611328125,30941.44487,32173.2109375,30442.58555
2017-05-19 18:20:00,32754.634765625,31245.62738,32631.25390625,31196.95817,32539.60546875,31026.61597,32470.658203125,30941.44487,32179.029296875,30442.58555,32157.18359375,30345.24715
2017-05-19 18:30:00,32862.59375,31196.95817,32732.23828125,31026.61597,32627.345703125,30941.44487,32526.0390625,30442.58555,32224.263671875,30345.24715,32205.44140625,30661.59696
2017-05-19 18:40:00,32874.234375,31026.61597,32727.609375,30941.44487,32603.451171875,30442.58555,32472.177734375,30345.24715,32164.443359375,30661.59696,32150.306640625,31123.95437
2017-05-19 18:50:00,32867.0078125,30941.44487,32698.294921875,30442.58555,32556.478515625,30345.24715,32388.58203125,30661.59696,32073.701171875,31123.95437,32068.716796875,31257.79468
2017-05-19 19:00:00,32780.53515625,30442.58555,32591.408203125,30345.24715,32436.935546875,30661.59696,32230.603515625,31123.95437,31917.7109375,31257.79468,31922.900390625,31026.61597
2017-05-19 19:10:00,32650.90234375,30345.24715,32443.0078125,30661.59696,32281.6484375,31123.95437,32031.279296875,31257.79468,31721.671875,31026.61597,31750.30859375,31196.95817
2017-05-19 19:20:00,32460.056640625,30661.59696,32216.4140625,31123.95437,32050.455078125,31257.79468,31770.765625,31026.61597,31460.01953125,31196.95817,31514.251953125,31184.79087
2017-05-19 19:30:00,32266.474609375,31123.95437,31998.306640625,31257.79468,31834.46484375,31026.61597,31518.73046875,31196.95817,31212.8125,31184.79087,31294.267578125,31111.78707
2017-05-19 19:40:00,31990.744140625,31257.79468,31697.673828125,31026.61597,31533.673828125,31196.95817,31196.380859375,31184.79087,30902.005859375,31111.78707,31009.734375,31002.28137
2017-05-19 19:50:00,31776.09375,31026.61597,31470.892578125,31196.95817,31317.638671875,31184.79087,30962.626953125,31111.78707,30677.625,31002.28137,30817.822265625,31123.95437
2017-05-19 20:00:00,31483.666015625,31196.95817,31164.744140625,31184.79087,31028.4375,31111.78707,30675.45703125,31002.28137,30397.9296875,31123.95437,30570.216796875,30844.10646
2017-05-19 20:10:00,31278.896484375,31184.79087,30960.234375,31111.78707,30837.4375,31002.28137,30479.87890625,31123.95437,30220.759765625,30844.10646,30424.50390625,30418.25095
2017-05-19 20:20:00,31052.8359375,31111.78707,30728.84765625,31002.28137,30627.0703125,31123.95437,30291.837890625,30844.10646,30049.66015625,30418.25095,30287.73828125,30527.75665
2017-05-19 20:30:00,30892.607421875,31002.28137,30584.361328125,31123.95437,30503.919921875,30844.10646,30189.048828125,30418.25095,29968.677734375,30527.75665,30242.91015625,30418.25095
2017-05-19 20:40:00,30708.37109375,31123.95437,30398.10546875,30844.10646,30337.1640625,30418.25095,30064.46484375,30527.75665,29871.982421875,30418.25095,30167.939453125,30734.60076
2017-05-19 20:50:00,30631.39453125,30844.10646,30342.611328125,30418.25095,30298.2421875,30527.75665,30060.30078125,30418.25095,29891.365234375,30734.60076,30216.220703125,30466.92015
2017-05-19 21:00:00,30426.072265625,30418.25095,30158.271484375,30527.75665,30137.58203125,30418.25095,29962.962890625,30734.60076,29825.546875,30466.92015,30189.142578125,30466.92015
2017-05-19 21:10:00,30373.68359375,30527.75665,30140.568359375,30418.25095,30134.439453125,30734.60076,30006.04296875,30466.92015,29901.18359375,30466.92015,30286.931640625,30369.58175
2017-05-19 21:20:00,30255.494140625,30418.25095,30055.0078125,30734.60076,30067.634765625,30466.92015,30011.583984375,30466.92015,29964.64453125,30369.58175,30363.228515625,30320.91255
2017-05-19 21:30:00,30225.11328125,30734.60076,30066.8125,30466.92015,30095.41015625,30466.92015,30096.8515625,30369.58175,30079.2109375,30320.91255,30499.78125,30320.91255
2017-05-19 21:40:00,30118.076171875,30466.92015,30008.890625,30466.92015,30060.880859375,30369.58175,30159.615234375,30320.91255,30207.3984375,30320.91255,30664.947265625,30272.24335
2017-05-19 21:50:00,30169.873046875,30466.92015,30116.552734375,30369.58175,30190.97265625,30320.91255,30362.150390625,30320.91255,30474.2421875,30272.24335,30944.55859375,30272.24335
2017-05-19 22:00:00,30255.072265625,30369.58175,30267.025390625,30320.91255,30387.50390625,30320.91255,30666.046875,30272.24335,30854.080078125,30272.24335,31375.462890625,30564.25856
2017-05-19 22:10:00,30467.029296875,30320.91255,30531.798828125,30320.91255,30681.958984375,30272.24335,31053.400390625,30272.24335,31316.259765625,30564.25856,31837.568359375,30771.10266
2017-05-19 22:20:00,30822.08203125,30320.91255,30948.94140625,30272.24335,31170.62109375,30272.24335,31664.32421875,30564.25856,32016.880859375,30771.10266,32598.177734375,31257.79468
2017-05-19 22:30:00,31245.078125,30272.24335,31436.83984375,30272.24335,31706.072265625,30564.25856,32307.5234375,30771.10266,32725.177734375,31257.79468,33335.94921875,31987.8327
2017-05-19 22:40:00,31623.236328125,30272.24335,31867.2265625,30564.25856,32197.822265625,30771.10266,32884.10546875,31257.79468,33382.26171875,31987.8327,34031.9765625,34202.28137
2017-05-19 22:50:00,32285.5625,30564.25856,32589.587890625,30771.10266,32966.9921875,31257.79468,33760.21875,31987.8327,34346.44140625,34202.28137,35003.05078125,37426.61597
2017-05-19 23:00:00,32720.271484375,30771.10266,33077.67578125,31257.79468,33506.4453125,31987.8327,34369.06640625,34202.28137,35021.1796875,37426.61597,35716.890625,38436.5019
2017-05-19 23:10:00,33600.64453125,31257.79468,34016.65625,31987.8327,34501.703125,34202.28137,35419.53515625,37426.61597,36127.1875,38436.5019,36842.0078125,38789.35361
2017-05-19 23:20:00,34383.91796875,31987.8327,34844.0625,34202.28137,35350.1015625,37426.61597,36309.078125,38436.5019,37076.68359375,38789.35361,37756.05078125,38886.69202
2017-05-19 23:30:00,35404.21484375,34202.28137,35911.33984375,37426.61597,36442.43359375,38436.5019,37364.33203125,38789.35361,38132.5703125,38886.69202,38775.7734375,39178.70722
2017-05-19 23:40:00,36397.96875,37426.61597,36911.52734375,38436.5019,37428.4921875,38789.35361,38276.88671875,38886.69202,39022.3515625,39178.70722,39549.9296875,39507.22433
2017-05-19 23:50:00,37586.859375,38436.5019,38095.84375,38789.35361,38561.6015625,38886.69202,39185.85546875,39178.70722,39834.34765625,39507.22433,40192.1640625,39324.71483
2017-05-20 00:00:00,38405.5703125,38789.35361,38876.23828125,38886.69202,39231.73046875,39178.70722,39590.27734375,39507.22433,40110.7734375,39324.71483,40262.7734375,39300.38023
2017-05-20 00:10:00,38958.81640625,38886.69202,39395.6015625,39178.70722,39597.484375,39507.22433,39722.34765625,39324.71483,40135.4140625,39300.38023,40103.125,38984.03042
2017-05-20 00:20:00,38987.84375,39178.70722,39363.4921875,39507.22433,39446.25390625,39324.71483,39437.70703125,39300.38023,39772.81640625,38984.03042,39602.0078125,38777.18631
2017-05-20 00:30:00,38997.58984375,39507.22433,39336.4609375,39324.71483,39345.19140625,39300.38023,39232.6328125,38984.03042,39486.24609375,38777.18631,39236.30078125,38692.01521
2017-05-20 00:40:00,38942.6640625,39324.71483,39259.4609375,39300.38023,39234.25,38984.03042,39072.29296875,38777.18631,39295.37890625,38692.01521,38994.01953125,38485.1711
2017-05-20 00:50:00,38901.3046875,39300.38023,39184.23046875,38984.03042,39152.1171875,38777.18631,38947.20703125,38692.01521,39116.40625,38485.1711,38791.39453125,38436.5019
2017-05-20 01:00:00,38912.41796875,38984.03042,39161.390625,38777.18631,39116.640625,38692.01521,38892.9375,38485.1711,39033.51171875,38436.5019,38684.31640625,38059.31559
2017-05-20 01:10:00,38961.83984375,38777.18631,39163.12890625,38692.01521,39106.203125,38485.1711,38866.71875,38436.5019,38964.0234375,38059.31559,38601.50390625,37840.30418
2017-05-20 01:20:00,38946.59765625,38692.01521,39106.55078125,38485.1711,39024.90625,38436.5019,38770.40625,38059.31559,38848.7578125,37840.30418,38469.75,37682.12928
2017-05-20 01:30:00,38953.01171875,38485.1711,39063.328125,38436.5019,38974.74609375,38059.31559,38693.07421875,37840.30418,38729.62109375,37682.12928,38356.83203125,38180.98859
2017-05-20 01:40:00,38925.0859375,38436.5019,38986.41015625,38059.31559,38878.83984375,37840.30418,38573.1875,37682.12928,38581.5625,38180.98859,38217.5546875,38473.0038
2017-05-20 01:50:00,38876.734375,38059.31559,38880.3125,37840.30418,38756.671875,37682.12928,38424.265625,38180.98859,38387.015625,38473.0038,38023.3828125,38363.4981
2017-05-20 02:00:00,38778.7578125,37840.30418,38731.55078125,37682.12928,38579.2421875,38180.98859,38208.42578125,38473.0038,38168.43359375,38363.4981,37805.1484375,38253.9924
2017-05-20 02:10:00,38662.90234375,37682.12928,38552.765625,38180.98859,38380.96484375,38473.0038,37973.12109375,38363.4981,37909.24609375,38253.9924,37555.19140625,37925.47529
2017-05-20 02:20:00,38504.8515625,38180.98859,38338.2734375,38473.0038,38136.9609375,38363.4981,37695.21875,38253.9924,37619.6796875,37925.47529,37273.30859375,37523.95437
2017-05-20 02:30:00,38269.5390625,38473.0038,38028.02734375,38363.4981,37806.546875,38253.9924,37326.20703125,37925.47529,37233.95703125,37523.95437,36880.3515625,36915.58935
2017-05-20 02:40:00,38051.734375,38363.4981,37750.62109375,38253.9924,37506.31640625,37925.47529,36988.78125,37523.95437,36898.2890625,36915.58935,36535.45703125,36806.08365
2017-05-20 02:50:00,37788.50390625,38253.9924,37421.5546875,37925.47529,37172.1171875,37523.95437,36624.3984375,36915.58935,36489.19921875,36806.08365,36119.5078125,36538.40304
2017-05-20 03:00:00,37530.76953125,37925.47529,37114.515625,37523.95437,36838.109375,36915.58935,36265.31640625,36806.08365,36117.5859375,36538.40304,35725.3359375,36088.21293
2017-05-20 03:10:00,37215.4765625,37523.95437,36737.6328125,36915.58935,36458.72265625,36806.08365,35859.16796875,36538.40304,35673.99609375,36088.21293,35253.59765625,35601.52091
2017-05-20 03:20:00,36916.92578125,36915.58935,36397.09375,36806.08365,36094.53125,36538.40304,35471.25390625,36088.21293,35264.80859375,35601.52091,34828.3125,34871.48289
2017-05-20 03:30:00,36631.76953125,36806.08365,36059.0,36538.40304,35744.72265625,36088.21293,35104.8125,35601.52091,34854.671875,34871.48289,34389.375,34445.62738
2017-05-20 03:40:00,36300.59765625,36538.40304,35694.6875,36088.21293,35348.2578125,35601.52091,34691.9140625,34871.48289,34407.0703125,34445.62738,33923.08203125,34031.93916
2017-05-20 03:50:00,35899.06640625,36088.21293,35260.1171875,35601.52091,34879.8828125,34871.48289,34214.140625,34445.62738,33879.3359375,34031.93916,33358.9140625,33593.91635
2017-05-20 04:00:00,35497.7109375,35601.52091,34839.921875,34871.48289,34415.18359375,34445.62738,33741.9609375,34031.93916,33362.859375,33593.91635,32826.27734375,32876.04563
2017-05-20 04:10:00,35024.171875,34871.48289,34330.625,34445.62738,33873.05859375,34031.93916,33202.53125,33593.91635,32764.236328125,32876.04563,32193.689453125,32413.68821
2017-05-20 04:20:00,34549.421875,34445.62738,33848.0703125,34031.93916,33341.8671875,33593.91635,32677.884765625,32876.04563,32200.60546875,32413.68821,31611.712890625,31951.3308
2017-05-20 04:30:00,33947.05078125,34031.93916,33208.92578125,33593.91635,32678.369140625,32876.04563,32022.482421875,32413.68821,31496.423828125,31951.3308,30878.7421875,31306.46388
2017-05-20 04:40:00,33348.125,33593.91635,32603.69140625,32876.04563,32030.958984375,32413.68821,31388.765625,31951.3308,30840.962890625,31306.46388,30186.3046875,30722.43346
2017-05-20 04:50:00,32700.92578125,32876.04563,31922.751953125,32413.68821,31339.6484375,31951.3308,30700.98046875,31306.46388,30141.17578125,30722.43346,29458.685546875,30333.07985
2017-05-20 05:00:00,32095.775390625,32413.68821,31302.30078125,31951.3308,30700.384765625,31306.46388,30069.607421875,30722.43346,29519.125,30333.07985,28811.271484375,29067.68061
2017-05-20 05:10:00,31453.19140625,31951.3308,30629.365234375,31306.46388,30037.052734375,30722.43346,29416.96484375,30333.07985,28874.978515625,29067.68061,28161.58984375,28544.48669
2017-05-20 05:20:00,30811.9140625,31306.46388,29977.0234375,30722.43346,29385.046875,30333.07985,28777.388671875,29067.68061,28257.458984375,28544.48669,27536.994140625,27692.77567
2017-05-20 05:30:00,30175.5546875,30722.43346,29308.650390625,30333.07985,28738.6328125,29067.68061,28152.888671875,28544.48669,27660.822265625,27692.77567,26947.955078125,26792.39544
2017-05-20 05:40:00,29545.388671875,30333.07985,28679.689453125,29067.68061,28143.037109375,28544.48669,27580.794921875,27692.77567,27116.337890625,26792.39544,26421.79296875,26098.85932
2017-05-20 05:50:00,28941.458984375,29067.68061,28064.603515625,28544.48669,27561.306640625,27692.77567,27035.4765625,26792.39544,26584.041015625,26098.85932,25924.568359375,25648.6692
2017-05-20 06:00:00,28409.767578125,28544.48669,27531.931640625,27692.77567,27076.150390625,26792.39544,26579.142578125,26098.85932,26140.681640625,25648.6692,25514.71875,25076.80608
2017-05-20 06:10:00,27851.318359375,27692.77567,26975.361328125,26792.39544,26570.169921875,26098.85932,26116.048828125,25648.6692,25666.71875,25076.80608,25099.744140625,24602.28137
2017-05-20 06:20:00,27218.5546875,26792.39544,26398.607421875,26098.85932,26007.263671875,25648.6692,25570.431640625,25076.80608,25153.630859375,24602.28137,24613.9375,23945.24715
2017-05-20 06:30:00,26604.666015625,26098.85932,25820.01953125,25648.6692,25482.568359375,25076.80608,25052.982421875,24602.28137,24656.58203125,23945.24715,24167.40625,23531.55894
2017-05-20 06:40:00,26101.43359375,25648.6692,25375.6484375,25076.80608,25047.56640625,24602.28137,24655.8984375,23945.24715,24272.677734375,23531.55894,23821.771484375,23154.37262
2017-05-20 06:50:00,25602.3046875,25076.80608,24931.96875,24602.28137,24637.037109375,23945.24715,24280.6015625,23531.55894,23909.76953125,23154.37262,23508.138671875,22643.34601
2017-05-20 07:00:00,25161.94921875,24602.28137,24583.1484375,23945.24715,24285.177734375,23531.55894,23961.10546875,23154.37262,23610.2421875,22643.34601,23263.345703125,22521.673
2017-05-20 07:10:00,24740.841796875,23945.24715,24240.455078125,23531.55894,23947.123046875,23154.37262,23653.974609375,22643.34601,23311.123046875,22521.673,23008.037109375,22107.98479
2017-05-20 07:20:00,24381.2578125,23531.55894,23969.2578125,23154.37262,23674.84375,22643.34601,23425.400390625,22521.673,23092.501953125,22107.98479,22851.17578125,21706.46388
2017-05-20 07:30:00,24080.939453125,23154.37262,23734.4140625,22643.34601,23445.4765625,22521.673,23235.224609375,22107.98479,22898.044921875,21706.46388,22714.537109375,21791.63498
2017-05-20 07:40:00,23793.853515625,22643.34601,23527.322265625,22521.673,23239.38671875,22107.98479,23060.205078125,21706.46388,22718.736328125,21791.63498,22593.462890625,21633.46008
2017-05-20 07:50:00,23553.947265625,22521.673,23345.47265625,22107.98479,23056.322265625,21706.46388,22905.54296875,21791.63498,22566.73828125,21633.46008,22491.142578125,21402.28137
2017-05-20 08:00:00,23335.5625,22107.98479,23187.220703125,21706.46388,22901.529296875,21791.63498,22788.607421875,21633.46008,22438.482421875,21402.28137,22410.5859375,21207.60456
2017-05-20 08:10:00,23151.54296875,21706.46388,23038.935546875,21791.63498,22771.869140625,21633.46008,22675.12109375,21402.28137,22343.41796875,21207.60456,22346.462890625,21134.60076
2017-05-20 08:20:00,22995.79296875,21791.63498,22923.513671875,21633.46008,22669.28125,21402.28137,22590.248046875,21207.60456,22254.30859375,21134.60076,22303.240234375,20952.09125
2017-05-20 08:30:00,22873.443359375,21633.46008,22836.6640625,21402.28137,22586.927734375,21207.60456,22539.447265625,21134.60076,22199.39453125,20952.09125,22275.318359375,20720.91255
2017-05-20 08:40:00,22755.220703125,21402.28137,22742.490234375,21207.60456,22499.849609375,21134.60076,22485.376953125,20952.09125,22128.380859375,20720.91255,22237.927734375,20574.90494
2017-05-20 08:50:00,22621.6875,21207.60456,22628.794921875,21134.60076,22410.51953125,20952.09125,22395.173828125,20720.91255,22041.62109375,20574.90494,22174.21875,20428.89734
2017-05-20 09:00:00,22523.673828125,21134.60076,22552.095703125,20952.09125,22346.376953125,20720.91255,22342.625,20574.90494,21987.71484375,20428.89734,22139.537109375,20295.05703
2017-05-20 09:10:00,22441.5078125,20952.09125,22483.0546875,20720.91255,22294.1015625,20574.90494,22289.521484375,20428.89734,21920.9140625,20295.05703,22099.78125,20222.05323
2017-05-20 09:20:00,22374.068359375,20720.91255,22411.048828125,20574.90494,22251.052734375,20428.89734,22244.4296875,20295.05703,21868.9375,20222.05323,22059.58984375,20368.06084
2017-05-20 09:30:00,22286.44921875,20574.90494,22316.35546875,20428.89734,22182.744140625,20295.05703,22170.513671875,20222.05323,21784.751953125,20368.06084,21987.7578125,20282.88973
2017-05-20 09:40:00,22207.75390625,20428.89734,22234.373046875,20295.05703,22127.38671875,20222.05323,22099.3828125,20368.06084,21720.267578125,20282.88973,21928.029296875,20428.89734
2017-05-20 09:50:00,22150.0,20295.05703,22161.009765625,20222.05323,22081.576171875,20368.06084,22048.248046875,20282.88973,21661.791015625,20428.89734,21871.138671875,20453.23194
2017-05-20 10:00:00,22101.783203125,20222.05323,22103.875,20368.06084,22043.078125,20282.88973,22001.6015625,20428.89734,21610.458984375,20453.23194,21831.126953125,20416.73004
2017-05-20 10:10:00,22026.361328125,20368.06084,22017.470703125,20282.88973,21981.814453125,20428.89734,21938.16015625,20453.23194,21542.20703125,20416.73004,21774.2109375,20331.55894
2017-05-20 10:20:00,21971.89453125,20282.88973,21956.041015625,20428.89734,21931.9921875,20453.23194,21880.220703125,20416.73004,21493.244140625,20331.55894,21732.712890625,20416.73004
2017-05-20 10:30:00,21899.8828125,20428.89734,21864.12890625,20453.23194,21860.345703125,20416.73004,21800.775390625,20331.55894,21428.404296875,20416.73004,21670.728515625,20526.23574
2017-05-20 10:40:00,21835.5078125,20453.23194,21807.740234375,20416.73004,21813.9296875,20331.55894,21744.607421875,20416.73004,21396.1640625,20526.23574,21636.447265625,20526.23574
2017-05-20 10:50:00,21753.224609375,20416.73004,21710.25390625,20331.55894,21732.06640625,20416.73004,21667.5703125,20526.23574,21327.337890625,20526.23574,21569.76171875,20635.74144
2017-05-20 11:00:00,21671.689453125,20331.55894,21631.09765625,20416.73004,21660.291015625,20526.23574,21594.4453125,20526.23574,21284.9453125,20635.74144,21532.05078125,20903.42205
2017-05-20 11:10:00,21596.203125,20416.73004,21560.912109375,20526.23574,21592.091796875,20526.23574,21525.44921875,20635.74144,21224.84765625,20903.42205,21489.9375,21633.46008
2017-05-20 11:20:00,21528.224609375,20526.23574,21486.18359375,20526.23574,21532.798828125,20635.74144,21468.814453125,20903.42205,21201.60546875,21633.46008,21469.861328125,22278.327
2017-05-20 11:30:00,21454.11328125,20526.23574,21419.361328125,20635.74144,21463.6796875,20903.42205,21415.251953125,21633.46008,21160.517578125,22278.327,21445.666015625,22217.49049
2017-05-20 11:40:00,21370.068359375,20635.74144,21330.1484375,20903.42205,21385.04296875,21633.46008,21341.205078125,22278.327,21108.90625,22217.49049,21414.458984375,22132.31939
2017-05-20 11:50:00,21299.41015625,20903.42205,21263.947265625,21633.46008,21327.732421875,22278.327,21302.650390625,22217.49049,21084.19140625,22132.31939,21404.1171875,22424.3346
2017-05-20 12:00:00,21251.12890625,21633.46008,21218.2265625,22278.327,21286.625,22217.49049,21294.126953125,22132.31939,21100.16796875,22424.3346,21436.263671875,22485.1711
2017-05-20 12:10:00,21191.341796875,22278.327,21150.400390625,22217.49049,21242.630859375,22132.31939,21266.333984375,22424.3346,21094.26171875,22485.1711,21447.412109375,21925.47529
2017-05-20 12:20:00,21134.57421875,22217.49049,21120.87109375,22132.31939,21216.33203125,22424.3346,21273.884765625,22485.1711,21124.052734375,21925.47529,21511.822265625,21475.28517
2017-05-20 12:30:00,21170.5234375,22132.31939,21155.970703125,22424.3346,21286.26171875,22485.1711,21378.376953125,21925.47529,21274.005859375,21475.28517,21649.306640625,20781.74905
2017-05-20 12:40:00,21216.212890625,22424.3346,21212.216796875,22485.1711,21357.962890625,21925.47529,21500.541015625,21475.28517,21409.755859375,20781.74905,21828.716796875,20538.40304
2017-05-20 12:50:00,21271.90625,22485.1711,21301.18359375,21925.47529,21468.93359375,21475.28517,21650.724609375,20781.74905,21592.484375,20538.40304,22028.564453125,19954.37262
2017-05-20 13:00:00,21468.30078125,21925.47529,21521.27734375,21475.28517,21719.298828125,20781.74905,21949.8828125,20538.40304,21910.25390625,19954.37262,22374.728515625,19686.69202
2017-05-20 13:10:00,21660.546875,21475.28517,21745.0859375,20781.74905,21984.423828125,20538.40304,22255.486328125,19954.37262,22254.990234375,19686.69202,22761.556640625,19796.19772
2017-05-20 13:20:00,21881.0703125,20781.74905,21999.70703125,20538.40304,22256.89453125,19954.37262,22553.87890625,19686.69202,22571.107421875,19796.19772,23101.546875,20574.90494
2017-05-20 13:30:00,22229.765625,20538.40304,22376.931640625,19954.37262,22669.4296875,19686.69202,22997.998046875,19796.19772,23053.208984375,20574.90494,23601.798828125,20745.24715
2017-05-20 13:40:00,22508.720703125,19954.37262,22679.5234375,19686.69202,22972.208984375,19796.19772,23289.88671875,20574.90494,23380.435546875,20745.24715,23937.419921875,21596.95817
2017-05-20 13:50:00,22734.216796875,19686.69202,22925.302734375,19796.19772,23230.404296875,20574.90494,23558.919921875,20745.24715,23678.330078125,21596.95817,24247.3984375,21937.64259
2017-05-20 14:00:00,22993.45703125,19796.19772,23201.7890625,20574.90494,23481.90234375,20745.24715,23802.240234375,21596.95817,23956.5390625,21937.64259,24525.74609375,22217.49049
2017-05-20 14:10:00,23184.5859375,20574.90494,23402.080078125,20745.24715,23673.6953125,21596.95817,23968.82421875,21937.64259,24157.30859375,22217.49049,24707.388671875,22984.03042
2017-05-20 14:20:00,23419.529296875,20745.24715,23653.17578125,21596.95817,23878.251953125,21937.64259,24166.69921875,22217.49049,24388.078125,22984.03042,24921.02734375,24115.58935
2017-05-20 14:30:00,23760.435546875,21596.95817,24020.376953125,21937.64259,24227.46875,22217.49049,24499.541015625,22984.03042,24760.2265625,24115.58935,25250.28515625,25125.47529
2017-05-20 14:40:00,24095.154296875,21937.64259,24374.62890625,22217.49049,24535.80078125,22984.03042,24795.900390625,24115.58935,25092.4609375,25125.47529,25545.689453125,25758.1749
2017-05-20 14:50:00,24429.396484375,22217.49049,24726.876953125,22984.03042,24859.46875,24115.58935,25104.970703125,25125.47529,25428.919921875,25758.1749,25823.5,26232.69962
2017-05-20 15:00:00,24854.748046875,22984.03042,25164.744140625,24115.58935,25286.462890625,25125.47529,25517.056640625,25758.1749,25866.8203125,26232.69962,26206.095703125,26524.71483
2017-05-20 15:10:00,25261.958984375,24115.58935,25567.962890625,25125.47529,25699.595703125,25758.1749,25919.853515625,26232.69962,26276.337890625,26524.71483,26575.26171875,26828.89734
2017-05-20 15:20:00,25881.783203125,25125.47529,26200.005859375,25758.1749,26315.951171875,26232.69962,26526.650390625,26524.71483,26885.5234375,26828.89734,27126.08984375,27631.93916
2017-05-20 15:30:00,26601.947265625,25758.1749,26925.251953125,26232.69962,27045.794921875,26524.71483,27239.080078125,26828.89734,27600.248046875,27631.93916,27765.25,28179.46768
2017-05-20 15:40:00,27230.59765625,26232.69962,27562.267578125,26524.71483,27649.8984375,26828.89734,27842.326171875,27631.93916,28162.689453125,28179.46768,28274.150390625,28617.49049
2017-05-20 15:50:00,27901.90625,26524.71483,28225.65625,26828.89734,28289.248046875,27631.93916,28498.97265625,28179.46768,28763.66015625,28617.49049,28837.048828125,29371.86312
2017-05-20 16:00:00,28486.7109375,26828.89734,28773.564453125,27631.93916,28811.228515625,28179.46768,29021.4765625,28617.49049,29239.826171875,29371.86312,29282.072265625,29542.20532
2017-05-20 16:10:00,28922.162109375,27631.93916,29168.982421875,28179.46768,29215.498046875,28617.49049,29420.494140625,29371.86312,29582.126953125,29542.20532,29583.857421875,29749.04943
2017-05-20 16:20:00,29397.9609375,28179.46768,29595.21875,28617.49049,29624.447265625,29371.86312,29812.423828125,29542.20532,29928.169921875,29749.04943,29888.259765625,30053.23194
2017-05-20 16:30:00,29724.62109375,28617.49049,29899.6015625,29371.86312,29917.826171875,29542.20532,30086.37890625,29749.04943,30144.09765625,30053.23194,30097.98828125,30174.90494
2017-05-20 16:40:00,30145.6171875,29371.86312,30289.49609375,29542.20532,30314.06640625,29749.04943,30451.8671875,30053.23194,30459.345703125,30174.90494,30405.71875,30381.74905
2017-05-20 16:50:00,30390.654296875,29542.20532,30506.494140625,29749.04943,30517.322265625,30053.23194,30628.509765625,30174.90494,30605.61328125,30381.74905,30541.9609375,30758.93536
2017-05-20 17:00:00,30754.48046875,29749.04943,30822.63671875,30053.23194,30844.248046875,30174.90494,30922.69921875,30381.74905,30850.23828125,30758.93536,30796.408203125,30734.60076
2017-05-20 17:10:00,30966.177734375,30053.23194,31006.728515625,30174.90494,31034.943359375,30381.74905,31085.17578125,30758.93536,30979.107421875,30734.60076,30925.486328125,30600.76046
2017-05-20 17:20:00,31272.037109375,30174.90494,31291.712890625,30381.74905,31305.119140625,30758.93536,31333.0703125,30734.60076,31201.486328125,30600.76046,31140.837890625,30552.09125
2017-05-20 17:30:00,31439.21484375,30381.74905,31454.212890625,30758.93536,31457.115234375,30734.60076,31463.828125,30600.76046,31309.80078125,30552.09125,31245.85546875,30515.58935
2017-05-20 17:40:00,31625.111328125,30758.93536,31627.876953125,30734.60076,31601.06640625,30600.76046,31599.060546875,30552.09125,31416.693359375,30515.58935,31336.369140625,30576.42586
2017-05-20 17:50:00,31723.771484375,30734.60076,31713.560546875,30600.76046,31657.140625,30552.09125,31634.869140625,30515.58935,31437.271484375,30576.42586,31345.318359375,30661.59696
2017-05-20 18:00:00,31888.333984375,30600.76046,31866.44140625,30552.09125,31787.078125,30515.58935,31731.619140625,30576.42586,31515.369140625,30661.59696,31421.96484375,30673.76426
2017-05-20 18:10:00,31955.033203125,30552.09125,31919.951171875,30515.58935,31809.74609375,30576.42586,31727.556640625,30661.59696,31508.107421875,30673.76426,31404.673828125,30746.76806
2017-05-20 18:20:00,32044.84375,30515.58935,31990.412109375,30576.42586,31860.0546875,30661.59696,31750.208984375,30673.76426,31505.103515625,30746.76806,31410.306640625,30576.42586
2017-05-20 18:30:00,32084.833984375,30576.42586,32014.03515625,30661.59696,31870.033203125,30673.76426,31721.734375,30746.76806,31462.41015625,30576.42586,31376.876953125,30661.59696
2017-05-20 18:40:00,32093.01953125,30661.59696,32006.439453125,30673.76426,31834.845703125,30746.76806,31649.708984375,30576.42586,31379.724609375,30661.59696,31298.103515625,30588.59316
2017-05-20 18:50:00,32061.978515625,30673.76426,31956.908203125,30746.76806,31776.876953125,30576.42586,31557.017578125,30661.59696,31280.3359375,30588.59316,31204.203125,30320.91255
2017-05-20 19:00:00,32020.5859375,30746.76806,31893.169921875,30576.42586,31700.935546875,30661.59696,31449.1328125,30588.59316,31161.908203125,30320.91255,31101.349609375,30041.06464
2017-05-20 19:10:00,31941.0703125,30576.42586,31792.458984375,30661.59696,31589.439453125,30588.59316,31302.423828125,30320.91255,31019.2734375,30041.06464,30961.830078125,29968.06084
2017-05-20 19:20:00,31848.287109375,30661.59696,31679.0625,30588.59316,31476.34765625,30320.91255,31147.96484375,30041.06464,30869.96484375,29968.06084,30821.765625,29907.22433
2017-05-20 19:30:00,31711.767578125,30588.59316,31508.318359375,30320.91255,31306.228515625,30041.06464,30951.93359375,29968.06084,30680.939453125,29907.22433,30649.861328125,30199.23954
2017-05-20 19:40:00,31553.001953125,30320.91255,31333.08203125,30041.06464,31132.55078125,29968.06084,30752.2109375,29907.22433,30479.330078125,30199.23954,30466.119140625,29919.39163
2017-05-20 19:50:00,31413.921875,30041.06464,31159.072265625,29968.06084,30968.205078125,29907.22433,30569.55078125,30199.23954,30302.376953125,29919.39163,30307.798828125,29919.39163
2017-05-20 20:00:00,31247.82421875,29968.06084,30980.68359375,29907.22433,30795.595703125,30199.23954,30382.775390625,29919.39163,30129.18359375,29919.39163,30156.9140625,29700.38023
2017-05-20 20:10:00,31061.55078125,29907.22433,30769.322265625,30199.23954,30605.10546875,29919.39163,30179.24609375,29919.39163,29926.681640625,29700.38023,29981.306640625,29250.19011
2017-05-20 20:20:00,30863.1484375,30199.23954,30560.21875,29919.39163,30404.576171875,29919.39163,29970.42578125,29700.38023,29737.083984375,29250.19011,29814.841796875,29067.68061
2017-05-20 20:30:00,30707.70703125,29919.39163,30388.966796875,29919.39163,30252.734375,29700.38023,29823.076171875,29250.19011,29599.828125,29067.68061,29704.974609375,28921.673
2017-05-20 20:40:00,30441.255859375,29919.39163,30128.376953125,29700.38023,30003.755859375,29250.19011,29570.126953125,29067.68061,29370.2578125,28921.673,29512.662109375,29019.01141
2017-05-20 20:50:00,30269.5625,29700.38023,29950.109375,29250.19011,29850.568359375,29067.68061,29432.81640625,28921.673,29241.005859375,29019.01141,29419.205078125,28848.6692
2017-05-20 21:00:00,30057.748046875,29250.19011,29754.201171875,29067.68061,29666.603515625,28921.673,29274.349609375,29019.01141,29105.958984375,28848.6692,29309.58984375,28641.8251
2017-05-20 21:10:00,29831.884765625,29067.68061,29530.607421875,28921.673,29460.373046875,29019.01141,29097.427734375,28848.6692,28941.705078125,28641.8251,29188.603515625,28130.79848
2017-05-20 21:20:00,29643.560546875,28921.673,29374.33984375,29019.01141,29317.982421875,28848.6692,28993.638671875,28641.8251,28876.150390625,28130.79848,29151.7265625,28033.46008
2017-05-20 21:30:00,29432.916015625,29019.01141,29182.16015625,28848.6692,29145.828125,28641.8251,28880.251953125,28130.79848,28792.53125,28033.46008,29102.2578125,28118.63118
2017-05-20 21:40:00,29272.634765625,28848.6692,29050.486328125,28641.8251,29030.927734375,28130.79848,28820.1484375,28033.46008,28775.25390625,28118.63118,29110.59765625,28203.80228
2017-05-20 21:50:00,29108.390625,28641.8251,28927.240234375,28130.79848,28923.998046875,28033.46008,28793.25390625,28118.63118,28793.80859375,28203.80228,29161.70703125,28483.65019
2017-05-20 22:00:00,28996.513671875,28130.79848,28869.681640625,28033.46008,28897.373046875,28118.63118,28835.28125,28203.80228,28881.8203125,28483.65019,29292.890625,29128.51711
2017-05-20 22:10:00,28942.353515625,28033.46008,28860.466796875,28118.63118,28920.5625,28203.80228,28963.150390625,28483.65019,29064.7578125,29128.51711,29502.52734375,29311.02662
2017-05-20 22:20:00,28994.861328125,28118.63118,28986.708984375,28203.80228,29102.05859375,28483.65019,29229.9140625,29128.51711,29403.478515625,29311.02662,29868.578125,29712.54753
2017-05-20 22:30:00,29111.560546875,28203.80228,29185.5,28483.65019,29368.34375,29128.51711,29622.580078125,29311.02662,29872.00390625,29712.54753,30401.6875,30649.42966
2017-05-20 22:40:00,29154.0859375,28483.65019,29281.654296875,29128.51711,29510.29296875,29311.02662,29834.99609375,29712.54753,30133.9375,30649.42966,30675.814453125,32632.69962
2017-05-20 22:50:00,29512.62890625,29128.51711,29712.515625,29311.02662,30023.205078125,29712.54753,30454.189453125,30649.42966,30839.625,32632.69962,31448.25390625,35917.87072
2017-05-20 23:00:00,29967.97265625,29311.02662,30270.640625,29712.54753,30661.921875,30649.42966,31188.515625,32632.69962,31685.837890625,35917.87072,32326.19921875,37110.26616
2017-05-20 23:10:00,30734.9140625,29712.54753,31135.673828125,30649.42966,31623.525390625,32632.69962,32260.224609375,35917.87072,32856.28125,37110.26616,33578.95703125,37852.47148
2017-05-20 23:20:00,31648.109375,30649.42966,32145.466796875,32632.69962,32702.451171875,35917.87072,33417.0546875,37110.26616,34074.609375,37852.47148,34795.1875,37998.47909
2017-05-20 23:30:00,32887.96484375,32632.69962,33474.890625,35917.87072,34078.55859375,37110.26616,34853.015625,37852.47148,35549.05078125,37998.47909,36267.91015625,38059.31559
2017-05-20 23:40:00,34272.7109375,35917.87072,34931.01953125,37110.26616,35528.9765625,37852.47148,36258.93359375,37998.47909,36917.6015625,38059.31559,37540.6328125,38022.81369
2017-05-20 23:50:00,35663.05859375,37110.26616,36324.43359375,37852.47148,36893.79296875,37998.47909,37502.73828125,38059.31559,38083.11328125,38022.81369,38558.578125,38010.64639
2017-05-21 00:00:00,36795.234375,37852.47148,37376.44140625,37998.47909,37848.79296875,38059.31559,38223.3515625,38022.81369,38633.640625,38010.64639,38899.70703125,37803.80228
2017-05-21 00:10:00,37582.08203125,37998.47909,38104.8671875,38059.31559,38424.1953125,38022.81369,38554.34765625,38010.64639,38844.390625,37803.80228,38888.3515625,37682.12928
2017-05-21 00:20:00,37956.453125,38059.31559,38435.3671875,38022.81369,38609.421875,38010.64639,38585.921875,37803.80228,38788.140625,37682.12928,38677.6484375,37694.29658
2017-05-21 00:30:00,38133.4375,38022.81369,38556.49609375,38010.64639,38622.46484375,37803.80228,38514.52734375,37682.12928,38639.89453125,37694.29658,38438.98046875,37694.29658
2017-05-21 00:40:00,38098.453125,38010.64639,38457.6484375,37803.80228,38474.27734375,37682.12928,38320.2109375,37694.29658,38392.14453125,37694.29658,38127.03515625,37682.12928
2017-05-21 00:50:00,38157.74609375,37803.80228,38457.2890625,37682.12928,38461.53125,37694.29658,38260.515625,37694.29658,38278.91015625,37682.12928,37965.5859375,37548.28897
2017-05-21 01:00:00,38125.95703125,37682.12928,38379.0703125,37694.29658,38356.484375,37694.29658,38135.11328125,37682.12928,38126.04296875,37548.28897,37782.0546875,37280.60837
2017-05-21 01:10:00,38233.19921875,37694.29658,38436.703125,37694.29658,38398.12109375,37682.12928,38147.60546875,37548.28897,38117.875,37280.60837,37753.63671875,37183.26996
2017-05-21 01:20:00,38228.64453125,37694.29658,38369.58984375,37682.12928,38316.328125,37548.28897,38063.26953125,37280.60837,38011.14453125,37183.26996,37600.65625,37146.76806
2017-05-21 01:30:00,38340.359375,37682.12928,38440.69921875,37548.28897,38355.96875,37280.60837,38070.57421875,37183.26996,38018.765625,37146.76806,37587.9296875,37195.43726
2017-05-21 01:40:00,38252.38671875,37548.28897,38322.11328125,37280.60837,38211.97265625,37183.26996,37891.08984375,37146.76806,37858.31640625,37195.43726,37387.23828125,37171.10266
2017-05-21 01:50:00,38251.91796875,37280.60837,38278.34375,37183.26996,38141.65234375,37146.76806,37766.9140625,37195.43726,37726.4453125,37171.10266,37258.0546875,37037.26236
2017-05-21 02:00:00,38177.48046875,37183.26996,38166.09765625,37146.76806,37994.1796875,37195.43726,37581.45703125,37171.10266,37520.09765625,37037.26236,37082.38671875,36879.08745
2017-05-21 02:10:00,38103.609375,37146.76806,38055.61328125,37195.43726,37854.0703125,37171.10266,37389.94140625,37037.26236,37323.890625,36879.08745,36901.00390625,36623.57414
2017-05-21 02:20:00,37945.8046875,37195.43726,37850.62109375,37171.10266,37613.30078125,37037.26236,37118.921875,36879.08745,37042.9375,36623.57414,36640.12890625,36343.72624
2017-05-21 02:30:00,37856.06640625,37171.10266,37708.25,37037.26236,37437.1875,36879.08745,36903.35546875,36623.57414,36809.05078125,36343.72624,36431.75,35832.69962
2017-05-21 02:40:00,37686.375,37037.26236,37487.34375,36879.08745,37200.03515625,36623.57414,36638.40234375,36343.72624,36546.69921875,35832.69962,36181.48828125,35613.68821
2017-05-21 02:50:00,37554.06640625,36879.08745,37297.4296875,36623.57414,36990.26171875,36343.72624,36409.5703125,35832.69962,36279.2734375,35613.68821,35935.9765625,35297.3384
2017-05-21 03:00:00,37317.7421875,36623.57414,37007.5234375,36343.72624,36672.1953125,35832.69962,36063.3671875,35613.68821,35929.46875,35297.3384,35575.81640625,34591.63498
2017-05-21 03:10:00,37125.13671875,36343.72624,36765.09375,35832.69962,36429.52734375,35613.68821,35799.73046875,35297.3384,35648.99609375,34591.63498,35282.140625,34469.96198
2017-05-21 03:20:00,36847.2265625,35832.69962,36420.0078125,35613.68821,36076.48046875,35297.3384,35425.015625,34591.63498,35245.296875,34469.96198,34856.18359375,34920.15209
2017-05-21 03:30:00,36602.296875,35613.68821,36120.3828125,35297.3384,35783.03515625,34591.63498,35118.03125,34469.96198,34910.4453125,34920.15209,34484.59765625,34737.64259
2017-05-21 03:40:00,36270.51171875,35297.3384,35747.99609375,34591.63498,35369.875,34469.96198,34679.7578125,34920.15209,34433.265625,34737.64259,33980.578125,34323.95437
2017-05-21 03:50:00,35910.9921875,34591.63498,35363.60546875,34469.96198,34942.45703125,34920.15209,34221.625,34737.64259,33948.28515625,34323.95437,33463.875,33776.42586
2017-05-21 04:00:00,35533.3046875,34469.96198,34932.47265625,34920.15209,34481.54296875,34737.64259,33759.234375,34323.95437,33439.109375,33776.42586,32915.9921875,33387.07224
2017-05-21 04:10:00,35052.35546875,34920.15209,34440.94140625,34737.64259,33919.25390625,34323.95437,33187.94140625,33776.42586,32799.95703125,33387.07224,32246.615234375,32815.20913
2017-05-21 04:20:00,34479.546875,34737.64259,33849.96875,34323.95437,33265.8125,33776.42586,32541.240234375,33387.07224,32118.015625,32815.20913,31554.30859375,32158.1749
2017-05-21 04:30:00,34019.984375,34323.95437,33352.546875,33776.42586,32735.693359375,33387.07224,32026.927734375,32815.20913,31562.115234375,32158.1749,31000.47265625,31160.45627
2017-05-21 04:40:00,33350.4296875,33776.42586,32663.029296875,33387.07224,32011.87890625,32815.20913,31315.19140625,32158.1749,30805.341796875,31160.45627,30194.677734375,30430.41825
2017-05-21 04:50:00,32929.078125,33387.07224,32210.76953125,32815.20913,31537.7734375,32158.1749,30838.078125,31160.45627,30319.462890625,30430.41825,29703.2578125,29590.87452
2017-05-21 05:00:00,32236.23828125,32815.20913,31493.12109375,32158.1749,30771.412109375,31160.45627,30112.94921875,30430.41825,29565.607421875,29590.87452,28898.5,28958.1749
2017-05-21 05:10:00,31738.501953125,32158.1749,30965.98828125,31160.45627,30249.7109375,30430.41825,29596.744140625,29590.87452,29059.791015625,28958.1749,28405.857421875,28349.80989
